=== 280TopL: 1/3 PREPARE CAC ADAPTER ===
{
  "dataset": "280TopL",
  "source_imzml": "/datasets/zsuliman/msi_data/cac/280TopL.imzML",
  "source_mask": "/datasets/zsuliman/msi_data/cac/masks/280TopL_mask.npy",
  "output_h5": "/datasets/zsuliman/msi_data/cac_msipl/280TopL.h5",
  "spectra_shape_pixels_mz": [
    4160,
    1481
  ],
  "mz_range": [
    198.03334045410156,
    1060.679443359375
  ],
  "spatial_shape_y_x": [
    69,
    67
  ],
  "measured_coordinate_extent_y_x": [
    64,
    65
  ],
  "measured_pixels": 4160,
  "grid_pixels": 4623,
  "coverage_percent": 89.9848583171101,
  "class_counts_at_measured_pixels": {
    "0": 1615,
    "1": 1361,
    "2": 1184
  },
  "checks": {
    "shared_mz_axis": true,
    "mask_coordinate_alignment": true,
    "h5_round_trip": true,
    "intensity_transformation": "none"
  },
  "status": "valid"
}
=== 280TopL: 2/3 TRAIN FIXED-BETA LEGACY msiPL ===
=== LOADING DATA ===
Input: /datasets/zsuliman/msi_data/cac_msipl/280TopL.h5
HDF5 keys: ['Class_Label', 'Data', 'mzArray', 'xLocation', 'yLocation']
Raw Data shape: (4160, 1481)
mzArray shape: (1481,)
xLocation shape: (4160,)
yLocation shape: (4160,)
Final spectra shape: (4160, 1481)
m/z range: 198.033340 - 1060.679443

=== DATASET INFORMATION ===
Pixels: 4160
m/z features: 1481
Latent dimension: 5
Intermediate dimension: 512
Epochs: 100
Batch size: 128
Beta: 2.5

=== TIC-normalised spectra ===
shape: (4160, 1481)
dtype: float32
min: 0.0
max: 0.35237443
mean: 0.0006752192
std: 0.0060378695

Post-normalisation TIC range: 0.999999821186 - 1.000000238419

=== BUILDING LEGACY msiPL ===
==== Encoder Architecture...
__________________________________________________________________________________________________
Layer (type)                    Output Shape         Param #     Connected to                     
==================================================================================================
encoder_input (InputLayer)      (None, 1481)         0                                            
__________________________________________________________________________________________________
dense_1 (Dense)                 (None, 512)          758784      encoder_input[0][0]              
__________________________________________________________________________________________________
batch_normalization_1 (BatchNor (None, 512)          2048        dense_1[0][0]                    
__________________________________________________________________________________________________
activation_1 (Activation)       (None, 512)          0           batch_normalization_1[0][0]      
__________________________________________________________________________________________________
z_mean (Dense)                  (None, 5)            2565        activation_1[0][0]               
__________________________________________________________________________________________________
z_log_var (Dense)               (None, 5)            2565        activation_1[0][0]               
__________________________________________________________________________________________________
batch_normalization_2 (BatchNor (None, 5)            20          z_mean[0][0]                     
__________________________________________________________________________________________________
batch_normalization_3 (BatchNor (None, 5)            20          z_log_var[0][0]                  
__________________________________________________________________________________________________
z (Lambda)                      (None, 5)            0           batch_normalization_2[0][0]      
                                                                 batch_normalization_3[0][0]      
==================================================================================================
Total params: 766,002
Trainable params: 764,958
Non-trainable params: 1,044
__________________________________________________________________________________________________
==== Decoder Architecture...
_________________________________________________________________
Layer (type)                 Output Shape              Param #   
=================================================================
Latent_Space (InputLayer)    (None, 5)                 0         
_________________________________________________________________
dense_2 (Dense)              (None, 512)               3072      
_________________________________________________________________
batch_normalization_4 (Batch (None, 512)               2048      
_________________________________________________________________
activation_2 (Activation)    (None, 512)               0         
_________________________________________________________________
dense_3 (Dense)              (None, 1481)              759753    
=================================================================
Total params: 764,873
Trainable params: 763,849
Non-trainable params: 1,024
_________________________________________________________________

=== TRAINING ===
Epoch 1/100

 128/4160 [..............................] - ETA: 19s - loss: 10844.3184
 384/4160 [=>............................] - ETA: 6s - loss: 10629.3743 
 640/4160 [===>..........................] - ETA: 4s - loss: 10413.2832
 896/4160 [=====>........................] - ETA: 3s - loss: 10225.7139
1152/4160 [=======>......................] - ETA: 2s - loss: 10019.2743
1408/4160 [=========>....................] - ETA: 1s - loss: 9842.8778 
1664/4160 [===========>..................] - ETA: 1s - loss: 9677.6133
1920/4160 [============>.................] - ETA: 1s - loss: 9518.6357
2176/4160 [==============>...............] - ETA: 1s - loss: 9370.0157
2432/4160 [================>.............] - ETA: 0s - loss: 9234.2143
2688/4160 [==================>...........] - ETA: 0s - loss: 9108.0064
2944/4160 [====================>.........] - ETA: 0s - loss: 8988.3649
3200/4160 [======================>.......] - ETA: 0s - loss: 8889.7221
3456/4160 [=======================>......] - ETA: 0s - loss: 8807.5050
3712/4160 [=========================>....] - ETA: 0s - loss: 8722.3254
3968/4160 [===========================>..] - ETA: 0s - loss: 8648.8876
4160/4160 [==============================] - 2s 437us/step - loss: 8598.2370
Epoch 2/100

 128/4160 [..............................] - ETA: 1s - loss: 7240.9780
 384/4160 [=>............................] - ETA: 1s - loss: 7316.2240
 640/4160 [===>..........................] - ETA: 1s - loss: 7350.2849
 896/4160 [=====>........................] - ETA: 0s - loss: 7325.8592
1152/4160 [=======>......................] - ETA: 0s - loss: 7314.2868
1408/4160 [=========>....................] - ETA: 0s - loss: 7300.1228
1664/4160 [===========>..................] - ETA: 0s - loss: 7253.9068
1920/4160 [============>.................] - ETA: 0s - loss: 7244.6219
2176/4160 [==============>...............] - ETA: 0s - loss: 7245.8684
2432/4160 [================>.............] - ETA: 0s - loss: 7253.9932
2688/4160 [==================>...........] - ETA: 0s - loss: 7251.7614
2944/4160 [====================>.........] - ETA: 0s - loss: 7245.4144
3200/4160 [======================>.......] - ETA: 0s - loss: 7227.8399
3456/4160 [=======================>......] - ETA: 0s - loss: 7202.3054
3712/4160 [=========================>....] - ETA: 0s - loss: 7177.3262
3968/4160 [===========================>..] - ETA: 0s - loss: 7168.0994
4160/4160 [==============================] - 1s 305us/step - loss: 7165.9950
Epoch 3/100

 128/4160 [..............................] - ETA: 1s - loss: 7138.8066
 384/4160 [=>............................] - ETA: 1s - loss: 7119.2264
 640/4160 [===>..........................] - ETA: 1s - loss: 6917.3908
 896/4160 [=====>........................] - ETA: 0s - loss: 6882.6872
1152/4160 [=======>......................] - ETA: 0s - loss: 6930.9362
1408/4160 [=========>....................] - ETA: 0s - loss: 6939.6913
1664/4160 [===========>..................] - ETA: 0s - loss: 6957.1040
1920/4160 [============>.................] - ETA: 0s - loss: 6937.0724
2176/4160 [==============>...............] - ETA: 0s - loss: 6918.4227
2432/4160 [================>.............] - ETA: 0s - loss: 6935.4793
2688/4160 [==================>...........] - ETA: 0s - loss: 6910.0356
2944/4160 [====================>.........] - ETA: 0s - loss: 6900.4512
3200/4160 [======================>.......] - ETA: 0s - loss: 6869.8619
3456/4160 [=======================>......] - ETA: 0s - loss: 6865.8527
3712/4160 [=========================>....] - ETA: 0s - loss: 6870.5021
3968/4160 [===========================>..] - ETA: 0s - loss: 6861.6149
4160/4160 [==============================] - 1s 296us/step - loss: 6859.5361
Epoch 4/100

 128/4160 [..............................] - ETA: 1s - loss: 6880.3154
 384/4160 [=>............................] - ETA: 1s - loss: 6718.6787
 640/4160 [===>..........................] - ETA: 1s - loss: 6768.3764
 896/4160 [=====>........................] - ETA: 1s - loss: 6747.8537
1152/4160 [=======>......................] - ETA: 0s - loss: 6673.1795
1408/4160 [=========>....................] - ETA: 0s - loss: 6745.4641
1664/4160 [===========>..................] - ETA: 0s - loss: 6756.3328
1920/4160 [============>.................] - ETA: 0s - loss: 6780.0036
2176/4160 [==============>...............] - ETA: 0s - loss: 6763.1982
2432/4160 [================>.............] - ETA: 0s - loss: 6754.6871
2688/4160 [==================>...........] - ETA: 0s - loss: 6772.6582
2944/4160 [====================>.........] - ETA: 0s - loss: 6746.3933
3200/4160 [======================>.......] - ETA: 0s - loss: 6740.7753
3456/4160 [=======================>......] - ETA: 0s - loss: 6727.9822
3712/4160 [=========================>....] - ETA: 0s - loss: 6708.0249
3968/4160 [===========================>..] - ETA: 0s - loss: 6717.6967
4160/4160 [==============================] - 1s 294us/step - loss: 6717.1174
Epoch 5/100

 128/4160 [..............................] - ETA: 1s - loss: 6596.5449
 384/4160 [=>............................] - ETA: 1s - loss: 6359.5850
 640/4160 [===>..........................] - ETA: 1s - loss: 6427.6502
 896/4160 [=====>........................] - ETA: 0s - loss: 6504.9044
1152/4160 [=======>......................] - ETA: 0s - loss: 6479.6285
1408/4160 [=========>....................] - ETA: 0s - loss: 6580.8599
1664/4160 [===========>..................] - ETA: 0s - loss: 6643.8785
1920/4160 [============>.................] - ETA: 0s - loss: 6690.3234
2176/4160 [==============>...............] - ETA: 0s - loss: 6659.7811
2432/4160 [================>.............] - ETA: 0s - loss: 6681.1882
2688/4160 [==================>...........] - ETA: 0s - loss: 6680.5896
2944/4160 [====================>.........] - ETA: 0s - loss: 6660.6907
3200/4160 [======================>.......] - ETA: 0s - loss: 6666.1563
3456/4160 [=======================>......] - ETA: 0s - loss: 6676.7195
3712/4160 [=========================>....] - ETA: 0s - loss: 6684.4849
3968/4160 [===========================>..] - ETA: 0s - loss: 6667.3800
4160/4160 [==============================] - 1s 295us/step - loss: 6672.5085
Epoch 6/100

 128/4160 [..............................] - ETA: 1s - loss: 6862.2783
 384/4160 [=>............................] - ETA: 1s - loss: 6428.8639
 640/4160 [===>..........................] - ETA: 0s - loss: 6492.2357
 896/4160 [=====>........................] - ETA: 0s - loss: 6492.1991
1152/4160 [=======>......................] - ETA: 0s - loss: 6547.3229
1408/4160 [=========>....................] - ETA: 0s - loss: 6633.5836
1664/4160 [===========>..................] - ETA: 0s - loss: 6678.2610
1920/4160 [============>.................] - ETA: 0s - loss: 6644.2593
2176/4160 [==============>...............] - ETA: 0s - loss: 6637.8826
2432/4160 [================>.............] - ETA: 0s - loss: 6624.5764
2688/4160 [==================>...........] - ETA: 0s - loss: 6633.4370
2944/4160 [====================>.........] - ETA: 0s - loss: 6622.5256
3200/4160 [======================>.......] - ETA: 0s - loss: 6649.0829
3456/4160 [=======================>......] - ETA: 0s - loss: 6662.2692
3712/4160 [=========================>....] - ETA: 0s - loss: 6656.8819
3968/4160 [===========================>..] - ETA: 0s - loss: 6647.4970
4160/4160 [==============================] - 1s 289us/step - loss: 6650.8340
Epoch 7/100

 128/4160 [..............................] - ETA: 1s - loss: 6971.1533
 384/4160 [=>............................] - ETA: 1s - loss: 6444.5312
 640/4160 [===>..........................] - ETA: 1s - loss: 6625.7413
 896/4160 [=====>........................] - ETA: 0s - loss: 6521.3394
1152/4160 [=======>......................] - ETA: 0s - loss: 6597.6716
1408/4160 [=========>....................] - ETA: 0s - loss: 6627.0786
1664/4160 [===========>..................] - ETA: 0s - loss: 6623.7195
1920/4160 [============>.................] - ETA: 0s - loss: 6606.8785
2176/4160 [==============>...............] - ETA: 0s - loss: 6606.0098
2432/4160 [================>.............] - ETA: 0s - loss: 6596.1271
2688/4160 [==================>...........] - ETA: 0s - loss: 6594.3445
2944/4160 [====================>.........] - ETA: 0s - loss: 6567.3426
3200/4160 [======================>.......] - ETA: 0s - loss: 6566.0524
3456/4160 [=======================>......] - ETA: 0s - loss: 6571.9567
3712/4160 [=========================>....] - ETA: 0s - loss: 6598.3593
3968/4160 [===========================>..] - ETA: 0s - loss: 6617.1829
4160/4160 [==============================] - 1s 303us/step - loss: 6616.8225
Epoch 8/100

 128/4160 [..............................] - ETA: 1s - loss: 6801.4980
 384/4160 [=>............................] - ETA: 1s - loss: 6336.0677
 640/4160 [===>..........................] - ETA: 1s - loss: 6523.0312
 896/4160 [=====>........................] - ETA: 1s - loss: 6613.6453
1152/4160 [=======>......................] - ETA: 0s - loss: 6652.3530
1408/4160 [=========>....................] - ETA: 0s - loss: 6586.8156
1664/4160 [===========>..................] - ETA: 0s - loss: 6628.3300
1920/4160 [============>.................] - ETA: 0s - loss: 6577.3879
2176/4160 [==============>...............] - ETA: 0s - loss: 6598.7703
2432/4160 [================>.............] - ETA: 0s - loss: 6565.1219
2688/4160 [==================>...........] - ETA: 0s - loss: 6586.9482
2944/4160 [====================>.........] - ETA: 0s - loss: 6595.5831
3200/4160 [======================>.......] - ETA: 0s - loss: 6603.2355
3456/4160 [=======================>......] - ETA: 0s - loss: 6580.5213
3712/4160 [=========================>....] - ETA: 0s - loss: 6588.5872
3968/4160 [===========================>..] - ETA: 0s - loss: 6606.1974
4160/4160 [==============================] - 1s 285us/step - loss: 6587.9366
Epoch 9/100

 128/4160 [..............................] - ETA: 1s - loss: 6773.5771
 384/4160 [=>............................] - ETA: 1s - loss: 6570.9180
 640/4160 [===>..........................] - ETA: 1s - loss: 6687.1343
 896/4160 [=====>........................] - ETA: 0s - loss: 6586.1048
1152/4160 [=======>......................] - ETA: 0s - loss: 6550.0237
1408/4160 [=========>....................] - ETA: 0s - loss: 6496.3559
1664/4160 [===========>..................] - ETA: 0s - loss: 6519.8706
1920/4160 [============>.................] - ETA: 0s - loss: 6532.9005
2176/4160 [==============>...............] - ETA: 0s - loss: 6576.2555
2432/4160 [================>.............] - ETA: 0s - loss: 6582.1755
2688/4160 [==================>...........] - ETA: 0s - loss: 6572.1976
2944/4160 [====================>.........] - ETA: 0s - loss: 6530.4006
3200/4160 [======================>.......] - ETA: 0s - loss: 6534.1524
3456/4160 [=======================>......] - ETA: 0s - loss: 6562.6321
3712/4160 [=========================>....] - ETA: 0s - loss: 6553.0346
3968/4160 [===========================>..] - ETA: 0s - loss: 6567.5519
4160/4160 [==============================] - 1s 289us/step - loss: 6570.5420
Epoch 10/100

 128/4160 [..............................] - ETA: 1s - loss: 6089.6436
 384/4160 [=>............................] - ETA: 1s - loss: 6324.9624
 640/4160 [===>..........................] - ETA: 0s - loss: 6365.9751
 896/4160 [=====>........................] - ETA: 0s - loss: 6480.2924
1152/4160 [=======>......................] - ETA: 0s - loss: 6482.5184
1408/4160 [=========>....................] - ETA: 0s - loss: 6500.1743
1664/4160 [===========>..................] - ETA: 0s - loss: 6531.9826
1920/4160 [============>.................] - ETA: 0s - loss: 6554.8644
2176/4160 [==============>...............] - ETA: 0s - loss: 6531.2962
2432/4160 [================>.............] - ETA: 0s - loss: 6549.4381
2688/4160 [==================>...........] - ETA: 0s - loss: 6533.7855
2944/4160 [====================>.........] - ETA: 0s - loss: 6541.7319
3200/4160 [======================>.......] - ETA: 0s - loss: 6537.5708
3456/4160 [=======================>......] - ETA: 0s - loss: 6542.8818
3712/4160 [=========================>....] - ETA: 0s - loss: 6552.7114
3968/4160 [===========================>..] - ETA: 0s - loss: 6571.6906
4160/4160 [==============================] - 1s 289us/step - loss: 6571.4460
Epoch 11/100

 128/4160 [..............................] - ETA: 1s - loss: 6826.7109
 384/4160 [=>............................] - ETA: 0s - loss: 6606.1284
 640/4160 [===>..........................] - ETA: 0s - loss: 6571.8057
 896/4160 [=====>........................] - ETA: 0s - loss: 6612.2297
1152/4160 [=======>......................] - ETA: 0s - loss: 6637.8215
1408/4160 [=========>....................] - ETA: 0s - loss: 6618.5585
1664/4160 [===========>..................] - ETA: 0s - loss: 6614.4680
1920/4160 [============>.................] - ETA: 0s - loss: 6611.6980
2176/4160 [==============>...............] - ETA: 0s - loss: 6601.8756
2432/4160 [================>.............] - ETA: 0s - loss: 6596.1150
2688/4160 [==================>...........] - ETA: 0s - loss: 6544.0440
2944/4160 [====================>.........] - ETA: 0s - loss: 6548.0336
3200/4160 [======================>.......] - ETA: 0s - loss: 6557.0640
3456/4160 [=======================>......] - ETA: 0s - loss: 6553.1194
3712/4160 [=========================>....] - ETA: 0s - loss: 6575.4714
3968/4160 [===========================>..] - ETA: 0s - loss: 6566.8172
4160/4160 [==============================] - 1s 292us/step - loss: 6546.2059
Epoch 12/100

 128/4160 [..............................] - ETA: 1s - loss: 5880.0605
 384/4160 [=>............................] - ETA: 1s - loss: 6439.7861
 640/4160 [===>..........................] - ETA: 1s - loss: 6540.7687
 896/4160 [=====>........................] - ETA: 0s - loss: 6601.7565
1152/4160 [=======>......................] - ETA: 0s - loss: 6575.2323
1408/4160 [=========>....................] - ETA: 0s - loss: 6551.4125
1664/4160 [===========>..................] - ETA: 0s - loss: 6546.8413
1920/4160 [============>.................] - ETA: 0s - loss: 6589.6601
2176/4160 [==============>...............] - ETA: 0s - loss: 6538.5621
2432/4160 [================>.............] - ETA: 0s - loss: 6542.3901
2688/4160 [==================>...........] - ETA: 0s - loss: 6515.0585
2944/4160 [====================>.........] - ETA: 0s - loss: 6492.3853
3200/4160 [======================>.......] - ETA: 0s - loss: 6506.6647
3456/4160 [=======================>......] - ETA: 0s - loss: 6531.1576
3712/4160 [=========================>....] - ETA: 0s - loss: 6531.1290
3968/4160 [===========================>..] - ETA: 0s - loss: 6554.8528
4160/4160 [==============================] - 1s 296us/step - loss: 6545.0951
Epoch 13/100

 128/4160 [..............................] - ETA: 1s - loss: 6772.8984
 384/4160 [=>............................] - ETA: 1s - loss: 6551.1624
 640/4160 [===>..........................] - ETA: 1s - loss: 6662.5453
 896/4160 [=====>........................] - ETA: 0s - loss: 6692.0361
1152/4160 [=======>......................] - ETA: 0s - loss: 6612.9852
1408/4160 [=========>....................] - ETA: 0s - loss: 6584.4702
1664/4160 [===========>..................] - ETA: 0s - loss: 6624.0762
1920/4160 [============>.................] - ETA: 0s - loss: 6617.5462
2176/4160 [==============>...............] - ETA: 0s - loss: 6630.4182
2432/4160 [================>.............] - ETA: 0s - loss: 6633.6217
2688/4160 [==================>...........] - ETA: 0s - loss: 6610.3959
2944/4160 [====================>.........] - ETA: 0s - loss: 6603.9774
3200/4160 [======================>.......] - ETA: 0s - loss: 6602.1467
3456/4160 [=======================>......] - ETA: 0s - loss: 6584.8480
3712/4160 [=========================>....] - ETA: 0s - loss: 6545.1689
3968/4160 [===========================>..] - ETA: 0s - loss: 6531.5991
4160/4160 [==============================] - 1s 297us/step - loss: 6507.9824
Epoch 14/100

 128/4160 [..............................] - ETA: 1s - loss: 5701.3115
 384/4160 [=>............................] - ETA: 1s - loss: 6129.2503
 640/4160 [===>..........................] - ETA: 1s - loss: 6247.3406
 896/4160 [=====>........................] - ETA: 1s - loss: 6504.7164
1152/4160 [=======>......................] - ETA: 0s - loss: 6594.4869
1408/4160 [=========>....................] - ETA: 0s - loss: 6584.2449
1664/4160 [===========>..................] - ETA: 0s - loss: 6538.8436
1920/4160 [============>.................] - ETA: 0s - loss: 6501.3848
2176/4160 [==============>...............] - ETA: 0s - loss: 6496.7983
2432/4160 [================>.............] - ETA: 0s - loss: 6542.3793
2688/4160 [==================>...........] - ETA: 0s - loss: 6531.7721
2944/4160 [====================>.........] - ETA: 0s - loss: 6541.1274
3200/4160 [======================>.......] - ETA: 0s - loss: 6535.5377
3456/4160 [=======================>......] - ETA: 0s - loss: 6519.7844
3712/4160 [=========================>....] - ETA: 0s - loss: 6526.9143
3968/4160 [===========================>..] - ETA: 0s - loss: 6539.1197
4160/4160 [==============================] - 1s 277us/step - loss: 6536.4549
Epoch 15/100

 128/4160 [..............................] - ETA: 1s - loss: 6039.0332
 384/4160 [=>............................] - ETA: 1s - loss: 6257.4782
 640/4160 [===>..........................] - ETA: 1s - loss: 6292.1521
 896/4160 [=====>........................] - ETA: 0s - loss: 6447.2561
1152/4160 [=======>......................] - ETA: 0s - loss: 6449.6026
1408/4160 [=========>....................] - ETA: 0s - loss: 6466.0583
1664/4160 [===========>..................] - ETA: 0s - loss: 6393.8807
1920/4160 [============>.................] - ETA: 0s - loss: 6418.0457
2176/4160 [==============>...............] - ETA: 0s - loss: 6400.4614
2432/4160 [================>.............] - ETA: 0s - loss: 6373.2845
2688/4160 [==================>...........] - ETA: 0s - loss: 6405.2359
2944/4160 [====================>.........] - ETA: 0s - loss: 6411.6802
3200/4160 [======================>.......] - ETA: 0s - loss: 6434.0895
3456/4160 [=======================>......] - ETA: 0s - loss: 6455.2554
3712/4160 [=========================>....] - ETA: 0s - loss: 6456.3979
3968/4160 [===========================>..] - ETA: 0s - loss: 6478.6958
4160/4160 [==============================] - 1s 295us/step - loss: 6481.9987
Epoch 16/100

 128/4160 [..............................] - ETA: 1s - loss: 6594.5195
 384/4160 [=>............................] - ETA: 1s - loss: 6464.0322
 640/4160 [===>..........................] - ETA: 1s - loss: 6431.5297
 896/4160 [=====>........................] - ETA: 0s - loss: 6543.4633
1152/4160 [=======>......................] - ETA: 0s - loss: 6418.7008
1408/4160 [=========>....................] - ETA: 0s - loss: 6350.1136
1664/4160 [===========>..................] - ETA: 0s - loss: 6404.0631
1920/4160 [============>.................] - ETA: 0s - loss: 6366.6743
2176/4160 [==============>...............] - ETA: 0s - loss: 6393.9399
2432/4160 [================>.............] - ETA: 0s - loss: 6430.8060
2688/4160 [==================>...........] - ETA: 0s - loss: 6444.3249
2944/4160 [====================>.........] - ETA: 0s - loss: 6429.2287
3200/4160 [======================>.......] - ETA: 0s - loss: 6428.4245
3456/4160 [=======================>......] - ETA: 0s - loss: 6442.9616
3712/4160 [=========================>....] - ETA: 0s - loss: 6473.2590
3968/4160 [===========================>..] - ETA: 0s - loss: 6484.1903
4160/4160 [==============================] - 1s 286us/step - loss: 6476.2957
Epoch 17/100

 128/4160 [..............................] - ETA: 1s - loss: 6671.9839
 384/4160 [=>............................] - ETA: 1s - loss: 6435.4814
 640/4160 [===>..........................] - ETA: 0s - loss: 6579.8062
 896/4160 [=====>........................] - ETA: 0s - loss: 6538.5140
1152/4160 [=======>......................] - ETA: 0s - loss: 6501.5615
1408/4160 [=========>....................] - ETA: 0s - loss: 6452.8873
1664/4160 [===========>..................] - ETA: 0s - loss: 6426.0198
1920/4160 [============>.................] - ETA: 0s - loss: 6379.3026
2176/4160 [==============>...............] - ETA: 0s - loss: 6386.9183
2432/4160 [================>.............] - ETA: 0s - loss: 6393.5660
2688/4160 [==================>...........] - ETA: 0s - loss: 6385.9502
2944/4160 [====================>.........] - ETA: 0s - loss: 6357.2961
3200/4160 [======================>.......] - ETA: 0s - loss: 6377.6858
3456/4160 [=======================>......] - ETA: 0s - loss: 6412.7061
3712/4160 [=========================>....] - ETA: 0s - loss: 6433.4691
3968/4160 [===========================>..] - ETA: 0s - loss: 6456.1164
4160/4160 [==============================] - 1s 281us/step - loss: 6447.1590
Epoch 18/100

 128/4160 [..............................] - ETA: 1s - loss: 6683.2666
 384/4160 [=>............................] - ETA: 1s - loss: 6285.8265
 640/4160 [===>..........................] - ETA: 1s - loss: 6339.4957
 896/4160 [=====>........................] - ETA: 0s - loss: 6410.4584
1152/4160 [=======>......................] - ETA: 0s - loss: 6378.8494
1408/4160 [=========>....................] - ETA: 0s - loss: 6395.3633
1664/4160 [===========>..................] - ETA: 0s - loss: 6375.5279
1920/4160 [============>.................] - ETA: 0s - loss: 6426.2372
2176/4160 [==============>...............] - ETA: 0s - loss: 6367.2120
2432/4160 [================>.............] - ETA: 0s - loss: 6380.5693
2688/4160 [==================>...........] - ETA: 0s - loss: 6423.0447
2944/4160 [====================>.........] - ETA: 0s - loss: 6431.7126
3200/4160 [======================>.......] - ETA: 0s - loss: 6432.4325
3456/4160 [=======================>......] - ETA: 0s - loss: 6460.7095
3712/4160 [=========================>....] - ETA: 0s - loss: 6463.4412
3968/4160 [===========================>..] - ETA: 0s - loss: 6465.1386
4160/4160 [==============================] - 1s 284us/step - loss: 6443.2827
Epoch 19/100

 128/4160 [..............................] - ETA: 1s - loss: 6788.7197
 384/4160 [=>............................] - ETA: 1s - loss: 6366.5456
 640/4160 [===>..........................] - ETA: 1s - loss: 6533.2871
 896/4160 [=====>........................] - ETA: 0s - loss: 6426.6051
1152/4160 [=======>......................] - ETA: 0s - loss: 6458.6157
1408/4160 [=========>....................] - ETA: 0s - loss: 6474.7289
1664/4160 [===========>..................] - ETA: 0s - loss: 6453.7965
1920/4160 [============>.................] - ETA: 0s - loss: 6486.0126
2176/4160 [==============>...............] - ETA: 0s - loss: 6526.6487
2432/4160 [================>.............] - ETA: 0s - loss: 6498.0832
2688/4160 [==================>...........] - ETA: 0s - loss: 6476.1370
2944/4160 [====================>.........] - ETA: 0s - loss: 6468.3645
3200/4160 [======================>.......] - ETA: 0s - loss: 6486.1317
3456/4160 [=======================>......] - ETA: 0s - loss: 6473.6554
3712/4160 [=========================>....] - ETA: 0s - loss: 6489.6395
3968/4160 [===========================>..] - ETA: 0s - loss: 6463.3459
4160/4160 [==============================] - 1s 291us/step - loss: 6433.0248
Epoch 20/100

 128/4160 [..............................] - ETA: 1s - loss: 6753.6699
 384/4160 [=>............................] - ETA: 1s - loss: 6378.5552
 640/4160 [===>..........................] - ETA: 0s - loss: 6330.7724
 896/4160 [=====>........................] - ETA: 0s - loss: 6358.6487
1152/4160 [=======>......................] - ETA: 0s - loss: 6239.7201
1408/4160 [=========>....................] - ETA: 0s - loss: 6170.7571
1664/4160 [===========>..................] - ETA: 0s - loss: 6242.3204
1920/4160 [============>.................] - ETA: 0s - loss: 6279.2573
2176/4160 [==============>...............] - ETA: 0s - loss: 6283.1450
2432/4160 [================>.............] - ETA: 0s - loss: 6342.1096
2688/4160 [==================>...........] - ETA: 0s - loss: 6311.4329
2944/4160 [====================>.........] - ETA: 0s - loss: 6355.6104
3200/4160 [======================>.......] - ETA: 0s - loss: 6375.4251
3456/4160 [=======================>......] - ETA: 0s - loss: 6379.7794
3712/4160 [=========================>....] - ETA: 0s - loss: 6398.3553
3968/4160 [===========================>..] - ETA: 0s - loss: 6411.4941
4160/4160 [==============================] - 1s 281us/step - loss: 6417.6645
Epoch 21/100

 128/4160 [..............................] - ETA: 1s - loss: 6780.9253
 384/4160 [=>............................] - ETA: 1s - loss: 6271.7944
 640/4160 [===>..........................] - ETA: 1s - loss: 6396.4639
 896/4160 [=====>........................] - ETA: 1s - loss: 6304.8883
1152/4160 [=======>......................] - ETA: 0s - loss: 6238.4580
1408/4160 [=========>....................] - ETA: 0s - loss: 6247.7813
1664/4160 [===========>..................] - ETA: 0s - loss: 6303.9980
1920/4160 [============>.................] - ETA: 0s - loss: 6282.5764
2176/4160 [==============>...............] - ETA: 0s - loss: 6321.7971
2432/4160 [================>.............] - ETA: 0s - loss: 6354.2181
2688/4160 [==================>...........] - ETA: 0s - loss: 6335.6845
2944/4160 [====================>.........] - ETA: 0s - loss: 6345.1102
3200/4160 [======================>.......] - ETA: 0s - loss: 6345.2540
3456/4160 [=======================>......] - ETA: 0s - loss: 6361.0144
3712/4160 [=========================>....] - ETA: 0s - loss: 6387.1806
3968/4160 [===========================>..] - ETA: 0s - loss: 6419.9137
4160/4160 [==============================] - 1s 296us/step - loss: 6415.2764
Epoch 22/100

 128/4160 [..............................] - ETA: 1s - loss: 6639.8779
 384/4160 [=>............................] - ETA: 1s - loss: 6536.3447
 640/4160 [===>..........................] - ETA: 1s - loss: 6481.1714
 896/4160 [=====>........................] - ETA: 0s - loss: 6406.5881
1152/4160 [=======>......................] - ETA: 0s - loss: 6297.5287
1408/4160 [=========>....................] - ETA: 0s - loss: 6358.8841
1664/4160 [===========>..................] - ETA: 0s - loss: 6372.0058
1920/4160 [============>.................] - ETA: 0s - loss: 6437.0795
2176/4160 [==============>...............] - ETA: 0s - loss: 6481.4353
2432/4160 [================>.............] - ETA: 0s - loss: 6456.3164
2688/4160 [==================>...........] - ETA: 0s - loss: 6488.5673
2944/4160 [====================>.........] - ETA: 0s - loss: 6469.7197
3200/4160 [======================>.......] - ETA: 0s - loss: 6464.5954
3456/4160 [=======================>......] - ETA: 0s - loss: 6436.4509
3712/4160 [=========================>....] - ETA: 0s - loss: 6421.4004
3968/4160 [===========================>..] - ETA: 0s - loss: 6414.9243
4160/4160 [==============================] - 1s 274us/step - loss: 6408.1410
Epoch 23/100

 128/4160 [..............................] - ETA: 1s - loss: 6662.8486
 384/4160 [=>............................] - ETA: 0s - loss: 6487.3561
 640/4160 [===>..........................] - ETA: 0s - loss: 6508.7588
 896/4160 [=====>........................] - ETA: 0s - loss: 6473.4678
1152/4160 [=======>......................] - ETA: 0s - loss: 6498.8227
1408/4160 [=========>....................] - ETA: 0s - loss: 6452.9770
1664/4160 [===========>..................] - ETA: 0s - loss: 6445.5933
1920/4160 [============>.................] - ETA: 0s - loss: 6448.8063
2176/4160 [==============>...............] - ETA: 0s - loss: 6379.0425
2432/4160 [================>.............] - ETA: 0s - loss: 6411.3969
2688/4160 [==================>...........] - ETA: 0s - loss: 6424.9604
2944/4160 [====================>.........] - ETA: 0s - loss: 6412.1772
3200/4160 [======================>.......] - ETA: 0s - loss: 6438.7243
3456/4160 [=======================>......] - ETA: 0s - loss: 6434.0795
3712/4160 [=========================>....] - ETA: 0s - loss: 6432.6709
3968/4160 [===========================>..] - ETA: 0s - loss: 6426.4753
4160/4160 [==============================] - 1s 271us/step - loss: 6396.1204
Epoch 24/100

 128/4160 [..............................] - ETA: 1s - loss: 5779.6899
 384/4160 [=>............................] - ETA: 1s - loss: 6208.1925
 640/4160 [===>..........................] - ETA: 1s - loss: 6299.6073
 896/4160 [=====>........................] - ETA: 0s - loss: 6418.1887
1152/4160 [=======>......................] - ETA: 0s - loss: 6467.2935
1408/4160 [=========>....................] - ETA: 0s - loss: 6432.3942
1664/4160 [===========>..................] - ETA: 0s - loss: 6341.3242
1920/4160 [============>.................] - ETA: 0s - loss: 6319.6034
2176/4160 [==============>...............] - ETA: 0s - loss: 6351.0203
2432/4160 [================>.............] - ETA: 0s - loss: 6369.5456
2688/4160 [==================>...........] - ETA: 0s - loss: 6383.6360
2944/4160 [====================>.........] - ETA: 0s - loss: 6377.7457
3200/4160 [======================>.......] - ETA: 0s - loss: 6358.3692
3456/4160 [=======================>......] - ETA: 0s - loss: 6364.1060
3712/4160 [=========================>....] - ETA: 0s - loss: 6383.9449
3968/4160 [===========================>..] - ETA: 0s - loss: 6394.0243
4160/4160 [==============================] - 1s 294us/step - loss: 6385.3986
Epoch 25/100

 128/4160 [..............................] - ETA: 1s - loss: 6049.4058
 384/4160 [=>............................] - ETA: 1s - loss: 5867.5256
 640/4160 [===>..........................] - ETA: 1s - loss: 6013.0178
 896/4160 [=====>........................] - ETA: 0s - loss: 6012.8963
1152/4160 [=======>......................] - ETA: 0s - loss: 6208.6182
1408/4160 [=========>....................] - ETA: 0s - loss: 6282.5831
1664/4160 [===========>..................] - ETA: 0s - loss: 6364.1895
1920/4160 [============>.................] - ETA: 0s - loss: 6353.7015
2176/4160 [==============>...............] - ETA: 0s - loss: 6404.6654
2432/4160 [================>.............] - ETA: 0s - loss: 6388.1507
2688/4160 [==================>...........] - ETA: 0s - loss: 6396.3844
2944/4160 [====================>.........] - ETA: 0s - loss: 6369.3847
3200/4160 [======================>.......] - ETA: 0s - loss: 6362.0310
3456/4160 [=======================>......] - ETA: 0s - loss: 6372.9820
3712/4160 [=========================>....] - ETA: 0s - loss: 6379.5596
3968/4160 [===========================>..] - ETA: 0s - loss: 6400.7384
4160/4160 [==============================] - 1s 293us/step - loss: 6390.6116
Epoch 26/100

 128/4160 [..............................] - ETA: 1s - loss: 5544.0435
 384/4160 [=>............................] - ETA: 1s - loss: 6227.1086
 640/4160 [===>..........................] - ETA: 1s - loss: 6290.4637
 896/4160 [=====>........................] - ETA: 1s - loss: 6318.5030
1152/4160 [=======>......................] - ETA: 0s - loss: 6419.0385
1408/4160 [=========>....................] - ETA: 0s - loss: 6471.9397
1664/4160 [===========>..................] - ETA: 0s - loss: 6450.2119
1920/4160 [============>.................] - ETA: 0s - loss: 6436.7302
2176/4160 [==============>...............] - ETA: 0s - loss: 6427.7072
2432/4160 [================>.............] - ETA: 0s - loss: 6455.8263
2688/4160 [==================>...........] - ETA: 0s - loss: 6398.8696
2944/4160 [====================>.........] - ETA: 0s - loss: 6397.0335
3200/4160 [======================>.......] - ETA: 0s - loss: 6415.5367
3456/4160 [=======================>......] - ETA: 0s - loss: 6372.5788
3712/4160 [=========================>....] - ETA: 0s - loss: 6354.2645
3968/4160 [===========================>..] - ETA: 0s - loss: 6372.0638
4160/4160 [==============================] - 1s 288us/step - loss: 6370.1921
Epoch 27/100

 128/4160 [..............................] - ETA: 1s - loss: 6861.8594
 384/4160 [=>............................] - ETA: 1s - loss: 6674.1637
 640/4160 [===>..........................] - ETA: 0s - loss: 6488.4508
 896/4160 [=====>........................] - ETA: 0s - loss: 6315.1210
1152/4160 [=======>......................] - ETA: 0s - loss: 6281.0768
1408/4160 [=========>....................] - ETA: 0s - loss: 6239.0821
1664/4160 [===========>..................] - ETA: 0s - loss: 6245.6663
1920/4160 [============>.................] - ETA: 0s - loss: 6267.5343
2176/4160 [==============>...............] - ETA: 0s - loss: 6313.5201
2432/4160 [================>.............] - ETA: 0s - loss: 6346.1963
2688/4160 [==================>...........] - ETA: 0s - loss: 6354.5263
2944/4160 [====================>.........] - ETA: 0s - loss: 6354.3234
3200/4160 [======================>.......] - ETA: 0s - loss: 6345.9843
3456/4160 [=======================>......] - ETA: 0s - loss: 6366.2694
3712/4160 [=========================>....] - ETA: 0s - loss: 6357.9305
3968/4160 [===========================>..] - ETA: 0s - loss: 6384.2580
4160/4160 [==============================] - 1s 280us/step - loss: 6374.6719
Epoch 28/100

 128/4160 [..............................] - ETA: 1s - loss: 5876.2148
 384/4160 [=>............................] - ETA: 1s - loss: 6230.3773
 640/4160 [===>..........................] - ETA: 1s - loss: 6437.0772
 896/4160 [=====>........................] - ETA: 0s - loss: 6297.0535
1152/4160 [=======>......................] - ETA: 0s - loss: 6282.7170
1408/4160 [=========>....................] - ETA: 0s - loss: 6237.0496
1664/4160 [===========>..................] - ETA: 0s - loss: 6267.7228
1920/4160 [============>.................] - ETA: 0s - loss: 6311.6006
2176/4160 [==============>...............] - ETA: 0s - loss: 6275.3445
2432/4160 [================>.............] - ETA: 0s - loss: 6298.7942
2688/4160 [==================>...........] - ETA: 0s - loss: 6280.9677
2944/4160 [====================>.........] - ETA: 0s - loss: 6314.3895
3200/4160 [======================>.......] - ETA: 0s - loss: 6302.0994
3456/4160 [=======================>......] - ETA: 0s - loss: 6338.2313
3712/4160 [=========================>....] - ETA: 0s - loss: 6368.5029
3968/4160 [===========================>..] - ETA: 0s - loss: 6375.4095
4160/4160 [==============================] - 1s 276us/step - loss: 6355.1828
Epoch 29/100

 128/4160 [..............................] - ETA: 1s - loss: 6354.1084
 384/4160 [=>............................] - ETA: 1s - loss: 6340.3872
 640/4160 [===>..........................] - ETA: 1s - loss: 6518.1731
 896/4160 [=====>........................] - ETA: 0s - loss: 6330.6925
1152/4160 [=======>......................] - ETA: 0s - loss: 6298.2380
1408/4160 [=========>....................] - ETA: 0s - loss: 6373.5101
1664/4160 [===========>..................] - ETA: 0s - loss: 6418.0098
1920/4160 [============>.................] - ETA: 0s - loss: 6447.2105
2176/4160 [==============>...............] - ETA: 0s - loss: 6423.1886
2432/4160 [================>.............] - ETA: 0s - loss: 6438.5553
2688/4160 [==================>...........] - ETA: 0s - loss: 6457.8631
2944/4160 [====================>.........] - ETA: 0s - loss: 6416.7307
3200/4160 [======================>.......] - ETA: 0s - loss: 6446.6231
3456/4160 [=======================>......] - ETA: 0s - loss: 6424.8961
3712/4160 [=========================>....] - ETA: 0s - loss: 6398.8078
3968/4160 [===========================>..] - ETA: 0s - loss: 6375.0022
4160/4160 [==============================] - 1s 277us/step - loss: 6353.4122
Epoch 30/100

 128/4160 [..............................] - ETA: 1s - loss: 6000.6509
 384/4160 [=>............................] - ETA: 1s - loss: 6293.6188
 640/4160 [===>..........................] - ETA: 0s - loss: 6333.4395
 896/4160 [=====>........................] - ETA: 0s - loss: 6236.9724
1152/4160 [=======>......................] - ETA: 0s - loss: 6272.6375
1408/4160 [=========>....................] - ETA: 0s - loss: 6321.4425
1664/4160 [===========>..................] - ETA: 0s - loss: 6357.2456
1920/4160 [============>.................] - ETA: 0s - loss: 6337.1957
2176/4160 [==============>...............] - ETA: 0s - loss: 6315.2280
2432/4160 [================>.............] - ETA: 0s - loss: 6351.8872
2688/4160 [==================>...........] - ETA: 0s - loss: 6368.0784
2944/4160 [====================>.........] - ETA: 0s - loss: 6353.7888
3200/4160 [======================>.......] - ETA: 0s - loss: 6388.8431
3456/4160 [=======================>......] - ETA: 0s - loss: 6397.8383
3712/4160 [=========================>....] - ETA: 0s - loss: 6370.8811
3968/4160 [===========================>..] - ETA: 0s - loss: 6352.8806
4160/4160 [==============================] - 1s 283us/step - loss: 6353.8574
Epoch 31/100

 128/4160 [..............................] - ETA: 1s - loss: 6508.4546
 384/4160 [=>............................] - ETA: 1s - loss: 6431.1976
 640/4160 [===>..........................] - ETA: 1s - loss: 6349.4072
 896/4160 [=====>........................] - ETA: 0s - loss: 6148.9694
1152/4160 [=======>......................] - ETA: 0s - loss: 6084.1319
1408/4160 [=========>....................] - ETA: 0s - loss: 6134.8946
1664/4160 [===========>..................] - ETA: 0s - loss: 6202.8830
1920/4160 [============>.................] - ETA: 0s - loss: 6229.5284
2176/4160 [==============>...............] - ETA: 0s - loss: 6280.4291
2432/4160 [================>.............] - ETA: 0s - loss: 6291.0484
2688/4160 [==================>...........] - ETA: 0s - loss: 6319.0068
2944/4160 [====================>.........] - ETA: 0s - loss: 6309.9490
3200/4160 [======================>.......] - ETA: 0s - loss: 6307.4548
3456/4160 [=======================>......] - ETA: 0s - loss: 6293.8974
3712/4160 [=========================>....] - ETA: 0s - loss: 6309.7735
3968/4160 [===========================>..] - ETA: 0s - loss: 6332.8924
4160/4160 [==============================] - 1s 295us/step - loss: 6331.2071
Epoch 32/100

 128/4160 [..............................] - ETA: 1s - loss: 6729.6943
 384/4160 [=>............................] - ETA: 1s - loss: 6659.3294
 640/4160 [===>..........................] - ETA: 1s - loss: 6581.1921
 896/4160 [=====>........................] - ETA: 1s - loss: 6485.0453
1152/4160 [=======>......................] - ETA: 0s - loss: 6520.6344
1408/4160 [=========>....................] - ETA: 0s - loss: 6540.6381
1664/4160 [===========>..................] - ETA: 0s - loss: 6484.3396
1920/4160 [============>.................] - ETA: 0s - loss: 6432.2701
2176/4160 [==============>...............] - ETA: 0s - loss: 6422.3215
2432/4160 [================>.............] - ETA: 0s - loss: 6429.2671
2688/4160 [==================>...........] - ETA: 0s - loss: 6404.1447
2944/4160 [====================>.........] - ETA: 0s - loss: 6371.8652
3200/4160 [======================>.......] - ETA: 0s - loss: 6341.0571
3456/4160 [=======================>......] - ETA: 0s - loss: 6374.5940
3712/4160 [=========================>....] - ETA: 0s - loss: 6341.7622
3968/4160 [===========================>..] - ETA: 0s - loss: 6317.8397
4160/4160 [==============================] - 1s 287us/step - loss: 6316.4897
Epoch 33/100

 128/4160 [..............................] - ETA: 1s - loss: 6334.2129
 384/4160 [=>............................] - ETA: 1s - loss: 6420.2780
 640/4160 [===>..........................] - ETA: 1s - loss: 6513.8256
 896/4160 [=====>........................] - ETA: 0s - loss: 6510.0874
1152/4160 [=======>......................] - ETA: 0s - loss: 6351.7956
1408/4160 [=========>....................] - ETA: 0s - loss: 6243.3827
1664/4160 [===========>..................] - ETA: 0s - loss: 6314.3118
1920/4160 [============>.................] - ETA: 0s - loss: 6266.9442
2176/4160 [==============>...............] - ETA: 0s - loss: 6290.7769
2432/4160 [================>.............] - ETA: 0s - loss: 6273.7973
2688/4160 [==================>...........] - ETA: 0s - loss: 6319.4806
2944/4160 [====================>.........] - ETA: 0s - loss: 6356.2788
3200/4160 [======================>.......] - ETA: 0s - loss: 6355.3578
3456/4160 [=======================>......] - ETA: 0s - loss: 6372.1461
3712/4160 [=========================>....] - ETA: 0s - loss: 6358.8290
3968/4160 [===========================>..] - ETA: 0s - loss: 6325.1748
4160/4160 [==============================] - 1s 284us/step - loss: 6327.3570
Epoch 34/100

 128/4160 [..............................] - ETA: 1s - loss: 6727.4370
 384/4160 [=>............................] - ETA: 1s - loss: 6606.6388
 640/4160 [===>..........................] - ETA: 1s - loss: 6566.2333
 896/4160 [=====>........................] - ETA: 0s - loss: 6554.0181
1152/4160 [=======>......................] - ETA: 0s - loss: 6454.9792
1408/4160 [=========>....................] - ETA: 0s - loss: 6430.1973
1664/4160 [===========>..................] - ETA: 0s - loss: 6425.7350
1920/4160 [============>.................] - ETA: 0s - loss: 6398.2488
2176/4160 [==============>...............] - ETA: 0s - loss: 6348.3964
2432/4160 [================>.............] - ETA: 0s - loss: 6387.4408
2688/4160 [==================>...........] - ETA: 0s - loss: 6361.7000
2944/4160 [====================>.........] - ETA: 0s - loss: 6367.9517
3200/4160 [======================>.......] - ETA: 0s - loss: 6360.0940
3456/4160 [=======================>......] - ETA: 0s - loss: 6387.9127
3712/4160 [=========================>....] - ETA: 0s - loss: 6354.8871
3968/4160 [===========================>..] - ETA: 0s - loss: 6328.8296
4160/4160 [==============================] - 1s 280us/step - loss: 6306.8108
Epoch 35/100

 128/4160 [..............................] - ETA: 1s - loss: 6626.1494
 384/4160 [=>............................] - ETA: 1s - loss: 5876.8721
 640/4160 [===>..........................] - ETA: 1s - loss: 6103.1179
 896/4160 [=====>........................] - ETA: 0s - loss: 6176.9923
1152/4160 [=======>......................] - ETA: 0s - loss: 6179.7931
1408/4160 [=========>....................] - ETA: 0s - loss: 6269.5894
1664/4160 [===========>..................] - ETA: 0s - loss: 6281.8095
1920/4160 [============>.................] - ETA: 0s - loss: 6351.0192
2176/4160 [==============>...............] - ETA: 0s - loss: 6350.0254
2432/4160 [================>.............] - ETA: 0s - loss: 6347.8454
2688/4160 [==================>...........] - ETA: 0s - loss: 6313.8734
2944/4160 [====================>.........] - ETA: 0s - loss: 6342.9216
3200/4160 [======================>.......] - ETA: 0s - loss: 6361.3437
3456/4160 [=======================>......] - ETA: 0s - loss: 6323.5974
3712/4160 [=========================>....] - ETA: 0s - loss: 6312.2469
3968/4160 [===========================>..] - ETA: 0s - loss: 6328.5940
4160/4160 [==============================] - 1s 281us/step - loss: 6321.2773
Epoch 36/100

 128/4160 [..............................] - ETA: 1s - loss: 6598.2451
 384/4160 [=>............................] - ETA: 1s - loss: 6013.3088
 640/4160 [===>..........................] - ETA: 1s - loss: 6286.5663
 896/4160 [=====>........................] - ETA: 0s - loss: 6239.6447
1152/4160 [=======>......................] - ETA: 0s - loss: 6272.6107
1408/4160 [=========>....................] - ETA: 0s - loss: 6365.1303
1664/4160 [===========>..................] - ETA: 0s - loss: 6361.0743
1920/4160 [============>.................] - ETA: 0s - loss: 6365.7433
2176/4160 [==============>...............] - ETA: 0s - loss: 6406.4169
2432/4160 [================>.............] - ETA: 0s - loss: 6414.3884
2688/4160 [==================>...........] - ETA: 0s - loss: 6376.6557
2944/4160 [====================>.........] - ETA: 0s - loss: 6387.4861
3200/4160 [======================>.......] - ETA: 0s - loss: 6350.1454
3456/4160 [=======================>......] - ETA: 0s - loss: 6337.8859
3712/4160 [=========================>....] - ETA: 0s - loss: 6320.0912
3968/4160 [===========================>..] - ETA: 0s - loss: 6302.1859
4160/4160 [==============================] - 1s 287us/step - loss: 6303.6228
Epoch 37/100

 128/4160 [..............................] - ETA: 1s - loss: 6821.7188
 384/4160 [=>............................] - ETA: 0s - loss: 6773.2889
 640/4160 [===>..........................] - ETA: 0s - loss: 6649.0051
 896/4160 [=====>........................] - ETA: 0s - loss: 6459.7310
1152/4160 [=======>......................] - ETA: 0s - loss: 6534.6214
1408/4160 [=========>....................] - ETA: 0s - loss: 6523.6899
1664/4160 [===========>..................] - ETA: 0s - loss: 6463.5360
1920/4160 [============>.................] - ETA: 0s - loss: 6491.0817
2176/4160 [==============>...............] - ETA: 0s - loss: 6437.3552
2432/4160 [================>.............] - ETA: 0s - loss: 6442.5280
2688/4160 [==================>...........] - ETA: 0s - loss: 6402.1092
2944/4160 [====================>.........] - ETA: 0s - loss: 6374.1763
3200/4160 [======================>.......] - ETA: 0s - loss: 6384.5516
3456/4160 [=======================>......] - ETA: 0s - loss: 6393.3710
3712/4160 [=========================>....] - ETA: 0s - loss: 6360.1977
3968/4160 [===========================>..] - ETA: 0s - loss: 6311.7317
4160/4160 [==============================] - 1s 285us/step - loss: 6299.1794
Epoch 38/100

 128/4160 [..............................] - ETA: 1s - loss: 6680.6504
 384/4160 [=>............................] - ETA: 1s - loss: 6623.6966
 640/4160 [===>..........................] - ETA: 1s - loss: 6336.2143
 896/4160 [=====>........................] - ETA: 0s - loss: 6330.5354
1152/4160 [=======>......................] - ETA: 0s - loss: 6424.3275
1408/4160 [=========>....................] - ETA: 0s - loss: 6471.7602
1664/4160 [===========>..................] - ETA: 0s - loss: 6388.9044
1920/4160 [============>.................] - ETA: 0s - loss: 6421.2289
2176/4160 [==============>...............] - ETA: 0s - loss: 6378.7584
2432/4160 [================>.............] - ETA: 0s - loss: 6369.2501
2688/4160 [==================>...........] - ETA: 0s - loss: 6395.4190
2944/4160 [====================>.........] - ETA: 0s - loss: 6397.3195
3200/4160 [======================>.......] - ETA: 0s - loss: 6376.8552
3456/4160 [=======================>......] - ETA: 0s - loss: 6360.1953
3712/4160 [=========================>....] - ETA: 0s - loss: 6345.5742
3968/4160 [===========================>..] - ETA: 0s - loss: 6330.4083
4160/4160 [==============================] - 1s 271us/step - loss: 6293.3644
Epoch 39/100

 128/4160 [..............................] - ETA: 1s - loss: 6320.9976
 384/4160 [=>............................] - ETA: 1s - loss: 6158.3346
 640/4160 [===>..........................] - ETA: 1s - loss: 6151.0598
 896/4160 [=====>........................] - ETA: 0s - loss: 6346.6479
1152/4160 [=======>......................] - ETA: 0s - loss: 6227.6080
1408/4160 [=========>....................] - ETA: 0s - loss: 6284.8495
1664/4160 [===========>..................] - ETA: 0s - loss: 6316.4888
1920/4160 [============>.................] - ETA: 0s - loss: 6306.5184
2176/4160 [==============>...............] - ETA: 0s - loss: 6344.5677
2432/4160 [================>.............] - ETA: 0s - loss: 6378.3139
2688/4160 [==================>...........] - ETA: 0s - loss: 6395.6547
2944/4160 [====================>.........] - ETA: 0s - loss: 6368.6176
3200/4160 [======================>.......] - ETA: 0s - loss: 6352.1108
3456/4160 [=======================>......] - ETA: 0s - loss: 6302.2690
3712/4160 [=========================>....] - ETA: 0s - loss: 6307.2174
3968/4160 [===========================>..] - ETA: 0s - loss: 6305.9478
4160/4160 [==============================] - 1s 284us/step - loss: 6295.1463
Epoch 40/100

 128/4160 [..............................] - ETA: 1s - loss: 6487.9551
 384/4160 [=>............................] - ETA: 1s - loss: 6029.1325
 640/4160 [===>..........................] - ETA: 1s - loss: 6093.4116
 896/4160 [=====>........................] - ETA: 0s - loss: 6133.2702
1152/4160 [=======>......................] - ETA: 0s - loss: 6271.0384
1408/4160 [=========>....................] - ETA: 0s - loss: 6239.1188
1664/4160 [===========>..................] - ETA: 0s - loss: 6231.2828
1920/4160 [============>.................] - ETA: 0s - loss: 6243.5620
2176/4160 [==============>...............] - ETA: 0s - loss: 6284.9322
2432/4160 [================>.............] - ETA: 0s - loss: 6239.2975
2688/4160 [==================>...........] - ETA: 0s - loss: 6234.1515
2944/4160 [====================>.........] - ETA: 0s - loss: 6236.3232
3200/4160 [======================>.......] - ETA: 0s - loss: 6240.4317
3456/4160 [=======================>......] - ETA: 0s - loss: 6267.7508
3712/4160 [=========================>....] - ETA: 0s - loss: 6295.5822
3968/4160 [===========================>..] - ETA: 0s - loss: 6279.8006
4160/4160 [==============================] - 1s 284us/step - loss: 6280.4250
Epoch 41/100

 128/4160 [..............................] - ETA: 1s - loss: 5417.3301
 384/4160 [=>............................] - ETA: 1s - loss: 5599.1084
 640/4160 [===>..........................] - ETA: 0s - loss: 5970.7214
 896/4160 [=====>........................] - ETA: 0s - loss: 6017.5646
1152/4160 [=======>......................] - ETA: 0s - loss: 6144.2311
1408/4160 [=========>....................] - ETA: 0s - loss: 6158.0578
1664/4160 [===========>..................] - ETA: 0s - loss: 6249.5125
1920/4160 [============>.................] - ETA: 0s - loss: 6250.5272
2176/4160 [==============>...............] - ETA: 0s - loss: 6246.9366
2432/4160 [================>.............] - ETA: 0s - loss: 6257.5017
2688/4160 [==================>...........] - ETA: 0s - loss: 6257.8642
2944/4160 [====================>.........] - ETA: 0s - loss: 6266.2371
3200/4160 [======================>.......] - ETA: 0s - loss: 6284.3553
3456/4160 [=======================>......] - ETA: 0s - loss: 6278.6959
3712/4160 [=========================>....] - ETA: 0s - loss: 6287.3619
3968/4160 [===========================>..] - ETA: 0s - loss: 6297.7591
4160/4160 [==============================] - 1s 287us/step - loss: 6287.0536
Epoch 42/100

 128/4160 [..............................] - ETA: 1s - loss: 6660.5996
 384/4160 [=>............................] - ETA: 1s - loss: 6560.7178
 640/4160 [===>..........................] - ETA: 1s - loss: 6334.4410
 896/4160 [=====>........................] - ETA: 0s - loss: 6244.7686
1152/4160 [=======>......................] - ETA: 0s - loss: 6330.3216
1408/4160 [=========>....................] - ETA: 0s - loss: 6295.0791
1664/4160 [===========>..................] - ETA: 0s - loss: 6266.2248
1920/4160 [============>.................] - ETA: 0s - loss: 6312.3767
2176/4160 [==============>...............] - ETA: 0s - loss: 6226.4968
2432/4160 [================>.............] - ETA: 0s - loss: 6207.0977
2688/4160 [==================>...........] - ETA: 0s - loss: 6212.4783
2944/4160 [====================>.........] - ETA: 0s - loss: 6226.2606
3200/4160 [======================>.......] - ETA: 0s - loss: 6232.8946
3456/4160 [=======================>......] - ETA: 0s - loss: 6220.0199
3712/4160 [=========================>....] - ETA: 0s - loss: 6249.9277
3968/4160 [===========================>..] - ETA: 0s - loss: 6281.9627
4160/4160 [==============================] - 1s 279us/step - loss: 6270.7761
Epoch 43/100

 128/4160 [..............................] - ETA: 1s - loss: 5953.4971
 384/4160 [=>............................] - ETA: 1s - loss: 6182.5146
 640/4160 [===>..........................] - ETA: 1s - loss: 6116.2826
 896/4160 [=====>........................] - ETA: 0s - loss: 6097.3645
1152/4160 [=======>......................] - ETA: 0s - loss: 6217.1404
1408/4160 [=========>....................] - ETA: 0s - loss: 6213.6773
1664/4160 [===========>..................] - ETA: 0s - loss: 6225.8246
1920/4160 [============>.................] - ETA: 0s - loss: 6153.9129
2176/4160 [==============>...............] - ETA: 0s - loss: 6133.2525
2432/4160 [================>.............] - ETA: 0s - loss: 6186.8360
2688/4160 [==================>...........] - ETA: 0s - loss: 6210.1000
2944/4160 [====================>.........] - ETA: 0s - loss: 6241.2331
3200/4160 [======================>.......] - ETA: 0s - loss: 6268.9476
3456/4160 [=======================>......] - ETA: 0s - loss: 6229.2421
3712/4160 [=========================>....] - ETA: 0s - loss: 6252.0898
3968/4160 [===========================>..] - ETA: 0s - loss: 6265.8972
4160/4160 [==============================] - 1s 294us/step - loss: 6268.7793
Epoch 44/100

 128/4160 [..............................] - ETA: 1s - loss: 6546.6851
 384/4160 [=>............................] - ETA: 1s - loss: 6182.9634
 640/4160 [===>..........................] - ETA: 0s - loss: 6079.8507
 896/4160 [=====>........................] - ETA: 0s - loss: 6131.4406
1152/4160 [=======>......................] - ETA: 0s - loss: 6204.7305
1408/4160 [=========>....................] - ETA: 0s - loss: 6146.5791
1664/4160 [===========>..................] - ETA: 0s - loss: 6084.7669
1920/4160 [============>.................] - ETA: 0s - loss: 6140.6531
2176/4160 [==============>...............] - ETA: 0s - loss: 6208.9381
2432/4160 [================>.............] - ETA: 0s - loss: 6236.6263
2688/4160 [==================>...........] - ETA: 0s - loss: 6261.1306
2944/4160 [====================>.........] - ETA: 0s - loss: 6284.9952
3200/4160 [======================>.......] - ETA: 0s - loss: 6286.1197
3456/4160 [=======================>......] - ETA: 0s - loss: 6307.9021
3712/4160 [=========================>....] - ETA: 0s - loss: 6292.2476
3968/4160 [===========================>..] - ETA: 0s - loss: 6274.1779
4160/4160 [==============================] - 1s 273us/step - loss: 6271.1591
Epoch 45/100

 128/4160 [..............................] - ETA: 1s - loss: 6700.9766
 384/4160 [=>............................] - ETA: 1s - loss: 6505.6017
 640/4160 [===>..........................] - ETA: 1s - loss: 6321.9123
 896/4160 [=====>........................] - ETA: 0s - loss: 6342.0709
1152/4160 [=======>......................] - ETA: 0s - loss: 6187.8660
1408/4160 [=========>....................] - ETA: 0s - loss: 6288.7306
1664/4160 [===========>..................] - ETA: 0s - loss: 6324.4529
1920/4160 [============>.................] - ETA: 0s - loss: 6364.3082
2176/4160 [==============>...............] - ETA: 0s - loss: 6343.1480
2432/4160 [================>.............] - ETA: 0s - loss: 6372.3232
2688/4160 [==================>...........] - ETA: 0s - loss: 6331.2509
2944/4160 [====================>.........] - ETA: 0s - loss: 6297.0133
3200/4160 [======================>.......] - ETA: 0s - loss: 6320.9588
3456/4160 [=======================>......] - ETA: 0s - loss: 6327.1185
3712/4160 [=========================>....] - ETA: 0s - loss: 6313.9514
3968/4160 [===========================>..] - ETA: 0s - loss: 6293.3912
4160/4160 [==============================] - 1s 295us/step - loss: 6267.5300
Epoch 46/100

 128/4160 [..............................] - ETA: 1s - loss: 6317.1016
 384/4160 [=>............................] - ETA: 1s - loss: 6286.7869
 640/4160 [===>..........................] - ETA: 1s - loss: 6434.1899
 896/4160 [=====>........................] - ETA: 0s - loss: 6492.2696
1152/4160 [=======>......................] - ETA: 0s - loss: 6423.5976
1408/4160 [=========>....................] - ETA: 0s - loss: 6422.2870
1664/4160 [===========>..................] - ETA: 0s - loss: 6392.5458
1920/4160 [============>.................] - ETA: 0s - loss: 6376.7601
2176/4160 [==============>...............] - ETA: 0s - loss: 6348.0365
2432/4160 [================>.............] - ETA: 0s - loss: 6347.4679
2688/4160 [==================>...........] - ETA: 0s - loss: 6326.3270
2944/4160 [====================>.........] - ETA: 0s - loss: 6339.5119
3200/4160 [======================>.......] - ETA: 0s - loss: 6328.6629
3456/4160 [=======================>......] - ETA: 0s - loss: 6302.2662
3712/4160 [=========================>....] - ETA: 0s - loss: 6252.7656
3968/4160 [===========================>..] - ETA: 0s - loss: 6267.5168
4160/4160 [==============================] - 1s 267us/step - loss: 6262.8760
Epoch 47/100

 128/4160 [..............................] - ETA: 1s - loss: 5478.2227
 384/4160 [=>............................] - ETA: 1s - loss: 5861.4069
 640/4160 [===>..........................] - ETA: 0s - loss: 5945.4580
 896/4160 [=====>........................] - ETA: 0s - loss: 6103.3404
1152/4160 [=======>......................] - ETA: 0s - loss: 6230.2878
1408/4160 [=========>....................] - ETA: 0s - loss: 6302.3569
1664/4160 [===========>..................] - ETA: 0s - loss: 6338.7073
1920/4160 [============>.................] - ETA: 0s - loss: 6364.8219
2176/4160 [==============>...............] - ETA: 0s - loss: 6382.6498
2432/4160 [================>.............] - ETA: 0s - loss: 6319.5560
2688/4160 [==================>...........] - ETA: 0s - loss: 6313.4599
2944/4160 [====================>.........] - ETA: 0s - loss: 6306.4584
3200/4160 [======================>.......] - ETA: 0s - loss: 6327.1099
3456/4160 [=======================>......] - ETA: 0s - loss: 6280.4391
3712/4160 [=========================>....] - ETA: 0s - loss: 6285.1444
3968/4160 [===========================>..] - ETA: 0s - loss: 6276.3306
4160/4160 [==============================] - 1s 278us/step - loss: 6262.6724
Epoch 48/100

 128/4160 [..............................] - ETA: 1s - loss: 6687.8818
 384/4160 [=>............................] - ETA: 1s - loss: 6233.6123
 640/4160 [===>..........................] - ETA: 1s - loss: 6316.8776
 896/4160 [=====>........................] - ETA: 0s - loss: 6394.0415
1152/4160 [=======>......................] - ETA: 0s - loss: 6364.6532
1408/4160 [=========>....................] - ETA: 0s - loss: 6393.5491
1664/4160 [===========>..................] - ETA: 0s - loss: 6319.4987
1920/4160 [============>.................] - ETA: 0s - loss: 6294.3670
2176/4160 [==============>...............] - ETA: 0s - loss: 6340.1428
2432/4160 [================>.............] - ETA: 0s - loss: 6346.8534
2688/4160 [==================>...........] - ETA: 0s - loss: 6303.3933
2944/4160 [====================>.........] - ETA: 0s - loss: 6331.5073
3200/4160 [======================>.......] - ETA: 0s - loss: 6341.9581
3456/4160 [=======================>......] - ETA: 0s - loss: 6333.6013
3712/4160 [=========================>....] - ETA: 0s - loss: 6269.4986
3968/4160 [===========================>..] - ETA: 0s - loss: 6275.2684
4160/4160 [==============================] - 1s 284us/step - loss: 6245.2414
Epoch 49/100

 128/4160 [..............................] - ETA: 1s - loss: 6595.2539
 384/4160 [=>............................] - ETA: 1s - loss: 6480.7215
 640/4160 [===>..........................] - ETA: 1s - loss: 6198.3291
 896/4160 [=====>........................] - ETA: 0s - loss: 6096.8917
1152/4160 [=======>......................] - ETA: 0s - loss: 6109.7235
1408/4160 [=========>....................] - ETA: 0s - loss: 6031.2565
1664/4160 [===========>..................] - ETA: 0s - loss: 6070.5256
1920/4160 [============>.................] - ETA: 0s - loss: 6073.1126
2176/4160 [==============>...............] - ETA: 0s - loss: 6144.1120
2432/4160 [================>.............] - ETA: 0s - loss: 6189.9388
2688/4160 [==================>...........] - ETA: 0s - loss: 6224.2427
2944/4160 [====================>.........] - ETA: 0s - loss: 6244.1478
3200/4160 [======================>.......] - ETA: 0s - loss: 6228.4067
3456/4160 [=======================>......] - ETA: 0s - loss: 6256.3151
3712/4160 [=========================>....] - ETA: 0s - loss: 6258.9209
3968/4160 [===========================>..] - ETA: 0s - loss: 6258.2306
4160/4160 [==============================] - 1s 292us/step - loss: 6244.6463
Epoch 50/100

 128/4160 [..............................] - ETA: 1s - loss: 6555.7812
 384/4160 [=>............................] - ETA: 0s - loss: 6336.0241
 640/4160 [===>..........................] - ETA: 0s - loss: 6324.3012
 896/4160 [=====>........................] - ETA: 0s - loss: 6341.8150
1152/4160 [=======>......................] - ETA: 0s - loss: 6263.6867
1408/4160 [=========>....................] - ETA: 0s - loss: 6324.0699
1664/4160 [===========>..................] - ETA: 0s - loss: 6353.9855
1920/4160 [============>.................] - ETA: 0s - loss: 6324.8148
2176/4160 [==============>...............] - ETA: 0s - loss: 6243.5151
2432/4160 [================>.............] - ETA: 0s - loss: 6273.9700
2688/4160 [==================>...........] - ETA: 0s - loss: 6240.7798
2944/4160 [====================>.........] - ETA: 0s - loss: 6262.6249
3200/4160 [======================>.......] - ETA: 0s - loss: 6281.9331
3456/4160 [=======================>......] - ETA: 0s - loss: 6292.8043
3712/4160 [=========================>....] - ETA: 0s - loss: 6295.8852
3968/4160 [===========================>..] - ETA: 0s - loss: 6272.6850
4160/4160 [==============================] - 1s 286us/step - loss: 6238.7921
Epoch 51/100

 128/4160 [..............................] - ETA: 1s - loss: 5876.6309
 384/4160 [=>............................] - ETA: 1s - loss: 6071.8265
 640/4160 [===>..........................] - ETA: 1s - loss: 6353.7295
 896/4160 [=====>........................] - ETA: 0s - loss: 6318.0283
1152/4160 [=======>......................] - ETA: 0s - loss: 6322.0726
1408/4160 [=========>....................] - ETA: 0s - loss: 6288.5750
1664/4160 [===========>..................] - ETA: 0s - loss: 6329.2909
1920/4160 [============>.................] - ETA: 0s - loss: 6323.8834
2176/4160 [==============>...............] - ETA: 0s - loss: 6298.5162
2432/4160 [================>.............] - ETA: 0s - loss: 6261.9001
2688/4160 [==================>...........] - ETA: 0s - loss: 6262.7068
2944/4160 [====================>.........] - ETA: 0s - loss: 6258.8202
3200/4160 [======================>.......] - ETA: 0s - loss: 6273.6050
3456/4160 [=======================>......] - ETA: 0s - loss: 6248.2478
3712/4160 [=========================>....] - ETA: 0s - loss: 6256.2028
3968/4160 [===========================>..] - ETA: 0s - loss: 6244.6890
4160/4160 [==============================] - 1s 282us/step - loss: 6246.0740
Epoch 52/100

 128/4160 [..............................] - ETA: 1s - loss: 6043.4619
 384/4160 [=>............................] - ETA: 1s - loss: 6200.8439
 640/4160 [===>..........................] - ETA: 1s - loss: 6078.9767
 896/4160 [=====>........................] - ETA: 0s - loss: 6079.4980
1152/4160 [=======>......................] - ETA: 0s - loss: 6153.8188
1408/4160 [=========>....................] - ETA: 0s - loss: 6182.9704
1664/4160 [===========>..................] - ETA: 0s - loss: 6177.1078
1920/4160 [============>.................] - ETA: 0s - loss: 6151.0043
2176/4160 [==============>...............] - ETA: 0s - loss: 6150.8879
2432/4160 [================>.............] - ETA: 0s - loss: 6166.1610
2688/4160 [==================>...........] - ETA: 0s - loss: 6187.2492
2944/4160 [====================>.........] - ETA: 0s - loss: 6172.3111
3200/4160 [======================>.......] - ETA: 0s - loss: 6212.0330
3456/4160 [=======================>......] - ETA: 0s - loss: 6195.2779
3712/4160 [=========================>....] - ETA: 0s - loss: 6215.4553
3968/4160 [===========================>..] - ETA: 0s - loss: 6235.1912
4160/4160 [==============================] - 1s 284us/step - loss: 6229.6136
Epoch 53/100

 128/4160 [..............................] - ETA: 1s - loss: 6264.4419
 384/4160 [=>............................] - ETA: 1s - loss: 6473.2467
 640/4160 [===>..........................] - ETA: 0s - loss: 6430.7289
 896/4160 [=====>........................] - ETA: 0s - loss: 6489.9558
1152/4160 [=======>......................] - ETA: 0s - loss: 6268.7894
1408/4160 [=========>....................] - ETA: 0s - loss: 6199.7071
1664/4160 [===========>..................] - ETA: 0s - loss: 6201.2696
1920/4160 [============>.................] - ETA: 0s - loss: 6207.6703
2176/4160 [==============>...............] - ETA: 0s - loss: 6251.4428
2432/4160 [================>.............] - ETA: 0s - loss: 6278.1785
2688/4160 [==================>...........] - ETA: 0s - loss: 6300.8675
2944/4160 [====================>.........] - ETA: 0s - loss: 6298.0374
3200/4160 [======================>.......] - ETA: 0s - loss: 6287.7024
3456/4160 [=======================>......] - ETA: 0s - loss: 6240.9250
3712/4160 [=========================>....] - ETA: 0s - loss: 6248.2554
3968/4160 [===========================>..] - ETA: 0s - loss: 6246.0226
4160/4160 [==============================] - 1s 281us/step - loss: 6231.8695
Epoch 54/100

 128/4160 [..............................] - ETA: 1s - loss: 5692.0801
 384/4160 [=>............................] - ETA: 1s - loss: 6380.2972
 640/4160 [===>..........................] - ETA: 1s - loss: 6473.0689
 896/4160 [=====>........................] - ETA: 0s - loss: 6542.7491
1152/4160 [=======>......................] - ETA: 0s - loss: 6382.1241
1408/4160 [=========>....................] - ETA: 0s - loss: 6358.8800
1664/4160 [===========>..................] - ETA: 0s - loss: 6260.0904
1920/4160 [============>.................] - ETA: 0s - loss: 6286.2325
2176/4160 [==============>...............] - ETA: 0s - loss: 6308.4542
2432/4160 [================>.............] - ETA: 0s - loss: 6291.9630
2688/4160 [==================>...........] - ETA: 0s - loss: 6321.4740
2944/4160 [====================>.........] - ETA: 0s - loss: 6263.8037
3200/4160 [======================>.......] - ETA: 0s - loss: 6263.3616
3456/4160 [=======================>......] - ETA: 0s - loss: 6263.8138
3712/4160 [=========================>....] - ETA: 0s - loss: 6243.8429
3968/4160 [===========================>..] - ETA: 0s - loss: 6257.4015
4160/4160 [==============================] - 1s 288us/step - loss: 6232.7550
Epoch 55/100

 128/4160 [..............................] - ETA: 1s - loss: 5871.2993
 384/4160 [=>............................] - ETA: 1s - loss: 5827.8433
 640/4160 [===>..........................] - ETA: 1s - loss: 6060.1419
 896/4160 [=====>........................] - ETA: 0s - loss: 6149.6937
1152/4160 [=======>......................] - ETA: 0s - loss: 6135.4239
1408/4160 [=========>....................] - ETA: 0s - loss: 6072.6725
1664/4160 [===========>..................] - ETA: 0s - loss: 6060.5063
1920/4160 [============>.................] - ETA: 0s - loss: 5987.0013
2176/4160 [==============>...............] - ETA: 0s - loss: 6043.2289
2432/4160 [================>.............] - ETA: 0s - loss: 6069.9668
2688/4160 [==================>...........] - ETA: 0s - loss: 6121.6555
2944/4160 [====================>.........] - ETA: 0s - loss: 6151.2736
3200/4160 [======================>.......] - ETA: 0s - loss: 6192.3365
3456/4160 [=======================>......] - ETA: 0s - loss: 6196.7788
3712/4160 [=========================>....] - ETA: 0s - loss: 6211.5738
3968/4160 [===========================>..] - ETA: 0s - loss: 6227.7448
4160/4160 [==============================] - 1s 275us/step - loss: 6230.1351
Epoch 56/100

 128/4160 [..............................] - ETA: 1s - loss: 6037.2549
 384/4160 [=>............................] - ETA: 1s - loss: 6077.8006
 640/4160 [===>..........................] - ETA: 0s - loss: 6029.7786
 896/4160 [=====>........................] - ETA: 0s - loss: 6046.3010
1152/4160 [=======>......................] - ETA: 0s - loss: 5977.7761
1408/4160 [=========>....................] - ETA: 0s - loss: 6042.1774
1664/4160 [===========>..................] - ETA: 0s - loss: 6123.8845
1920/4160 [============>.................] - ETA: 0s - loss: 6143.4542
2176/4160 [==============>...............] - ETA: 0s - loss: 6142.4781
2432/4160 [================>.............] - ETA: 0s - loss: 6123.3601
2688/4160 [==================>...........] - ETA: 0s - loss: 6162.3312
2944/4160 [====================>.........] - ETA: 0s - loss: 6159.1161
3200/4160 [======================>.......] - ETA: 0s - loss: 6198.3628
3456/4160 [=======================>......] - ETA: 0s - loss: 6182.8528
3712/4160 [=========================>....] - ETA: 0s - loss: 6209.4642
3968/4160 [===========================>..] - ETA: 0s - loss: 6234.2215
4160/4160 [==============================] - 1s 273us/step - loss: 6222.5453
Epoch 57/100

 128/4160 [..............................] - ETA: 1s - loss: 5572.3398
 384/4160 [=>............................] - ETA: 1s - loss: 5902.2786
 640/4160 [===>..........................] - ETA: 1s - loss: 6041.9424
 896/4160 [=====>........................] - ETA: 0s - loss: 5876.0826
1152/4160 [=======>......................] - ETA: 0s - loss: 6039.2112
1408/4160 [=========>....................] - ETA: 0s - loss: 6092.2959
1664/4160 [===========>..................] - ETA: 0s - loss: 6166.9999
1920/4160 [============>.................] - ETA: 0s - loss: 6177.2274
2176/4160 [==============>...............] - ETA: 0s - loss: 6149.4462
2432/4160 [================>.............] - ETA: 0s - loss: 6092.7625
2688/4160 [==================>...........] - ETA: 0s - loss: 6116.8414
2944/4160 [====================>.........] - ETA: 0s - loss: 6144.6660
3200/4160 [======================>.......] - ETA: 0s - loss: 6156.7652
3456/4160 [=======================>......] - ETA: 0s - loss: 6177.6646
3712/4160 [=========================>....] - ETA: 0s - loss: 6196.4971
3968/4160 [===========================>..] - ETA: 0s - loss: 6214.8728
4160/4160 [==============================] - 1s 273us/step - loss: 6218.5565
Epoch 58/100

 128/4160 [..............................] - ETA: 1s - loss: 5952.7314
 384/4160 [=>............................] - ETA: 1s - loss: 6345.6208
 640/4160 [===>..........................] - ETA: 1s - loss: 6215.2265
 896/4160 [=====>........................] - ETA: 1s - loss: 6149.6811
1152/4160 [=======>......................] - ETA: 0s - loss: 6247.5208
1408/4160 [=========>....................] - ETA: 0s - loss: 6275.2664
1664/4160 [===========>..................] - ETA: 0s - loss: 6307.2602
1920/4160 [============>.................] - ETA: 0s - loss: 6331.5842
2176/4160 [==============>...............] - ETA: 0s - loss: 6300.2907
2432/4160 [================>.............] - ETA: 0s - loss: 6269.7006
2688/4160 [==================>...........] - ETA: 0s - loss: 6265.1611
2944/4160 [====================>.........] - ETA: 0s - loss: 6222.6730
3200/4160 [======================>.......] - ETA: 0s - loss: 6255.2304
3456/4160 [=======================>......] - ETA: 0s - loss: 6207.4778
3712/4160 [=========================>....] - ETA: 0s - loss: 6198.4732
3968/4160 [===========================>..] - ETA: 0s - loss: 6217.4482
4160/4160 [==============================] - 1s 287us/step - loss: 6218.5281
Epoch 59/100

 128/4160 [..............................] - ETA: 1s - loss: 6547.8154
 384/4160 [=>............................] - ETA: 1s - loss: 6269.5801
 640/4160 [===>..........................] - ETA: 1s - loss: 6437.0551
 896/4160 [=====>........................] - ETA: 0s - loss: 6448.2109
1152/4160 [=======>......................] - ETA: 0s - loss: 6364.7762
1408/4160 [=========>....................] - ETA: 0s - loss: 6339.0589
1664/4160 [===========>..................] - ETA: 0s - loss: 6381.5942
1920/4160 [============>.................] - ETA: 0s - loss: 6383.8109
2176/4160 [==============>...............] - ETA: 0s - loss: 6376.3434
2432/4160 [================>.............] - ETA: 0s - loss: 6352.9920
2688/4160 [==================>...........] - ETA: 0s - loss: 6337.7256
2944/4160 [====================>.........] - ETA: 0s - loss: 6357.4716
3200/4160 [======================>.......] - ETA: 0s - loss: 6276.4518
3456/4160 [=======================>......] - ETA: 0s - loss: 6277.5642
3712/4160 [=========================>....] - ETA: 0s - loss: 6263.0577
3968/4160 [===========================>..] - ETA: 0s - loss: 6247.6455
4160/4160 [==============================] - 1s 269us/step - loss: 6217.5591
Epoch 60/100

 128/4160 [..............................] - ETA: 1s - loss: 6233.4639
 384/4160 [=>............................] - ETA: 1s - loss: 6425.7355
 640/4160 [===>..........................] - ETA: 0s - loss: 6252.2955
 896/4160 [=====>........................] - ETA: 0s - loss: 6240.6537
1152/4160 [=======>......................] - ETA: 0s - loss: 6252.3167
1408/4160 [=========>....................] - ETA: 0s - loss: 6314.8319
1664/4160 [===========>..................] - ETA: 0s - loss: 6257.4251
1920/4160 [============>.................] - ETA: 0s - loss: 6183.0508
2176/4160 [==============>...............] - ETA: 0s - loss: 6192.5649
2432/4160 [================>.............] - ETA: 0s - loss: 6238.4791
2688/4160 [==================>...........] - ETA: 0s - loss: 6286.5228
2944/4160 [====================>.........] - ETA: 0s - loss: 6269.4831
3200/4160 [======================>.......] - ETA: 0s - loss: 6276.6737
3456/4160 [=======================>......] - ETA: 0s - loss: 6282.7904
3712/4160 [=========================>....] - ETA: 0s - loss: 6256.9980
3968/4160 [===========================>..] - ETA: 0s - loss: 6257.4533
4160/4160 [==============================] - 1s 277us/step - loss: 6222.1662
Epoch 61/100

 128/4160 [..............................] - ETA: 1s - loss: 6464.1030
 384/4160 [=>............................] - ETA: 1s - loss: 6213.4644
 640/4160 [===>..........................] - ETA: 0s - loss: 6207.8505
 896/4160 [=====>........................] - ETA: 0s - loss: 6286.0215
1152/4160 [=======>......................] - ETA: 0s - loss: 6358.8556
1408/4160 [=========>....................] - ETA: 0s - loss: 6311.3063
1664/4160 [===========>..................] - ETA: 0s - loss: 6340.8534
1920/4160 [============>.................] - ETA: 0s - loss: 6346.0724
2176/4160 [==============>...............] - ETA: 0s - loss: 6280.6808
2432/4160 [================>.............] - ETA: 0s - loss: 6264.5243
2688/4160 [==================>...........] - ETA: 0s - loss: 6283.2005
2944/4160 [====================>.........] - ETA: 0s - loss: 6256.2383
3200/4160 [======================>.......] - ETA: 0s - loss: 6270.1034
3456/4160 [=======================>......] - ETA: 0s - loss: 6295.4481
3712/4160 [=========================>....] - ETA: 0s - loss: 6269.2398
3968/4160 [===========================>..] - ETA: 0s - loss: 6255.0176
4160/4160 [==============================] - 1s 291us/step - loss: 6210.2570
Epoch 62/100

 128/4160 [..............................] - ETA: 1s - loss: 6214.8281
 384/4160 [=>............................] - ETA: 1s - loss: 6237.1029
 640/4160 [===>..........................] - ETA: 1s - loss: 6374.0925
 896/4160 [=====>........................] - ETA: 0s - loss: 6140.4238
1152/4160 [=======>......................] - ETA: 0s - loss: 6204.4122
1408/4160 [=========>....................] - ETA: 0s - loss: 6284.6060
1664/4160 [===========>..................] - ETA: 0s - loss: 6290.1734
1920/4160 [============>.................] - ETA: 0s - loss: 6258.0563
2176/4160 [==============>...............] - ETA: 0s - loss: 6245.6320
2432/4160 [================>.............] - ETA: 0s - loss: 6273.7862
2688/4160 [==================>...........] - ETA: 0s - loss: 6209.0465
2944/4160 [====================>.........] - ETA: 0s - loss: 6249.1915
3200/4160 [======================>.......] - ETA: 0s - loss: 6280.6533
3456/4160 [=======================>......] - ETA: 0s - loss: 6274.9063
3712/4160 [=========================>....] - ETA: 0s - loss: 6248.2061
3968/4160 [===========================>..] - ETA: 0s - loss: 6222.3109
4160/4160 [==============================] - 1s 274us/step - loss: 6211.1197
Epoch 63/100

 128/4160 [..............................] - ETA: 1s - loss: 6790.1768
 384/4160 [=>............................] - ETA: 1s - loss: 6280.8610
 640/4160 [===>..........................] - ETA: 1s - loss: 6124.3877
 896/4160 [=====>........................] - ETA: 0s - loss: 6144.7400
1152/4160 [=======>......................] - ETA: 0s - loss: 6089.6751
1408/4160 [=========>....................] - ETA: 0s - loss: 6179.7512
1664/4160 [===========>..................] - ETA: 0s - loss: 6217.0432
1920/4160 [============>.................] - ETA: 0s - loss: 6263.6727
2176/4160 [==============>...............] - ETA: 0s - loss: 6188.2262
2432/4160 [================>.............] - ETA: 0s - loss: 6167.7299
2688/4160 [==================>...........] - ETA: 0s - loss: 6207.9810
2944/4160 [====================>.........] - ETA: 0s - loss: 6223.9164
3200/4160 [======================>.......] - ETA: 0s - loss: 6248.7196
3456/4160 [=======================>......] - ETA: 0s - loss: 6245.7537
3712/4160 [=========================>....] - ETA: 0s - loss: 6236.8017
3968/4160 [===========================>..] - ETA: 0s - loss: 6211.2616
4160/4160 [==============================] - 1s 294us/step - loss: 6210.6031
Epoch 64/100

 128/4160 [..............................] - ETA: 1s - loss: 5707.8252
 384/4160 [=>............................] - ETA: 1s - loss: 6067.4821
 640/4160 [===>..........................] - ETA: 1s - loss: 6172.8751
 896/4160 [=====>........................] - ETA: 0s - loss: 6130.7513
1152/4160 [=======>......................] - ETA: 0s - loss: 6112.4254
1408/4160 [=========>....................] - ETA: 0s - loss: 6141.2630
1664/4160 [===========>..................] - ETA: 0s - loss: 6129.3896
1920/4160 [============>.................] - ETA: 0s - loss: 6128.5936
2176/4160 [==============>...............] - ETA: 0s - loss: 6141.9015
2432/4160 [================>.............] - ETA: 0s - loss: 6125.2928
2688/4160 [==================>...........] - ETA: 0s - loss: 6150.0679
2944/4160 [====================>.........] - ETA: 0s - loss: 6189.9155
3200/4160 [======================>.......] - ETA: 0s - loss: 6181.1449
3456/4160 [=======================>......] - ETA: 0s - loss: 6167.3633
3712/4160 [=========================>....] - ETA: 0s - loss: 6198.2563
3968/4160 [===========================>..] - ETA: 0s - loss: 6212.0160
4160/4160 [==============================] - 1s 290us/step - loss: 6203.6653
Epoch 65/100

 128/4160 [..............................] - ETA: 1s - loss: 5683.5684
 384/4160 [=>............................] - ETA: 1s - loss: 5879.6880
 640/4160 [===>..........................] - ETA: 1s - loss: 6103.9797
 896/4160 [=====>........................] - ETA: 1s - loss: 6153.9817
1152/4160 [=======>......................] - ETA: 0s - loss: 6116.0334
1408/4160 [=========>....................] - ETA: 0s - loss: 6164.5168
1664/4160 [===========>..................] - ETA: 0s - loss: 6044.0866
1920/4160 [============>.................] - ETA: 0s - loss: 6042.7205
2176/4160 [==============>...............] - ETA: 0s - loss: 6098.4265
2432/4160 [================>.............] - ETA: 0s - loss: 6138.6363
2688/4160 [==================>...........] - ETA: 0s - loss: 6162.8771
2944/4160 [====================>.........] - ETA: 0s - loss: 6159.7193
3200/4160 [======================>.......] - ETA: 0s - loss: 6194.5293
3456/4160 [=======================>......] - ETA: 0s - loss: 6198.1032
3712/4160 [=========================>....] - ETA: 0s - loss: 6204.9214
3968/4160 [===========================>..] - ETA: 0s - loss: 6226.5631
4160/4160 [==============================] - 1s 287us/step - loss: 6204.5922
Epoch 66/100

 128/4160 [..............................] - ETA: 1s - loss: 6381.1987
 384/4160 [=>............................] - ETA: 1s - loss: 6574.6069
 640/4160 [===>..........................] - ETA: 1s - loss: 6268.3334
 896/4160 [=====>........................] - ETA: 0s - loss: 6273.9556
1152/4160 [=======>......................] - ETA: 0s - loss: 6179.2259
1408/4160 [=========>....................] - ETA: 0s - loss: 6231.1038
1664/4160 [===========>..................] - ETA: 0s - loss: 6246.4977
1920/4160 [============>.................] - ETA: 0s - loss: 6270.1178
2176/4160 [==============>...............] - ETA: 0s - loss: 6250.7499
2432/4160 [================>.............] - ETA: 0s - loss: 6243.7780
2688/4160 [==================>...........] - ETA: 0s - loss: 6219.6408
2944/4160 [====================>.........] - ETA: 0s - loss: 6138.4582
3200/4160 [======================>.......] - ETA: 0s - loss: 6180.8197
3456/4160 [=======================>......] - ETA: 0s - loss: 6199.8637
3712/4160 [=========================>....] - ETA: 0s - loss: 6178.1443
3968/4160 [===========================>..] - ETA: 0s - loss: 6206.8934
4160/4160 [==============================] - 1s 291us/step - loss: 6202.5270
Epoch 67/100

 128/4160 [..............................] - ETA: 1s - loss: 5703.6509
 384/4160 [=>............................] - ETA: 1s - loss: 5886.9266
 640/4160 [===>..........................] - ETA: 1s - loss: 5987.6771
 896/4160 [=====>........................] - ETA: 0s - loss: 6103.3608
1152/4160 [=======>......................] - ETA: 0s - loss: 6120.2119
1408/4160 [=========>....................] - ETA: 0s - loss: 6077.1635
1664/4160 [===========>..................] - ETA: 0s - loss: 6101.8402
1920/4160 [============>.................] - ETA: 0s - loss: 6136.6799
2176/4160 [==============>...............] - ETA: 0s - loss: 6159.5933
2432/4160 [================>.............] - ETA: 0s - loss: 6194.7066
2688/4160 [==================>...........] - ETA: 0s - loss: 6223.9752
2944/4160 [====================>.........] - ETA: 0s - loss: 6246.6500
3200/4160 [======================>.......] - ETA: 0s - loss: 6221.1486
3456/4160 [=======================>......] - ETA: 0s - loss: 6245.5948
3712/4160 [=========================>....] - ETA: 0s - loss: 6221.5935
3968/4160 [===========================>..] - ETA: 0s - loss: 6236.8415
4160/4160 [==============================] - 1s 275us/step - loss: 6201.0797
Epoch 68/100

 128/4160 [..............................] - ETA: 1s - loss: 5683.8110
 384/4160 [=>............................] - ETA: 1s - loss: 6231.7482
 640/4160 [===>..........................] - ETA: 1s - loss: 6291.1428
 896/4160 [=====>........................] - ETA: 0s - loss: 6341.4756
1152/4160 [=======>......................] - ETA: 0s - loss: 6317.0792
1408/4160 [=========>....................] - ETA: 0s - loss: 6225.6934
1664/4160 [===========>..................] - ETA: 0s - loss: 6216.1271
1920/4160 [============>.................] - ETA: 0s - loss: 6243.4719
2176/4160 [==============>...............] - ETA: 0s - loss: 6166.4773
2432/4160 [================>.............] - ETA: 0s - loss: 6148.5610
2688/4160 [==================>...........] - ETA: 0s - loss: 6169.1834
2944/4160 [====================>.........] - ETA: 0s - loss: 6156.7642
3200/4160 [======================>.......] - ETA: 0s - loss: 6185.5801
3456/4160 [=======================>......] - ETA: 0s - loss: 6161.5993
3712/4160 [=========================>....] - ETA: 0s - loss: 6189.8144
3968/4160 [===========================>..] - ETA: 0s - loss: 6206.7129
4160/4160 [==============================] - 1s 277us/step - loss: 6202.7936
Epoch 69/100

 128/4160 [..............................] - ETA: 1s - loss: 6230.6045
 384/4160 [=>............................] - ETA: 1s - loss: 6207.6043
 640/4160 [===>..........................] - ETA: 1s - loss: 6189.4564
 896/4160 [=====>........................] - ETA: 0s - loss: 6068.8116
1152/4160 [=======>......................] - ETA: 0s - loss: 6178.1757
1408/4160 [=========>....................] - ETA: 0s - loss: 6236.7719
1664/4160 [===========>..................] - ETA: 0s - loss: 6305.3354
1920/4160 [============>.................] - ETA: 0s - loss: 6268.3623
2176/4160 [==============>...............] - ETA: 0s - loss: 6298.9787
2432/4160 [================>.............] - ETA: 0s - loss: 6291.9008
2688/4160 [==================>...........] - ETA: 0s - loss: 6234.6493
2944/4160 [====================>.........] - ETA: 0s - loss: 6238.2574
3200/4160 [======================>.......] - ETA: 0s - loss: 6200.7036
3456/4160 [=======================>......] - ETA: 0s - loss: 6215.0792
3712/4160 [=========================>....] - ETA: 0s - loss: 6230.1792
3968/4160 [===========================>..] - ETA: 0s - loss: 6207.2023
4160/4160 [==============================] - 1s 286us/step - loss: 6195.8267
Epoch 70/100

 128/4160 [..............................] - ETA: 1s - loss: 6680.1201
 384/4160 [=>............................] - ETA: 1s - loss: 6538.9964
 640/4160 [===>..........................] - ETA: 1s - loss: 6394.3997
 896/4160 [=====>........................] - ETA: 0s - loss: 6353.0340
1152/4160 [=======>......................] - ETA: 0s - loss: 6269.3206
1408/4160 [=========>....................] - ETA: 0s - loss: 6169.5912
1664/4160 [===========>..................] - ETA: 0s - loss: 6114.4259
1920/4160 [============>.................] - ETA: 0s - loss: 6035.2352
2176/4160 [==============>...............] - ETA: 0s - loss: 6102.3270
2432/4160 [================>.............] - ETA: 0s - loss: 6140.9370
2688/4160 [==================>...........] - ETA: 0s - loss: 6161.2276
2944/4160 [====================>.........] - ETA: 0s - loss: 6171.9203
3200/4160 [======================>.......] - ETA: 0s - loss: 6149.5963
3456/4160 [=======================>......] - ETA: 0s - loss: 6151.1545
3712/4160 [=========================>....] - ETA: 0s - loss: 6168.9841
3968/4160 [===========================>..] - ETA: 0s - loss: 6198.8297
4160/4160 [==============================] - 1s 289us/step - loss: 6193.9253
Epoch 71/100

 128/4160 [..............................] - ETA: 1s - loss: 6538.8799
 384/4160 [=>............................] - ETA: 1s - loss: 6474.9482
 640/4160 [===>..........................] - ETA: 0s - loss: 6423.2408
 896/4160 [=====>........................] - ETA: 0s - loss: 6227.1735
1152/4160 [=======>......................] - ETA: 0s - loss: 6030.8245
1408/4160 [=========>....................] - ETA: 0s - loss: 6047.7530
1664/4160 [===========>..................] - ETA: 0s - loss: 6142.0468
1920/4160 [============>.................] - ETA: 0s - loss: 6180.8729
2176/4160 [==============>...............] - ETA: 0s - loss: 6226.6815
2432/4160 [================>.............] - ETA: 0s - loss: 6212.6552
2688/4160 [==================>...........] - ETA: 0s - loss: 6214.0293
2944/4160 [====================>.........] - ETA: 0s - loss: 6234.8152
3200/4160 [======================>.......] - ETA: 0s - loss: 6175.2997
3456/4160 [=======================>......] - ETA: 0s - loss: 6209.0767
3712/4160 [=========================>....] - ETA: 0s - loss: 6212.2980
3968/4160 [===========================>..] - ETA: 0s - loss: 6203.2288
4160/4160 [==============================] - 1s 283us/step - loss: 6198.2564
Epoch 72/100

 128/4160 [..............................] - ETA: 1s - loss: 6272.9072
 384/4160 [=>............................] - ETA: 1s - loss: 6012.4393
 640/4160 [===>..........................] - ETA: 1s - loss: 5789.4286
 896/4160 [=====>........................] - ETA: 0s - loss: 5930.7492
1152/4160 [=======>......................] - ETA: 0s - loss: 5910.8366
1408/4160 [=========>....................] - ETA: 0s - loss: 5985.2791
1664/4160 [===========>..................] - ETA: 0s - loss: 6059.3533
1920/4160 [============>.................] - ETA: 0s - loss: 6021.3471
2176/4160 [==============>...............] - ETA: 0s - loss: 6075.6747
2432/4160 [================>.............] - ETA: 0s - loss: 6139.7887
2688/4160 [==================>...........] - ETA: 0s - loss: 6098.7551
2944/4160 [====================>.........] - ETA: 0s - loss: 6123.8121
3200/4160 [======================>.......] - ETA: 0s - loss: 6146.1952
3456/4160 [=======================>......] - ETA: 0s - loss: 6161.4344
3712/4160 [=========================>....] - ETA: 0s - loss: 6187.1593
3968/4160 [===========================>..] - ETA: 0s - loss: 6193.4256
4160/4160 [==============================] - 1s 287us/step - loss: 6189.8464
Epoch 73/100

 128/4160 [..............................] - ETA: 1s - loss: 6026.9316
 384/4160 [=>............................] - ETA: 1s - loss: 6262.7671
 640/4160 [===>..........................] - ETA: 0s - loss: 6191.9675
 896/4160 [=====>........................] - ETA: 0s - loss: 6033.4983
1152/4160 [=======>......................] - ETA: 0s - loss: 6158.4157
1408/4160 [=========>....................] - ETA: 0s - loss: 6080.5471
1664/4160 [===========>..................] - ETA: 0s - loss: 6104.1810
1920/4160 [============>.................] - ETA: 0s - loss: 6157.5086
2176/4160 [==============>...............] - ETA: 0s - loss: 6159.6708
2432/4160 [================>.............] - ETA: 0s - loss: 6124.0564
2688/4160 [==================>...........] - ETA: 0s - loss: 6100.0702
2944/4160 [====================>.........] - ETA: 0s - loss: 6151.3165
3200/4160 [======================>.......] - ETA: 0s - loss: 6167.4737
3456/4160 [=======================>......] - ETA: 0s - loss: 6178.8081
3712/4160 [=========================>....] - ETA: 0s - loss: 6177.9300
3968/4160 [===========================>..] - ETA: 0s - loss: 6190.5689
4160/4160 [==============================] - 1s 277us/step - loss: 6189.1485
Epoch 74/100

 128/4160 [..............................] - ETA: 1s - loss: 6376.2222
 384/4160 [=>............................] - ETA: 1s - loss: 6499.0754
 640/4160 [===>..........................] - ETA: 1s - loss: 6372.8716
 896/4160 [=====>........................] - ETA: 0s - loss: 6417.5334
1152/4160 [=======>......................] - ETA: 0s - loss: 6463.6507
1408/4160 [=========>....................] - ETA: 0s - loss: 6370.5096
1664/4160 [===========>..................] - ETA: 0s - loss: 6322.5414
1920/4160 [============>.................] - ETA: 0s - loss: 6254.0593
2176/4160 [==============>...............] - ETA: 0s - loss: 6235.4424
2432/4160 [================>.............] - ETA: 0s - loss: 6259.5814
2688/4160 [==================>...........] - ETA: 0s - loss: 6249.2866
2944/4160 [====================>.........] - ETA: 0s - loss: 6229.8966
3200/4160 [======================>.......] - ETA: 0s - loss: 6252.8244
3456/4160 [=======================>......] - ETA: 0s - loss: 6269.5084
3712/4160 [=========================>....] - ETA: 0s - loss: 6232.7485
3968/4160 [===========================>..] - ETA: 0s - loss: 6209.8394
4160/4160 [==============================] - 1s 289us/step - loss: 6189.7179
Epoch 75/100

 128/4160 [..............................] - ETA: 1s - loss: 6240.5010
 384/4160 [=>............................] - ETA: 1s - loss: 6265.2259
 640/4160 [===>..........................] - ETA: 1s - loss: 6367.3194
 896/4160 [=====>........................] - ETA: 0s - loss: 6302.8211
1152/4160 [=======>......................] - ETA: 0s - loss: 6309.7878
1408/4160 [=========>....................] - ETA: 0s - loss: 6265.4241
1664/4160 [===========>..................] - ETA: 0s - loss: 6287.8661
1920/4160 [============>.................] - ETA: 0s - loss: 6222.5007
2176/4160 [==============>...............] - ETA: 0s - loss: 6216.1093
2432/4160 [================>.............] - ETA: 0s - loss: 6168.5860
2688/4160 [==================>...........] - ETA: 0s - loss: 6221.4016
2944/4160 [====================>.........] - ETA: 0s - loss: 6212.2361
3200/4160 [======================>.......] - ETA: 0s - loss: 6221.8185
3456/4160 [=======================>......] - ETA: 0s - loss: 6177.4838
3712/4160 [=========================>....] - ETA: 0s - loss: 6203.7050
3968/4160 [===========================>..] - ETA: 0s - loss: 6191.7209
4160/4160 [==============================] - 1s 295us/step - loss: 6192.1082
Epoch 76/100

 128/4160 [..............................] - ETA: 1s - loss: 6525.6855
 384/4160 [=>............................] - ETA: 1s - loss: 6293.3766
 640/4160 [===>..........................] - ETA: 1s - loss: 5958.0383
 896/4160 [=====>........................] - ETA: 0s - loss: 5949.2942
1152/4160 [=======>......................] - ETA: 0s - loss: 6074.1318
1408/4160 [=========>....................] - ETA: 0s - loss: 6140.7745
1664/4160 [===========>..................] - ETA: 0s - loss: 6178.3892
1920/4160 [============>.................] - ETA: 0s - loss: 6217.1362
2176/4160 [==============>...............] - ETA: 0s - loss: 6245.9728
2432/4160 [================>.............] - ETA: 0s - loss: 6219.4703
2688/4160 [==================>...........] - ETA: 0s - loss: 6150.1056
2944/4160 [====================>.........] - ETA: 0s - loss: 6142.2449
3200/4160 [======================>.......] - ETA: 0s - loss: 6179.1452
3456/4160 [=======================>......] - ETA: 0s - loss: 6209.7719
3712/4160 [=========================>....] - ETA: 0s - loss: 6188.4244
3968/4160 [===========================>..] - ETA: 0s - loss: 6209.2065
4160/4160 [==============================] - 1s 287us/step - loss: 6194.8576
Epoch 77/100

 128/4160 [..............................] - ETA: 1s - loss: 6609.2983
 384/4160 [=>............................] - ETA: 1s - loss: 6254.9634
 640/4160 [===>..........................] - ETA: 1s - loss: 6182.9122
 896/4160 [=====>........................] - ETA: 0s - loss: 6223.6687
1152/4160 [=======>......................] - ETA: 0s - loss: 6254.4402
1408/4160 [=========>....................] - ETA: 0s - loss: 6299.0244
1664/4160 [===========>..................] - ETA: 0s - loss: 6276.8431
1920/4160 [============>.................] - ETA: 0s - loss: 6261.8111
2176/4160 [==============>...............] - ETA: 0s - loss: 6299.9702
2432/4160 [================>.............] - ETA: 0s - loss: 6246.4661
2688/4160 [==================>...........] - ETA: 0s - loss: 6193.1157
2944/4160 [====================>.........] - ETA: 0s - loss: 6222.8461
3200/4160 [======================>.......] - ETA: 0s - loss: 6227.7403
3456/4160 [=======================>......] - ETA: 0s - loss: 6190.1476
3712/4160 [=========================>....] - ETA: 0s - loss: 6188.9352
3968/4160 [===========================>..] - ETA: 0s - loss: 6192.8722
4160/4160 [==============================] - 1s 286us/step - loss: 6187.8802
Epoch 78/100

 128/4160 [..............................] - ETA: 1s - loss: 6254.6528
 384/4160 [=>............................] - ETA: 1s - loss: 6040.1455
 640/4160 [===>..........................] - ETA: 1s - loss: 6258.6907
 896/4160 [=====>........................] - ETA: 0s - loss: 6281.9302
1152/4160 [=======>......................] - ETA: 0s - loss: 6206.2245
1408/4160 [=========>....................] - ETA: 0s - loss: 6220.3044
1664/4160 [===========>..................] - ETA: 0s - loss: 6220.8835
1920/4160 [============>.................] - ETA: 0s - loss: 6256.3585
2176/4160 [==============>...............] - ETA: 0s - loss: 6243.0821
2432/4160 [================>.............] - ETA: 0s - loss: 6200.6293
2688/4160 [==================>...........] - ETA: 0s - loss: 6170.5621
2944/4160 [====================>.........] - ETA: 0s - loss: 6130.2079
3200/4160 [======================>.......] - ETA: 0s - loss: 6115.7051
3456/4160 [=======================>......] - ETA: 0s - loss: 6158.4807
3712/4160 [=========================>....] - ETA: 0s - loss: 6161.5043
3968/4160 [===========================>..] - ETA: 0s - loss: 6187.6783
4160/4160 [==============================] - 1s 266us/step - loss: 6181.2216
Epoch 79/100

 128/4160 [..............................] - ETA: 1s - loss: 6303.5986
 384/4160 [=>............................] - ETA: 1s - loss: 6402.1592
 640/4160 [===>..........................] - ETA: 0s - loss: 6395.5063
 896/4160 [=====>........................] - ETA: 0s - loss: 6335.1634
1152/4160 [=======>......................] - ETA: 0s - loss: 6286.2409
1408/4160 [=========>....................] - ETA: 0s - loss: 6312.7995
1664/4160 [===========>..................] - ETA: 0s - loss: 6233.9718
1920/4160 [============>.................] - ETA: 0s - loss: 6211.0426
2176/4160 [==============>...............] - ETA: 0s - loss: 6237.6189
2432/4160 [================>.............] - ETA: 0s - loss: 6269.6421
2688/4160 [==================>...........] - ETA: 0s - loss: 6295.7174
2944/4160 [====================>.........] - ETA: 0s - loss: 6279.5775
3200/4160 [======================>.......] - ETA: 0s - loss: 6248.9298
3456/4160 [=======================>......] - ETA: 0s - loss: 6249.7576
3712/4160 [=========================>....] - ETA: 0s - loss: 6239.6531
3968/4160 [===========================>..] - ETA: 0s - loss: 6204.2356
4160/4160 [==============================] - 1s 278us/step - loss: 6180.6386
Epoch 80/100

 128/4160 [..............................] - ETA: 1s - loss: 6387.1807
 384/4160 [=>............................] - ETA: 1s - loss: 6051.6208
 640/4160 [===>..........................] - ETA: 1s - loss: 6039.4940
 896/4160 [=====>........................] - ETA: 0s - loss: 6092.3224
1152/4160 [=======>......................] - ETA: 0s - loss: 6136.8085
1408/4160 [=========>....................] - ETA: 0s - loss: 6159.6789
1664/4160 [===========>..................] - ETA: 0s - loss: 6072.9421
1920/4160 [============>.................] - ETA: 0s - loss: 6115.7444
2176/4160 [==============>...............] - ETA: 0s - loss: 6154.6145
2432/4160 [================>.............] - ETA: 0s - loss: 6162.4930
2688/4160 [==================>...........] - ETA: 0s - loss: 6141.4515
2944/4160 [====================>.........] - ETA: 0s - loss: 6153.8360
3200/4160 [======================>.......] - ETA: 0s - loss: 6157.0153
3456/4160 [=======================>......] - ETA: 0s - loss: 6178.1807
3712/4160 [=========================>....] - ETA: 0s - loss: 6204.7121
3968/4160 [===========================>..] - ETA: 0s - loss: 6195.8128
4160/4160 [==============================] - 1s 276us/step - loss: 6181.5739
Epoch 81/100

 128/4160 [..............................] - ETA: 1s - loss: 6191.6865
 384/4160 [=>............................] - ETA: 1s - loss: 6287.0244
 640/4160 [===>..........................] - ETA: 1s - loss: 6343.8090
 896/4160 [=====>........................] - ETA: 0s - loss: 6173.9365
1152/4160 [=======>......................] - ETA: 0s - loss: 6083.6126
1408/4160 [=========>....................] - ETA: 0s - loss: 6060.7234
1664/4160 [===========>..................] - ETA: 0s - loss: 6129.6055
1920/4160 [============>.................] - ETA: 0s - loss: 6139.6256
2176/4160 [==============>...............] - ETA: 0s - loss: 6200.4316
2432/4160 [================>.............] - ETA: 0s - loss: 6159.7844
2688/4160 [==================>...........] - ETA: 0s - loss: 6188.7049
2944/4160 [====================>.........] - ETA: 0s - loss: 6193.6862
3200/4160 [======================>.......] - ETA: 0s - loss: 6217.0480
3456/4160 [=======================>......] - ETA: 0s - loss: 6186.1731
3712/4160 [=========================>....] - ETA: 0s - loss: 6154.3986
3968/4160 [===========================>..] - ETA: 0s - loss: 6179.6563
4160/4160 [==============================] - 1s 291us/step - loss: 6179.2534
Epoch 82/100

 128/4160 [..............................] - ETA: 1s - loss: 6648.8320
 384/4160 [=>............................] - ETA: 1s - loss: 5937.5146
 640/4160 [===>..........................] - ETA: 1s - loss: 6160.0150
 896/4160 [=====>........................] - ETA: 0s - loss: 6236.1775
1152/4160 [=======>......................] - ETA: 0s - loss: 6172.3800
1408/4160 [=========>....................] - ETA: 0s - loss: 6184.0779
1664/4160 [===========>..................] - ETA: 0s - loss: 6085.3575
1920/4160 [============>.................] - ETA: 0s - loss: 6109.7062
2176/4160 [==============>...............] - ETA: 0s - loss: 6091.2806
2432/4160 [================>.............] - ETA: 0s - loss: 6144.6833
2688/4160 [==================>...........] - ETA: 0s - loss: 6140.0740
2944/4160 [====================>.........] - ETA: 0s - loss: 6165.3442
3200/4160 [======================>.......] - ETA: 0s - loss: 6199.9285
3456/4160 [=======================>......] - ETA: 0s - loss: 6221.1733
3712/4160 [=========================>....] - ETA: 0s - loss: 6221.7375
3968/4160 [===========================>..] - ETA: 0s - loss: 6192.3083
4160/4160 [==============================] - 1s 272us/step - loss: 6177.7135
Epoch 83/100

 128/4160 [..............................] - ETA: 1s - loss: 6441.2329
 384/4160 [=>............................] - ETA: 1s - loss: 6517.8014
 640/4160 [===>..........................] - ETA: 1s - loss: 6239.3766
 896/4160 [=====>........................] - ETA: 0s - loss: 6279.5509
1152/4160 [=======>......................] - ETA: 0s - loss: 6169.8016
1408/4160 [=========>....................] - ETA: 0s - loss: 6180.4547
1664/4160 [===========>..................] - ETA: 0s - loss: 6205.6347
1920/4160 [============>.................] - ETA: 0s - loss: 6138.2476
2176/4160 [==============>...............] - ETA: 0s - loss: 6194.9807
2432/4160 [================>.............] - ETA: 0s - loss: 6125.1595
2688/4160 [==================>...........] - ETA: 0s - loss: 6162.9302
2944/4160 [====================>.........] - ETA: 0s - loss: 6149.3036
3200/4160 [======================>.......] - ETA: 0s - loss: 6184.5528
3456/4160 [=======================>......] - ETA: 0s - loss: 6185.8172
3712/4160 [=========================>....] - ETA: 0s - loss: 6177.7250
3968/4160 [===========================>..] - ETA: 0s - loss: 6179.1216
4160/4160 [==============================] - 1s 269us/step - loss: 6179.9821
Epoch 84/100

 128/4160 [..............................] - ETA: 1s - loss: 6431.7930
 384/4160 [=>............................] - ETA: 1s - loss: 6327.7380
 640/4160 [===>..........................] - ETA: 1s - loss: 6170.2797
 896/4160 [=====>........................] - ETA: 0s - loss: 6036.7252
1152/4160 [=======>......................] - ETA: 0s - loss: 6128.0949
1408/4160 [=========>....................] - ETA: 0s - loss: 6093.6005
1664/4160 [===========>..................] - ETA: 0s - loss: 6135.4132
1920/4160 [============>.................] - ETA: 0s - loss: 6170.4060
2176/4160 [==============>...............] - ETA: 0s - loss: 6190.2926
2432/4160 [================>.............] - ETA: 0s - loss: 6213.3822
2688/4160 [==================>...........] - ETA: 0s - loss: 6190.7999
2944/4160 [====================>.........] - ETA: 0s - loss: 6209.8224
3200/4160 [======================>.......] - ETA: 0s - loss: 6228.1747
3456/4160 [=======================>......] - ETA: 0s - loss: 6236.5499
3712/4160 [=========================>....] - ETA: 0s - loss: 6203.2154
3968/4160 [===========================>..] - ETA: 0s - loss: 6185.6322
4160/4160 [==============================] - 1s 262us/step - loss: 6176.7668
Epoch 85/100

 128/4160 [..............................] - ETA: 1s - loss: 6602.6235
 384/4160 [=>............................] - ETA: 1s - loss: 6295.6828
 640/4160 [===>..........................] - ETA: 1s - loss: 6330.8160
 896/4160 [=====>........................] - ETA: 0s - loss: 6363.1115
1152/4160 [=======>......................] - ETA: 0s - loss: 6401.7284
1408/4160 [=========>....................] - ETA: 0s - loss: 6431.8596
1664/4160 [===========>..................] - ETA: 0s - loss: 6372.9360
1920/4160 [============>.................] - ETA: 0s - loss: 6352.6016
2176/4160 [==============>...............] - ETA: 0s - loss: 6317.8740
2432/4160 [================>.............] - ETA: 0s - loss: 6305.6816
2688/4160 [==================>...........] - ETA: 0s - loss: 6275.5787
2944/4160 [====================>.........] - ETA: 0s - loss: 6260.7336
3200/4160 [======================>.......] - ETA: 0s - loss: 6227.4692
3456/4160 [=======================>......] - ETA: 0s - loss: 6245.3715
3712/4160 [=========================>....] - ETA: 0s - loss: 6222.7690
3968/4160 [===========================>..] - ETA: 0s - loss: 6188.9269
4160/4160 [==============================] - 1s 288us/step - loss: 6175.1933
Epoch 86/100

 128/4160 [..............................] - ETA: 1s - loss: 5682.5210
 384/4160 [=>............................] - ETA: 1s - loss: 6324.3348
 640/4160 [===>..........................] - ETA: 0s - loss: 6448.1443
 896/4160 [=====>........................] - ETA: 0s - loss: 6362.3843
1152/4160 [=======>......................] - ETA: 0s - loss: 6359.2164
1408/4160 [=========>....................] - ETA: 0s - loss: 6224.5154
1664/4160 [===========>..................] - ETA: 0s - loss: 6222.7263
1920/4160 [============>.................] - ETA: 0s - loss: 6206.2199
2176/4160 [==============>...............] - ETA: 0s - loss: 6238.1864
2432/4160 [================>.............] - ETA: 0s - loss: 6197.6510
2688/4160 [==================>...........] - ETA: 0s - loss: 6151.5508
2944/4160 [====================>.........] - ETA: 0s - loss: 6138.7868
3200/4160 [======================>.......] - ETA: 0s - loss: 6166.7113
3456/4160 [=======================>......] - ETA: 0s - loss: 6180.1470
3712/4160 [=========================>....] - ETA: 0s - loss: 6199.8356
3968/4160 [===========================>..] - ETA: 0s - loss: 6209.6411
4160/4160 [==============================] - 1s 281us/step - loss: 6178.6604
Epoch 87/100

 128/4160 [..............................] - ETA: 1s - loss: 6433.4189
 384/4160 [=>............................] - ETA: 1s - loss: 6326.9950
 640/4160 [===>..........................] - ETA: 1s - loss: 6346.6894
 896/4160 [=====>........................] - ETA: 0s - loss: 6387.1704
1152/4160 [=======>......................] - ETA: 0s - loss: 6242.9928
1408/4160 [=========>....................] - ETA: 0s - loss: 6227.1478
1664/4160 [===========>..................] - ETA: 0s - loss: 6219.7839
1920/4160 [============>.................] - ETA: 0s - loss: 6143.9615
2176/4160 [==============>...............] - ETA: 0s - loss: 6192.8056
2432/4160 [================>.............] - ETA: 0s - loss: 6204.6976
2688/4160 [==================>...........] - ETA: 0s - loss: 6232.7710
2944/4160 [====================>.........] - ETA: 0s - loss: 6219.9873
3200/4160 [======================>.......] - ETA: 0s - loss: 6176.9303
3456/4160 [=======================>......] - ETA: 0s - loss: 6178.7653
3712/4160 [=========================>....] - ETA: 0s - loss: 6159.3124
3968/4160 [===========================>..] - ETA: 0s - loss: 6174.8839
4160/4160 [==============================] - 1s 278us/step - loss: 6175.0797
Epoch 88/100

 128/4160 [..............................] - ETA: 1s - loss: 6180.9229
 384/4160 [=>............................] - ETA: 1s - loss: 6024.7152
 640/4160 [===>..........................] - ETA: 1s - loss: 5982.2879
 896/4160 [=====>........................] - ETA: 0s - loss: 6116.2179
1152/4160 [=======>......................] - ETA: 0s - loss: 6180.4276
1408/4160 [=========>....................] - ETA: 0s - loss: 6257.6631
1664/4160 [===========>..................] - ETA: 0s - loss: 6253.7194
1920/4160 [============>.................] - ETA: 0s - loss: 6223.0234
2176/4160 [==============>...............] - ETA: 0s - loss: 6215.9004
2432/4160 [================>.............] - ETA: 0s - loss: 6221.9806
2688/4160 [==================>...........] - ETA: 0s - loss: 6241.2689
2944/4160 [====================>.........] - ETA: 0s - loss: 6227.1160
3200/4160 [======================>.......] - ETA: 0s - loss: 6226.0605
3456/4160 [=======================>......] - ETA: 0s - loss: 6254.9273
3712/4160 [=========================>....] - ETA: 0s - loss: 6226.1596
3968/4160 [===========================>..] - ETA: 0s - loss: 6218.4978
4160/4160 [==============================] - 1s 275us/step - loss: 6171.2488
Epoch 89/100

 128/4160 [..............................] - ETA: 1s - loss: 6517.2949
 384/4160 [=>............................] - ETA: 1s - loss: 6152.4482
 640/4160 [===>..........................] - ETA: 0s - loss: 6105.1935
 896/4160 [=====>........................] - ETA: 0s - loss: 6269.9674
1152/4160 [=======>......................] - ETA: 0s - loss: 6299.9108
1408/4160 [=========>....................] - ETA: 0s - loss: 6284.6519
1664/4160 [===========>..................] - ETA: 0s - loss: 6302.0160
1920/4160 [============>.................] - ETA: 0s - loss: 6278.5804
2176/4160 [==============>...............] - ETA: 0s - loss: 6295.8604
2432/4160 [================>.............] - ETA: 0s - loss: 6324.1567
2688/4160 [==================>...........] - ETA: 0s - loss: 6335.3117
2944/4160 [====================>.........] - ETA: 0s - loss: 6267.9907
3200/4160 [======================>.......] - ETA: 0s - loss: 6210.0257
3456/4160 [=======================>......] - ETA: 0s - loss: 6215.1362
3712/4160 [=========================>....] - ETA: 0s - loss: 6241.0962
3968/4160 [===========================>..] - ETA: 0s - loss: 6195.3100
4160/4160 [==============================] - 1s 277us/step - loss: 6175.1991
Epoch 90/100

 128/4160 [..............................] - ETA: 1s - loss: 6716.5859
 384/4160 [=>............................] - ETA: 1s - loss: 6151.1519
 640/4160 [===>..........................] - ETA: 0s - loss: 6220.2988
 896/4160 [=====>........................] - ETA: 0s - loss: 6232.3305
1152/4160 [=======>......................] - ETA: 0s - loss: 6067.8397
1408/4160 [=========>....................] - ETA: 0s - loss: 6145.5310
1664/4160 [===========>..................] - ETA: 0s - loss: 6189.6907
1920/4160 [============>.................] - ETA: 0s - loss: 6181.1490
2176/4160 [==============>...............] - ETA: 0s - loss: 6135.9823
2432/4160 [================>.............] - ETA: 0s - loss: 6156.5152
2688/4160 [==================>...........] - ETA: 0s - loss: 6120.9601
2944/4160 [====================>.........] - ETA: 0s - loss: 6153.9498
3200/4160 [======================>.......] - ETA: 0s - loss: 6173.3088
3456/4160 [=======================>......] - ETA: 0s - loss: 6180.8524
3712/4160 [=========================>....] - ETA: 0s - loss: 6178.4148
3968/4160 [===========================>..] - ETA: 0s - loss: 6172.7748
4160/4160 [==============================] - 1s 264us/step - loss: 6171.7961
Epoch 91/100

 128/4160 [..............................] - ETA: 1s - loss: 6498.9814
 384/4160 [=>............................] - ETA: 1s - loss: 6125.2604
 640/4160 [===>..........................] - ETA: 0s - loss: 6323.8969
 896/4160 [=====>........................] - ETA: 0s - loss: 6350.1977
1152/4160 [=======>......................] - ETA: 0s - loss: 6292.1788
1408/4160 [=========>....................] - ETA: 0s - loss: 6343.2069
1664/4160 [===========>..................] - ETA: 0s - loss: 6240.0531
1920/4160 [============>.................] - ETA: 0s - loss: 6145.7309
2176/4160 [==============>...............] - ETA: 0s - loss: 6124.3828
2432/4160 [================>.............] - ETA: 0s - loss: 6120.4447
2688/4160 [==================>...........] - ETA: 0s - loss: 6157.9058
2944/4160 [====================>.........] - ETA: 0s - loss: 6180.5565
3200/4160 [======================>.......] - ETA: 0s - loss: 6131.2760
3456/4160 [=======================>......] - ETA: 0s - loss: 6151.6335
3712/4160 [=========================>....] - ETA: 0s - loss: 6157.9847
3968/4160 [===========================>..] - ETA: 0s - loss: 6167.9947
4160/4160 [==============================] - 1s 284us/step - loss: 6169.8006
Epoch 92/100

 128/4160 [..............................] - ETA: 1s - loss: 5504.8574
 384/4160 [=>............................] - ETA: 1s - loss: 6206.5011
 640/4160 [===>..........................] - ETA: 1s - loss: 6026.4909
 896/4160 [=====>........................] - ETA: 0s - loss: 5968.2017
1152/4160 [=======>......................] - ETA: 0s - loss: 5933.2288
1408/4160 [=========>....................] - ETA: 0s - loss: 6051.9616
1664/4160 [===========>..................] - ETA: 0s - loss: 6112.5877
1920/4160 [============>.................] - ETA: 0s - loss: 6102.2008
2176/4160 [==============>...............] - ETA: 0s - loss: 6055.6775
2432/4160 [================>.............] - ETA: 0s - loss: 6099.9591
2688/4160 [==================>...........] - ETA: 0s - loss: 6154.1184
2944/4160 [====================>.........] - ETA: 0s - loss: 6157.8552
3200/4160 [======================>.......] - ETA: 0s - loss: 6176.6172
3456/4160 [=======================>......] - ETA: 0s - loss: 6186.1220
3712/4160 [=========================>....] - ETA: 0s - loss: 6168.1413
3968/4160 [===========================>..] - ETA: 0s - loss: 6172.1425
4160/4160 [==============================] - 1s 288us/step - loss: 6168.1125
Epoch 93/100

 128/4160 [..............................] - ETA: 1s - loss: 6252.4878
 384/4160 [=>............................] - ETA: 1s - loss: 6306.0441
 640/4160 [===>..........................] - ETA: 1s - loss: 6408.0960
 896/4160 [=====>........................] - ETA: 0s - loss: 6448.1856
1152/4160 [=======>......................] - ETA: 0s - loss: 6365.8494
1408/4160 [=========>....................] - ETA: 0s - loss: 6342.1919
1664/4160 [===========>..................] - ETA: 0s - loss: 6365.3419
1920/4160 [============>.................] - ETA: 0s - loss: 6288.2912
2176/4160 [==============>...............] - ETA: 0s - loss: 6268.5572
2432/4160 [================>.............] - ETA: 0s - loss: 6283.8668
2688/4160 [==================>...........] - ETA: 0s - loss: 6298.4588
2944/4160 [====================>.........] - ETA: 0s - loss: 6299.3728
3200/4160 [======================>.......] - ETA: 0s - loss: 6308.2637
3456/4160 [=======================>......] - ETA: 0s - loss: 6282.1331
3712/4160 [=========================>....] - ETA: 0s - loss: 6250.3182
3968/4160 [===========================>..] - ETA: 0s - loss: 6190.6365
4160/4160 [==============================] - 1s 286us/step - loss: 6166.6909
Epoch 94/100

 128/4160 [..............................] - ETA: 1s - loss: 6502.6006
 384/4160 [=>............................] - ETA: 1s - loss: 6119.9491
 640/4160 [===>..........................] - ETA: 1s - loss: 6124.6395
 896/4160 [=====>........................] - ETA: 0s - loss: 6207.1526
1152/4160 [=======>......................] - ETA: 0s - loss: 6274.2783
1408/4160 [=========>....................] - ETA: 0s - loss: 6187.3949
1664/4160 [===========>..................] - ETA: 0s - loss: 6161.5828
1920/4160 [============>.................] - ETA: 0s - loss: 6182.4516
2176/4160 [==============>...............] - ETA: 0s - loss: 6212.5017
2432/4160 [================>.............] - ETA: 0s - loss: 6250.2659
2688/4160 [==================>...........] - ETA: 0s - loss: 6223.6274
2944/4160 [====================>.........] - ETA: 0s - loss: 6165.0048
3200/4160 [======================>.......] - ETA: 0s - loss: 6145.6266
3456/4160 [=======================>......] - ETA: 0s - loss: 6170.4510
3712/4160 [=========================>....] - ETA: 0s - loss: 6196.8830
3968/4160 [===========================>..] - ETA: 0s - loss: 6182.8561
4160/4160 [==============================] - 1s 267us/step - loss: 6170.1852
Epoch 95/100

 128/4160 [..............................] - ETA: 1s - loss: 6692.2061
 384/4160 [=>............................] - ETA: 1s - loss: 6188.3623
 640/4160 [===>..........................] - ETA: 1s - loss: 6146.2736
 896/4160 [=====>........................] - ETA: 0s - loss: 6052.6571
1152/4160 [=======>......................] - ETA: 0s - loss: 6113.0008
1408/4160 [=========>....................] - ETA: 0s - loss: 6166.7187
1664/4160 [===========>..................] - ETA: 0s - loss: 6211.1006
1920/4160 [============>.................] - ETA: 0s - loss: 6180.8100
2176/4160 [==============>...............] - ETA: 0s - loss: 6221.5734
2432/4160 [================>.............] - ETA: 0s - loss: 6150.8837
2688/4160 [==================>...........] - ETA: 0s - loss: 6128.2208
2944/4160 [====================>.........] - ETA: 0s - loss: 6136.0372
3200/4160 [======================>.......] - ETA: 0s - loss: 6148.7110
3456/4160 [=======================>......] - ETA: 0s - loss: 6155.6842
3712/4160 [=========================>....] - ETA: 0s - loss: 6176.6595
3968/4160 [===========================>..] - ETA: 0s - loss: 6188.3204
4160/4160 [==============================] - 1s 281us/step - loss: 6167.6247
Epoch 96/100

 128/4160 [..............................] - ETA: 1s - loss: 5826.1782
 384/4160 [=>............................] - ETA: 1s - loss: 5982.0830
 640/4160 [===>..........................] - ETA: 1s - loss: 6180.1412
 896/4160 [=====>........................] - ETA: 0s - loss: 6109.3722
1152/4160 [=======>......................] - ETA: 0s - loss: 6073.1964
1408/4160 [=========>....................] - ETA: 0s - loss: 6031.8522
1664/4160 [===========>..................] - ETA: 0s - loss: 6075.2605
1920/4160 [============>.................] - ETA: 0s - loss: 6051.3188
2176/4160 [==============>...............] - ETA: 0s - loss: 6098.9830
2432/4160 [================>.............] - ETA: 0s - loss: 6133.1622
2688/4160 [==================>...........] - ETA: 0s - loss: 6143.8307
2944/4160 [====================>.........] - ETA: 0s - loss: 6178.3586
3200/4160 [======================>.......] - ETA: 0s - loss: 6165.1228
3456/4160 [=======================>......] - ETA: 0s - loss: 6175.4393
3712/4160 [=========================>....] - ETA: 0s - loss: 6193.7882
3968/4160 [===========================>..] - ETA: 0s - loss: 6173.0104
4160/4160 [==============================] - 1s 274us/step - loss: 6168.0555
Epoch 97/100

 128/4160 [..............................] - ETA: 1s - loss: 6246.6650
 384/4160 [=>............................] - ETA: 1s - loss: 5577.2137
 640/4160 [===>..........................] - ETA: 1s - loss: 5907.1733
 896/4160 [=====>........................] - ETA: 0s - loss: 6127.5027
1152/4160 [=======>......................] - ETA: 0s - loss: 6117.3866
1408/4160 [=========>....................] - ETA: 0s - loss: 6098.3898
1664/4160 [===========>..................] - ETA: 0s - loss: 6148.2846
1920/4160 [============>.................] - ETA: 0s - loss: 6181.5460
2176/4160 [==============>...............] - ETA: 0s - loss: 6209.9588
2432/4160 [================>.............] - ETA: 0s - loss: 6146.2795
2688/4160 [==================>...........] - ETA: 0s - loss: 6109.7004
2944/4160 [====================>.........] - ETA: 0s - loss: 6133.5391
3200/4160 [======================>.......] - ETA: 0s - loss: 6112.3940
3456/4160 [=======================>......] - ETA: 0s - loss: 6143.0634
3712/4160 [=========================>....] - ETA: 0s - loss: 6142.7470
3968/4160 [===========================>..] - ETA: 0s - loss: 6170.0167
4160/4160 [==============================] - 1s 287us/step - loss: 6168.1017
Epoch 98/100

 128/4160 [..............................] - ETA: 1s - loss: 5838.7388
 384/4160 [=>............................] - ETA: 1s - loss: 6238.7546
 640/4160 [===>..........................] - ETA: 1s - loss: 6374.4445
 896/4160 [=====>........................] - ETA: 0s - loss: 6434.7534
1152/4160 [=======>......................] - ETA: 0s - loss: 6235.5040
1408/4160 [=========>....................] - ETA: 0s - loss: 6254.7857
1664/4160 [===========>..................] - ETA: 0s - loss: 6244.1134
1920/4160 [============>.................] - ETA: 0s - loss: 6201.2534
2176/4160 [==============>...............] - ETA: 0s - loss: 6237.6400
2432/4160 [================>.............] - ETA: 0s - loss: 6161.9951
2688/4160 [==================>...........] - ETA: 0s - loss: 6161.8907
2944/4160 [====================>.........] - ETA: 0s - loss: 6155.0319
3200/4160 [======================>.......] - ETA: 0s - loss: 6176.2323
3456/4160 [=======================>......] - ETA: 0s - loss: 6196.7284
3712/4160 [=========================>....] - ETA: 0s - loss: 6212.6273
3968/4160 [===========================>..] - ETA: 0s - loss: 6211.2264
4160/4160 [==============================] - 1s 294us/step - loss: 6164.9171
Epoch 99/100

 128/4160 [..............................] - ETA: 1s - loss: 6171.8662
 384/4160 [=>............................] - ETA: 0s - loss: 6410.3812
 640/4160 [===>..........................] - ETA: 0s - loss: 6120.6426
 896/4160 [=====>........................] - ETA: 0s - loss: 6086.3001
1152/4160 [=======>......................] - ETA: 0s - loss: 6142.3969
1408/4160 [=========>....................] - ETA: 0s - loss: 6205.7906
1664/4160 [===========>..................] - ETA: 0s - loss: 6249.5402
1920/4160 [============>.................] - ETA: 0s - loss: 6257.2270
2176/4160 [==============>...............] - ETA: 0s - loss: 6267.9815
2432/4160 [================>.............] - ETA: 0s - loss: 6301.9649
2688/4160 [==================>...........] - ETA: 0s - loss: 6243.6433
2944/4160 [====================>.........] - ETA: 0s - loss: 6245.2961
3200/4160 [======================>.......] - ETA: 0s - loss: 6217.4494
3456/4160 [=======================>......] - ETA: 0s - loss: 6165.2520
3712/4160 [=========================>....] - ETA: 0s - loss: 6175.1617
3968/4160 [===========================>..] - ETA: 0s - loss: 6163.2957
4160/4160 [==============================] - 1s 270us/step - loss: 6162.9929
Epoch 100/100

 128/4160 [..............................] - ETA: 1s - loss: 6615.7344
 384/4160 [=>............................] - ETA: 1s - loss: 6152.6022
 640/4160 [===>..........................] - ETA: 1s - loss: 6004.1401
 896/4160 [=====>........................] - ETA: 0s - loss: 6036.3731
1152/4160 [=======>......................] - ETA: 0s - loss: 6114.2135
1408/4160 [=========>....................] - ETA: 0s - loss: 6019.3127
1664/4160 [===========>..................] - ETA: 0s - loss: 5999.8944
1920/4160 [============>.................] - ETA: 0s - loss: 6065.3356
2176/4160 [==============>...............] - ETA: 0s - loss: 6096.9193
2432/4160 [================>.............] - ETA: 0s - loss: 6083.0347
2688/4160 [==================>...........] - ETA: 0s - loss: 6095.0509
2944/4160 [====================>.........] - ETA: 0s - loss: 6129.8246
3200/4160 [======================>.......] - ETA: 0s - loss: 6153.3631
3456/4160 [=======================>......] - ETA: 0s - loss: 6181.1827
3712/4160 [=========================>....] - ETA: 0s - loss: 6190.0567
3968/4160 [===========================>..] - ETA: 0s - loss: 6193.8810
4160/4160 [==============================] - 1s 287us/step - loss: 6161.5568

Training time: 119.16 seconds
Weights saved: /datasets/zsuliman/msi_checkpoints/baselines/msipl/cac/280TopL/msipl_weights.h5

=== ENCODING ===
Latent shape: (4160, 5)

=== RECONSTRUCTION ===
Decoded shape: (4160, 1481)

Direct reconstruction MSE: 0.00081352994
TIC-normalised reconstruction MSE: 1.9417657e-06

=== Decoded output ===
shape: (4160, 1481)
dtype: float32
min: 2.1864178e-23
max: 1.0
mean: 0.004415741
std: 0.03342279

=== TIC-normalised decoded output ===
shape: (4160, 1481)
dtype: float32
min: 4.990467e-24
max: 0.39557695
mean: 0.0006752195
std: 0.0060620187

=== PEAK LEARNING ===
Learned m/z peaks: 15
Peak-learning time: 0.0021 seconds

==========================================
       LEGACY msiPL RUN COMPLETE
==========================================
Dataset: 280TopL.h5
Training time: 119.15632200241089
Direct MSE: 0.00081352994
TIC-normalised MSE: 1.9417657e-06
Learned peaks: 15
Results: /home-mscluster/zsuliman/msi/results/baselines/msipl/cac_fixed_beta/280TopL
Checkpoint: /datasets/zsuliman/msi_checkpoints/baselines/msipl/cac/280TopL/msipl_weights.h5
==========================================
{
  "dataset": "280TopL",
  "method": "legacy msiPL VAE-BN plus LearnPeaks",
  "evaluation": "S3PL-compatible PCC-threshold peak classification",
  "thresholds": [
    0.3,
    0.4,
    0.5,
    0.6
  ],
  "spectral_bins": 1481,
  "class_values": [
    0,
    1,
    2
  ],
  "class_names": {
    "0": "class_0",
    "1": "class_1",
    "2": "class_2"
  },
  "reported_peaks": 15,
  "unique_nearest_bins": 15,
  "threshold_results": {
    "0.3": {
      "class_metrics": {
        "class_0": {
          "true_positive": 7,
          "false_positive": 8,
          "false_negative": 72,
          "true_negative": 1394,
          "recall": 0.08860759493670886,
          "precision": 0.4666666666666667,
          "F1": 0.14893617021276595
        },
        "class_1": {
          "true_positive": 6,
          "false_positive": 9,
          "false_negative": 72,
          "true_negative": 1394,
          "recall": 0.07692307692307693,
          "precision": 0.4,
          "F1": 0.12903225806451613
        },
        "class_2": {
          "true_positive": 4,
          "false_positive": 11,
          "false_negative": 60,
          "true_negative": 1406,
          "recall": 0.0625,
          "precision": 0.26666666666666666,
          "F1": 0.10126582278481013
        }
      },
      "mixed_classes": {
        "true_positive": 13,
        "false_positive": 2,
        "false_negative": 155,
        "true_negative": 1311,
        "recall": 0.07738095238095238,
        "precision": 0.8666666666666667,
        "F1": 0.14207650273224043
      },
      "true_bins_mixed": 168
    },
    "0.4": {
      "class_metrics": {
        "class_0": {
          "true_positive": 5,
          "false_positive": 10,
          "false_negative": 47,
          "true_negative": 1419,
          "recall": 0.09615384615384616,
          "precision": 0.3333333333333333,
          "F1": 0.14925373134328357
        },
        "class_1": {
          "true_positive": 3,
          "false_positive": 12,
          "false_negative": 12,
          "true_negative": 1454,
          "recall": 0.2,
          "precision": 0.2,
          "F1": 0.2
        },
        "class_2": {
          "true_positive": 2,
          "false_positive": 13,
          "false_negative": 3,
          "true_negative": 1463,
          "recall": 0.4,
          "precision": 0.13333333333333333,
          "F1": 0.2
        }
      },
      "mixed_classes": {
        "true_positive": 8,
        "false_positive": 7,
        "false_negative": 62,
        "true_negative": 1404,
        "recall": 0.11428571428571428,
        "precision": 0.5333333333333333,
        "F1": 0.18823529411764706
      },
      "true_bins_mixed": 70
    },
    "0.5": {
      "class_metrics": {
        "class_0": {
          "true_positive": 4,
          "false_positive": 11,
          "false_negative": 35,
          "true_negative": 1431,
          "recall": 0.10256410256410256,
          "precision": 0.26666666666666666,
          "F1": 0.14814814814814814
        },
        "class_1": {
          "true_positive": 0,
          "false_positive": 15,
          "false_negative": 0,
          "true_negative": 1466,
          "recall": 0.0,
          "precision": 0.0,
          "F1": 0.0
        },
        "class_2": {
          "true_positive": 0,
          "false_positive": 15,
          "false_negative": 0,
          "true_negative": 1466,
          "recall": 0.0,
          "precision": 0.0,
          "F1": 0.0
        }
      },
      "mixed_classes": {
        "true_positive": 4,
        "false_positive": 11,
        "false_negative": 35,
        "true_negative": 1431,
        "recall": 0.10256410256410256,
        "precision": 0.26666666666666666,
        "F1": 0.14814814814814814
      },
      "true_bins_mixed": 39
    },
    "0.6": {
      "class_metrics": {
        "class_0": {
          "true_positive": 3,
          "false_positive": 12,
          "false_negative": 27,
          "true_negative": 1439,
          "recall": 0.1,
          "precision": 0.2,
          "F1": 0.13333333333333333
        },
        "class_1": {
          "true_positive": 0,
          "false_positive": 15,
          "false_negative": 0,
          "true_negative": 1466,
          "recall": 0.0,
          "precision": 0.0,
          "F1": 0.0
        },
        "class_2": {
          "true_positive": 0,
          "false_positive": 15,
          "false_negative": 0,
          "true_negative": 1466,
          "recall": 0.0,
          "precision": 0.0,
          "F1": 0.0
        }
      },
      "mixed_classes": {
        "true_positive": 3,
        "false_positive": 12,
        "false_negative": 27,
        "true_negative": 1439,
        "recall": 0.1,
        "precision": 0.2,
        "F1": 0.13333333333333333
      },
      "true_bins_mixed": 30
    }
  },
  "mixed_f1": {
    "0.3": 0.14207650273224043,
    "0.4": 0.18823529411764706,
    "0.5": 0.14814814814814814,
    "0.6": 0.13333333333333333
  },
  "mSCF1": 0.15294831958284225,
  "status": "complete"
}
=== 280TopL: 3/3 PAPER-ALIGNED BETA AND EVALUATION ===
=== LOADING DATA ===
Input: /datasets/zsuliman/msi_data/cac_msipl/280TopL.h5
HDF5 keys: ['Class_Label', 'Data', 'mzArray', 'xLocation', 'yLocation']
Raw Data shape: (4160, 1481)
mzArray shape: (1481,)
xLocation shape: (4160,)
yLocation shape: (4160,)
Final spectra shape: (4160, 1481)
m/z range: 198.033340 - 1060.679443
==== Encoder Architecture...
__________________________________________________________________________________________________
Layer (type)                    Output Shape         Param #     Connected to                     
==================================================================================================
encoder_input (InputLayer)      (None, 1481)         0                                            
__________________________________________________________________________________________________
dense_1 (Dense)                 (None, 512)          758784      encoder_input[0][0]              
__________________________________________________________________________________________________
batch_normalization_1 (BatchNor (None, 512)          2048        dense_1[0][0]                    
__________________________________________________________________________________________________
activation_1 (Activation)       (None, 512)          0           batch_normalization_1[0][0]      
__________________________________________________________________________________________________
z_mean (Dense)                  (None, 5)            2565        activation_1[0][0]               
__________________________________________________________________________________________________
z_log_var (Dense)               (None, 5)            2565        activation_1[0][0]               
__________________________________________________________________________________________________
batch_normalization_2 (BatchNor (None, 5)            20          z_mean[0][0]                     
__________________________________________________________________________________________________
batch_normalization_3 (BatchNor (None, 5)            20          z_log_var[0][0]                  
__________________________________________________________________________________________________
z (Lambda)                      (None, 5)            0           batch_normalization_2[0][0]      
                                                                 batch_normalization_3[0][0]      
==================================================================================================
Total params: 766,002
Trainable params: 764,958
Non-trainable params: 1,044
__________________________________________________________________________________________________
==== Decoder Architecture...
_________________________________________________________________
Layer (type)                 Output Shape              Param #   
=================================================================
Latent_Space (InputLayer)    (None, 5)                 0         
_________________________________________________________________
dense_2 (Dense)              (None, 512)               3072      
_________________________________________________________________
batch_normalization_4 (Batch (None, 512)               2048      
_________________________________________________________________
activation_2 (Activation)    (None, 512)               0         
_________________________________________________________________
dense_3 (Dense)              (None, 1481)              759753    
=================================================================
Total params: 764,873
Trainable params: 763,849
Non-trainable params: 1,024
_________________________________________________________________
Beta 2.50: 15 peaks (target 238, difference -223)
Beta 2.45: 15 peaks (target 238, difference -223)
Beta 2.40: 15 peaks (target 238, difference -223)
Beta 2.35: 16 peaks (target 238, difference -222)
Beta 2.30: 16 peaks (target 238, difference -222)
Beta 2.25: 17 peaks (target 238, difference -221)
Beta 2.20: 17 peaks (target 238, difference -221)
Beta 2.15: 19 peaks (target 238, difference -219)
Beta 2.10: 19 peaks (target 238, difference -219)
Beta 2.05: 19 peaks (target 238, difference -219)
Beta 2.00: 20 peaks (target 238, difference -218)
Beta 1.95: 21 peaks (target 238, difference -217)
Beta 1.90: 22 peaks (target 238, difference -216)
Beta 1.85: 23 peaks (target 238, difference -215)
Beta 1.80: 24 peaks (target 238, difference -214)
Beta 1.75: 25 peaks (target 238, difference -213)
Beta 1.70: 26 peaks (target 238, difference -212)
Beta 1.65: 26 peaks (target 238, difference -212)
Beta 1.60: 26 peaks (target 238, difference -212)
Beta 1.55: 28 peaks (target 238, difference -210)
Beta 1.50: 29 peaks (target 238, difference -209)
Beta 1.45: 32 peaks (target 238, difference -206)
Beta 1.40: 33 peaks (target 238, difference -205)
Beta 1.35: 34 peaks (target 238, difference -204)
Beta 1.30: 36 peaks (target 238, difference -202)
Beta 1.25: 40 peaks (target 238, difference -198)
Beta 1.20: 40 peaks (target 238, difference -198)
Beta 1.15: 43 peaks (target 238, difference -195)
Beta 1.10: 48 peaks (target 238, difference -190)
Beta 1.05: 54 peaks (target 238, difference -184)
Beta 1.00: 55 peaks (target 238, difference -183)
Beta 0.95: 57 peaks (target 238, difference -181)
Beta 0.90: 61 peaks (target 238, difference -177)
Beta 0.85: 62 peaks (target 238, difference -176)
Beta 0.80: 70 peaks (target 238, difference -168)
Beta 0.75: 75 peaks (target 238, difference -163)
Beta 0.70: 78 peaks (target 238, difference -160)
Beta 0.65: 83 peaks (target 238, difference -155)
Beta 0.60: 95 peaks (target 238, difference -143)
Beta 0.55: 102 peaks (target 238, difference -136)
Beta 0.50: 109 peaks (target 238, difference -129)
Beta 0.45: 122 peaks (target 238, difference -116)
Beta 0.40: 141 peaks (target 238, difference -97)
Beta 0.35: 152 peaks (target 238, difference -86)
Beta 0.30: 176 peaks (target 238, difference -62)
Beta 0.25: 200 peaks (target 238, difference -38)
Beta 0.20: 245 peaks (target 238, difference +7)
Beta 0.15: 298 peaks (target 238, difference +60)
Beta 0.10: 355 peaks (target 238, difference +117)
Beta 0.05: 449 peaks (target 238, difference +211)
Beta 0.00: 521 peaks (target 238, difference +283)
{
  "dataset": "280TopL",
  "purpose": "paper-aligned post-training msiPL peak-count tuning",
  "training_reused": true,
  "weights": "/datasets/zsuliman/msi_checkpoints/baselines/msipl/cac/280TopL/msipl_weights.h5",
  "target_peaks": 238,
  "tolerance": 50,
  "tested_beta": {
    "minimum": 0.0,
    "maximum": 2.5,
    "step": 0.05
  },
  "chosen": {
    "beta": 0.2,
    "selected_peaks": 245,
    "target_peaks": 238,
    "difference": 7,
    "absolute_difference": 7,
    "within_tolerance": true
  },
  "status": "within_tolerance"
}
Selected peaks saved to /home-mscluster/zsuliman/msi/results/baselines/msipl/cac/280TopL/learned_peaks.csv
{
  "dataset": "280TopL",
  "method": "legacy msiPL VAE-BN plus LearnPeaks",
  "evaluation": "S3PL-compatible PCC-threshold peak classification",
  "thresholds": [
    0.3,
    0.4,
    0.5,
    0.6
  ],
  "spectral_bins": 1481,
  "class_values": [
    0,
    1,
    2
  ],
  "class_names": {
    "0": "class_0",
    "1": "class_1",
    "2": "class_2"
  },
  "reported_peaks": 245,
  "unique_nearest_bins": 245,
  "threshold_results": {
    "0.3": {
      "class_metrics": {
        "class_0": {
          "true_positive": 57,
          "false_positive": 188,
          "false_negative": 22,
          "true_negative": 1214,
          "recall": 0.7215189873417721,
          "precision": 0.23265306122448978,
          "F1": 0.35185185185185186
        },
        "class_1": {
          "true_positive": 52,
          "false_positive": 193,
          "false_negative": 26,
          "true_negative": 1210,
          "recall": 0.6666666666666666,
          "precision": 0.21224489795918366,
          "F1": 0.3219814241486068
        },
        "class_2": {
          "true_positive": 40,
          "false_positive": 205,
          "false_negative": 24,
          "true_negative": 1212,
          "recall": 0.625,
          "precision": 0.16326530612244897,
          "F1": 0.2588996763754045
        }
      },
      "mixed_classes": {
        "true_positive": 116,
        "false_positive": 129,
        "false_negative": 52,
        "true_negative": 1184,
        "recall": 0.6904761904761905,
        "precision": 0.47346938775510206,
        "F1": 0.5617433414043583
      },
      "true_bins_mixed": 168
    },
    "0.4": {
      "class_metrics": {
        "class_0": {
          "true_positive": 39,
          "false_positive": 206,
          "false_negative": 13,
          "true_negative": 1223,
          "recall": 0.75,
          "precision": 0.15918367346938775,
          "F1": 0.26262626262626265
        },
        "class_1": {
          "true_positive": 11,
          "false_positive": 234,
          "false_negative": 4,
          "true_negative": 1232,
          "recall": 0.7333333333333333,
          "precision": 0.044897959183673466,
          "F1": 0.08461538461538462
        },
        "class_2": {
          "true_positive": 4,
          "false_positive": 241,
          "false_negative": 1,
          "true_negative": 1235,
          "recall": 0.8,
          "precision": 0.0163265306122449,
          "F1": 0.032
        }
      },
      "mixed_classes": {
        "true_positive": 52,
        "false_positive": 193,
        "false_negative": 18,
        "true_negative": 1218,
        "recall": 0.7428571428571429,
        "precision": 0.21224489795918366,
        "F1": 0.33015873015873015
      },
      "true_bins_mixed": 70
    },
    "0.5": {
      "class_metrics": {
        "class_0": {
          "true_positive": 31,
          "false_positive": 214,
          "false_negative": 8,
          "true_negative": 1228,
          "recall": 0.7948717948717948,
          "precision": 0.12653061224489795,
          "F1": 0.21830985915492956
        },
        "class_1": {
          "true_positive": 0,
          "false_positive": 245,
          "false_negative": 0,
          "true_negative": 1236,
          "recall": 0.0,
          "precision": 0.0,
          "F1": 0.0
        },
        "class_2": {
          "true_positive": 0,
          "false_positive": 245,
          "false_negative": 0,
          "true_negative": 1236,
          "recall": 0.0,
          "precision": 0.0,
          "F1": 0.0
        }
      },
      "mixed_classes": {
        "true_positive": 31,
        "false_positive": 214,
        "false_negative": 8,
        "true_negative": 1228,
        "recall": 0.7948717948717948,
        "precision": 0.12653061224489795,
        "F1": 0.21830985915492956
      },
      "true_bins_mixed": 39
    },
    "0.6": {
      "class_metrics": {
        "class_0": {
          "true_positive": 23,
          "false_positive": 222,
          "false_negative": 7,
          "true_negative": 1229,
          "recall": 0.7666666666666667,
          "precision": 0.09387755102040816,
          "F1": 0.16727272727272727
        },
        "class_1": {
          "true_positive": 0,
          "false_positive": 245,
          "false_negative": 0,
          "true_negative": 1236,
          "recall": 0.0,
          "precision": 0.0,
          "F1": 0.0
        },
        "class_2": {
          "true_positive": 0,
          "false_positive": 245,
          "false_negative": 0,
          "true_negative": 1236,
          "recall": 0.0,
          "precision": 0.0,
          "F1": 0.0
        }
      },
      "mixed_classes": {
        "true_positive": 23,
        "false_positive": 222,
        "false_negative": 7,
        "true_negative": 1229,
        "recall": 0.7666666666666667,
        "precision": 0.09387755102040816,
        "F1": 0.16727272727272727
      },
      "true_bins_mixed": 30
    }
  },
  "mixed_f1": {
    "0.3": 0.5617433414043583,
    "0.4": 0.33015873015873015,
    "0.5": 0.21830985915492956,
    "0.6": 0.16727272727272727
  },
  "mSCF1": 0.3193711644976863,
  "status": "complete"
}
=== 280TopL COMPLETE ===
Target peaks: 238
Fixed-Beta results: /home-mscluster/zsuliman/msi/results/baselines/msipl/cac_fixed_beta/280TopL
Paper-aligned results: /home-mscluster/zsuliman/msi/results/baselines/msipl/cac/280TopL
