=== LOADING DATA ===
Input: /datasets/zsuliman/msi_data/gbm_massnet/GBM12_2.h5
HDF5 keys: ['Class_Label', 'Data', 'mzArray', 'xLocation', 'yLocation']
Raw Data shape: (85062, 3306)
mzArray shape: (85062,)
xLocation shape: (3306,)
yLocation shape: (3306,)
Transposing Data to (pixels, m/z)...
Final spectra shape: (3306, 85062)
m/z range: 101.923820 - 999.985901

=== DATASET INFORMATION ===
Pixels: 3306
m/z features: 85062
Latent dimension: 5
Intermediate dimension: 512
Epochs: 100
Batch size: 128
Beta: 2.5

=== TIC-normalised spectra ===
shape: (3306, 85062)
dtype: float64
min: 0.0
max: 0.12209588848193807
mean: 1.175613082222377e-05
std: 0.0002610578375276609

Post-normalisation TIC range: 1.000000000000 - 1.000000000000

=== BUILDING LEGACY msiPL ===
==== Encoder Architecture...
__________________________________________________________________________________________________
Layer (type)                    Output Shape         Param #     Connected to                     
==================================================================================================
encoder_input (InputLayer)      (None, 85062)        0                                            
__________________________________________________________________________________________________
dense_1 (Dense)                 (None, 512)          43552256    encoder_input[0][0]              
__________________________________________________________________________________________________
batch_normalization_1 (BatchNor (None, 512)          2048        dense_1[0][0]                    
__________________________________________________________________________________________________
activation_1 (Activation)       (None, 512)          0           batch_normalization_1[0][0]      
__________________________________________________________________________________________________
z_mean (Dense)                  (None, 5)            2565        activation_1[0][0]               
__________________________________________________________________________________________________
z_log_var (Dense)               (None, 5)            2565        activation_1[0][0]               
__________________________________________________________________________________________________
batch_normalization_2 (BatchNor (None, 5)            20          z_mean[0][0]                     
__________________________________________________________________________________________________
batch_normalization_3 (BatchNor (None, 5)            20          z_log_var[0][0]                  
__________________________________________________________________________________________________
z (Lambda)                      (None, 5)            0           batch_normalization_2[0][0]      
                                                                 batch_normalization_3[0][0]      
==================================================================================================
Total params: 43,559,474
Trainable params: 43,558,430
Non-trainable params: 1,044
__________________________________________________________________________________________________
==== Decoder Architecture...
_________________________________________________________________
Layer (type)                 Output Shape              Param #   
=================================================================
Latent_Space (InputLayer)    (None, 5)                 0         
_________________________________________________________________
dense_2 (Dense)              (None, 512)               3072      
_________________________________________________________________
batch_normalization_4 (Batch (None, 512)               2048      
_________________________________________________________________
activation_2 (Activation)    (None, 512)               0         
_________________________________________________________________
dense_3 (Dense)              (None, 85062)             43636806  
=================================================================
Total params: 43,641,926
Trainable params: 43,640,902
Non-trainable params: 1,024
_________________________________________________________________

=== TRAINING ===
Epoch 1/100

 128/3306 [>.............................] - ETA: 1:04 - loss: 965529.1250
 256/3306 [=>............................] - ETA: 41s - loss: 957982.6250 
 384/3306 [==>...........................] - ETA: 33s - loss: 950374.9792
 512/3306 [===>..........................] - ETA: 29s - loss: 942677.7344
 640/3306 [====>.........................] - ETA: 26s - loss: 935175.4375
 768/3306 [=====>........................] - ETA: 23s - loss: 927484.1354
 896/3306 [=======>......................] - ETA: 21s - loss: 919774.9018
1024/3306 [========>.....................] - ETA: 20s - loss: 912339.8984
1152/3306 [=========>....................] - ETA: 18s - loss: 904582.1319
1280/3306 [==========>...................] - ETA: 17s - loss: 897144.9688
1408/3306 [===========>..................] - ETA: 15s - loss: 889659.7898
1536/3306 [============>.................] - ETA: 14s - loss: 882736.7240
1664/3306 [==============>...............] - ETA: 13s - loss: 875727.4279
1792/3306 [===============>..............] - ETA: 12s - loss: 868660.4018
1920/3306 [================>.............] - ETA: 11s - loss: 861548.5583
2048/3306 [=================>............] - ETA: 10s - loss: 854953.8203
2176/3306 [==================>...........] - ETA: 9s - loss: 848671.3309 
2304/3306 [===================>..........] - ETA: 7s - loss: 842757.1042
2432/3306 [=====================>........] - ETA: 6s - loss: 836604.7566
2560/3306 [======================>.......] - ETA: 5s - loss: 831293.2000
2688/3306 [=======================>......] - ETA: 4s - loss: 825686.5744
2816/3306 [========================>.....] - ETA: 3s - loss: 820215.7045
2944/3306 [=========================>....] - ETA: 2s - loss: 815030.1739
3072/3306 [==========================>...] - ETA: 1s - loss: 810201.9297
3200/3306 [============================>.] - ETA: 0s - loss: 805582.9425
3306/3306 [==============================] - 26s 8ms/step - loss: 802311.8456
Epoch 2/100

 128/3306 [>.............................] - ETA: 22s - loss: 684569.5000
 256/3306 [=>............................] - ETA: 21s - loss: 681884.7500
 384/3306 [==>...........................] - ETA: 20s - loss: 682465.0833
 512/3306 [===>..........................] - ETA: 19s - loss: 681222.1094
 640/3306 [====>.........................] - ETA: 19s - loss: 680396.4125
 768/3306 [=====>........................] - ETA: 18s - loss: 678365.0521
 896/3306 [=======>......................] - ETA: 17s - loss: 677532.2054
1024/3306 [========>.....................] - ETA: 16s - loss: 676264.8672
1152/3306 [=========>....................] - ETA: 15s - loss: 675403.6875
1280/3306 [==========>...................] - ETA: 14s - loss: 674172.6062
1408/3306 [===========>..................] - ETA: 13s - loss: 672932.8864
1536/3306 [============>.................] - ETA: 12s - loss: 672447.6771
1664/3306 [==============>...............] - ETA: 11s - loss: 671739.6490
1792/3306 [===============>..............] - ETA: 10s - loss: 670548.3259
1920/3306 [================>.............] - ETA: 10s - loss: 669640.3625
2048/3306 [=================>............] - ETA: 9s - loss: 668870.2383 
2176/3306 [==================>...........] - ETA: 8s - loss: 667907.4963
2304/3306 [===================>..........] - ETA: 7s - loss: 667029.0278
2432/3306 [=====================>........] - ETA: 6s - loss: 666386.0263
2560/3306 [======================>.......] - ETA: 5s - loss: 665606.8063
2688/3306 [=======================>......] - ETA: 4s - loss: 664790.7798
2816/3306 [========================>.....] - ETA: 3s - loss: 664046.6562
2944/3306 [=========================>....] - ETA: 2s - loss: 663348.1766
3072/3306 [==========================>...] - ETA: 1s - loss: 662752.1068
3200/3306 [============================>.] - ETA: 0s - loss: 662055.8625
3306/3306 [==============================] - 24s 7ms/step - loss: 661632.4260
Epoch 3/100

 128/3306 [>.............................] - ETA: 23s - loss: 645198.8750
 256/3306 [=>............................] - ETA: 22s - loss: 644617.0938
 384/3306 [==>...........................] - ETA: 21s - loss: 643780.2500
 512/3306 [===>..........................] - ETA: 20s - loss: 642948.3750
 640/3306 [====>.........................] - ETA: 19s - loss: 641975.7000
 768/3306 [=====>........................] - ETA: 18s - loss: 641862.0938
 896/3306 [=======>......................] - ETA: 17s - loss: 641149.2232
1024/3306 [========>.....................] - ETA: 16s - loss: 640964.7422
1152/3306 [=========>....................] - ETA: 15s - loss: 640446.0069
1280/3306 [==========>...................] - ETA: 14s - loss: 640263.4563
1408/3306 [===========>..................] - ETA: 13s - loss: 639915.0966
1536/3306 [============>.................] - ETA: 12s - loss: 639609.7656
1664/3306 [==============>...............] - ETA: 12s - loss: 639247.4087
1792/3306 [===============>..............] - ETA: 11s - loss: 638916.7723
1920/3306 [================>.............] - ETA: 10s - loss: 638705.6583
2048/3306 [=================>............] - ETA: 9s - loss: 638347.0742 
2176/3306 [==================>...........] - ETA: 8s - loss: 637865.7390
2304/3306 [===================>..........] - ETA: 7s - loss: 637334.1562
2432/3306 [=====================>........] - ETA: 6s - loss: 636822.9770
2560/3306 [======================>.......] - ETA: 5s - loss: 636347.0156
2688/3306 [=======================>......] - ETA: 4s - loss: 636092.6875
2816/3306 [========================>.....] - ETA: 3s - loss: 635773.0795
2944/3306 [=========================>....] - ETA: 2s - loss: 635407.5163
3072/3306 [==========================>...] - ETA: 1s - loss: 635028.3021
3200/3306 [============================>.] - ETA: 0s - loss: 634671.7675
3306/3306 [==============================] - 24s 7ms/step - loss: 634523.2335
Epoch 4/100

 128/3306 [>.............................] - ETA: 23s - loss: 623811.0625
 256/3306 [=>............................] - ETA: 22s - loss: 624248.1875
 384/3306 [==>...........................] - ETA: 21s - loss: 625001.4375
 512/3306 [===>..........................] - ETA: 20s - loss: 625306.6719
 640/3306 [====>.........................] - ETA: 19s - loss: 625536.8625
 768/3306 [=====>........................] - ETA: 18s - loss: 624902.3229
 896/3306 [=======>......................] - ETA: 17s - loss: 625024.2946
1024/3306 [========>.....................] - ETA: 16s - loss: 624744.9844
1152/3306 [=========>....................] - ETA: 15s - loss: 624614.7778
1280/3306 [==========>...................] - ETA: 14s - loss: 624169.7500
1408/3306 [===========>..................] - ETA: 13s - loss: 624325.7102
1536/3306 [============>.................] - ETA: 13s - loss: 624118.8385
1664/3306 [==============>...............] - ETA: 12s - loss: 623915.1779
1792/3306 [===============>..............] - ETA: 11s - loss: 623731.2366
1920/3306 [================>.............] - ETA: 10s - loss: 623483.2750
2048/3306 [=================>............] - ETA: 9s - loss: 623383.4453 
2176/3306 [==================>...........] - ETA: 8s - loss: 623149.5588
2304/3306 [===================>..........] - ETA: 7s - loss: 622911.0556
2432/3306 [=====================>........] - ETA: 6s - loss: 622540.8684
2560/3306 [======================>.......] - ETA: 5s - loss: 622144.5969
2688/3306 [=======================>......] - ETA: 4s - loss: 621984.3304
2816/3306 [========================>.....] - ETA: 3s - loss: 621872.4347
2944/3306 [=========================>....] - ETA: 2s - loss: 621644.7120
3072/3306 [==========================>...] - ETA: 1s - loss: 621222.8646
3200/3306 [============================>.] - ETA: 0s - loss: 621128.0600
3306/3306 [==============================] - 24s 7ms/step - loss: 621189.8614
Epoch 5/100

 128/3306 [>.............................] - ETA: 22s - loss: 613701.0000
 256/3306 [=>............................] - ETA: 22s - loss: 615432.8125
 384/3306 [==>...........................] - ETA: 21s - loss: 615181.6458
 512/3306 [===>..........................] - ETA: 20s - loss: 615306.8125
 640/3306 [====>.........................] - ETA: 19s - loss: 615010.5500
 768/3306 [=====>........................] - ETA: 18s - loss: 614730.6875
 896/3306 [=======>......................] - ETA: 17s - loss: 614798.6607
1024/3306 [========>.....................] - ETA: 16s - loss: 614376.4375
1152/3306 [=========>....................] - ETA: 15s - loss: 613564.9444
1280/3306 [==========>...................] - ETA: 14s - loss: 613384.0375
1408/3306 [===========>..................] - ETA: 13s - loss: 613267.7273
1536/3306 [============>.................] - ETA: 12s - loss: 612688.6406
1664/3306 [==============>...............] - ETA: 11s - loss: 612489.0529
1792/3306 [===============>..............] - ETA: 11s - loss: 612121.6205
1920/3306 [================>.............] - ETA: 10s - loss: 612120.1083
2048/3306 [=================>............] - ETA: 9s - loss: 611936.2422 
2176/3306 [==================>...........] - ETA: 8s - loss: 611833.4265
2304/3306 [===================>..........] - ETA: 7s - loss: 611757.9861
2432/3306 [=====================>........] - ETA: 6s - loss: 611627.9408
2560/3306 [======================>.......] - ETA: 5s - loss: 611588.3500
2688/3306 [=======================>......] - ETA: 4s - loss: 611463.1726
2816/3306 [========================>.....] - ETA: 3s - loss: 611403.4460
2944/3306 [=========================>....] - ETA: 2s - loss: 611509.8832
3072/3306 [==========================>...] - ETA: 1s - loss: 611365.2005
3200/3306 [============================>.] - ETA: 0s - loss: 611075.6050
3306/3306 [==============================] - 24s 7ms/step - loss: 611109.8468
Epoch 6/100

 128/3306 [>.............................] - ETA: 23s - loss: 610358.8750
 256/3306 [=>............................] - ETA: 22s - loss: 609464.6875
 384/3306 [==>...........................] - ETA: 21s - loss: 608713.4583
 512/3306 [===>..........................] - ETA: 20s - loss: 607998.6562
 640/3306 [====>.........................] - ETA: 19s - loss: 607274.4250
 768/3306 [=====>........................] - ETA: 18s - loss: 606743.1875
 896/3306 [=======>......................] - ETA: 17s - loss: 606897.8750
1024/3306 [========>.....................] - ETA: 16s - loss: 606586.6250
1152/3306 [=========>....................] - ETA: 15s - loss: 606744.3889
1280/3306 [==========>...................] - ETA: 14s - loss: 606440.0625
1408/3306 [===========>..................] - ETA: 13s - loss: 606210.8580
1536/3306 [============>.................] - ETA: 12s - loss: 605877.2344
1664/3306 [==============>...............] - ETA: 11s - loss: 605704.3606
1792/3306 [===============>..............] - ETA: 10s - loss: 605730.3170
1920/3306 [================>.............] - ETA: 10s - loss: 605761.6875
2048/3306 [=================>............] - ETA: 9s - loss: 605787.8633 
2176/3306 [==================>...........] - ETA: 8s - loss: 605773.6507
2304/3306 [===================>..........] - ETA: 7s - loss: 605687.8924
2432/3306 [=====================>........] - ETA: 6s - loss: 605585.1118
2560/3306 [======================>.......] - ETA: 5s - loss: 605455.8812
2688/3306 [=======================>......] - ETA: 4s - loss: 605332.6250
2816/3306 [========================>.....] - ETA: 3s - loss: 605280.1080
2944/3306 [=========================>....] - ETA: 2s - loss: 605096.3641
3072/3306 [==========================>...] - ETA: 1s - loss: 605008.0443
3200/3306 [============================>.] - ETA: 0s - loss: 604969.8025
3306/3306 [==============================] - 24s 7ms/step - loss: 605065.4425
Epoch 7/100

 128/3306 [>.............................] - ETA: 23s - loss: 602166.6875
 256/3306 [=>............................] - ETA: 22s - loss: 602565.3438
 384/3306 [==>...........................] - ETA: 21s - loss: 602883.3958
 512/3306 [===>..........................] - ETA: 20s - loss: 603359.8125
 640/3306 [====>.........................] - ETA: 19s - loss: 602465.0250
 768/3306 [=====>........................] - ETA: 18s - loss: 602512.4375
 896/3306 [=======>......................] - ETA: 17s - loss: 601893.8571
1024/3306 [========>.....................] - ETA: 16s - loss: 601994.2656
1152/3306 [=========>....................] - ETA: 15s - loss: 601680.2014
1280/3306 [==========>...................] - ETA: 14s - loss: 601440.4625
1408/3306 [===========>..................] - ETA: 13s - loss: 601632.2045
1536/3306 [============>.................] - ETA: 12s - loss: 601459.1823
1664/3306 [==============>...............] - ETA: 11s - loss: 601168.0433
1792/3306 [===============>..............] - ETA: 11s - loss: 601211.1473
1920/3306 [================>.............] - ETA: 10s - loss: 601319.3625
2048/3306 [=================>............] - ETA: 9s - loss: 601428.3398 
2176/3306 [==================>...........] - ETA: 8s - loss: 601381.8125
2304/3306 [===================>..........] - ETA: 7s - loss: 601239.2604
2432/3306 [=====================>........] - ETA: 6s - loss: 601165.9901
2560/3306 [======================>.......] - ETA: 5s - loss: 601122.9969
2688/3306 [=======================>......] - ETA: 4s - loss: 601206.0387
2816/3306 [========================>.....] - ETA: 3s - loss: 601037.8068
2944/3306 [=========================>....] - ETA: 2s - loss: 600882.8125
3072/3306 [==========================>...] - ETA: 1s - loss: 600851.2786
3200/3306 [============================>.] - ETA: 0s - loss: 600688.7725
3306/3306 [==============================] - 24s 7ms/step - loss: 600820.5363
Epoch 8/100

 128/3306 [>.............................] - ETA: 23s - loss: 603785.7500
 256/3306 [=>............................] - ETA: 22s - loss: 602344.3750
 384/3306 [==>...........................] - ETA: 21s - loss: 599870.4583
 512/3306 [===>..........................] - ETA: 20s - loss: 599263.8125
 640/3306 [====>.........................] - ETA: 19s - loss: 598875.9125
 768/3306 [=====>........................] - ETA: 18s - loss: 599491.6771
 896/3306 [=======>......................] - ETA: 17s - loss: 599111.5268
1024/3306 [========>.....................] - ETA: 16s - loss: 598592.1875
1152/3306 [=========>....................] - ETA: 15s - loss: 598429.0486
1280/3306 [==========>...................] - ETA: 14s - loss: 598521.5188
1408/3306 [===========>..................] - ETA: 13s - loss: 598638.5114
1536/3306 [============>.................] - ETA: 12s - loss: 598493.2604
1664/3306 [==============>...............] - ETA: 11s - loss: 598500.8173
1792/3306 [===============>..............] - ETA: 11s - loss: 598545.6875
1920/3306 [================>.............] - ETA: 10s - loss: 598609.4667
2048/3306 [=================>............] - ETA: 9s - loss: 598529.2969 
2176/3306 [==================>...........] - ETA: 8s - loss: 598642.0699
2304/3306 [===================>..........] - ETA: 7s - loss: 598657.1215
2432/3306 [=====================>........] - ETA: 6s - loss: 598390.0822
2560/3306 [======================>.......] - ETA: 5s - loss: 598314.6781
2688/3306 [=======================>......] - ETA: 4s - loss: 598210.4196
2816/3306 [========================>.....] - ETA: 3s - loss: 598132.0824
2944/3306 [=========================>....] - ETA: 2s - loss: 597981.7038
3072/3306 [==========================>...] - ETA: 1s - loss: 598028.4922
3200/3306 [============================>.] - ETA: 0s - loss: 598024.8400
3306/3306 [==============================] - 24s 7ms/step - loss: 598121.1501
Epoch 9/100

 128/3306 [>.............................] - ETA: 23s - loss: 598611.8750
 256/3306 [=>............................] - ETA: 22s - loss: 599392.7188
 384/3306 [==>...........................] - ETA: 21s - loss: 598331.0625
 512/3306 [===>..........................] - ETA: 20s - loss: 597984.2969
 640/3306 [====>.........................] - ETA: 19s - loss: 598271.4375
 768/3306 [=====>........................] - ETA: 18s - loss: 597780.0521
 896/3306 [=======>......................] - ETA: 17s - loss: 597108.1786
1024/3306 [========>.....................] - ETA: 16s - loss: 596448.9688
1152/3306 [=========>....................] - ETA: 15s - loss: 596549.1806
1280/3306 [==========>...................] - ETA: 14s - loss: 596589.0625
1408/3306 [===========>..................] - ETA: 13s - loss: 596803.5966
1536/3306 [============>.................] - ETA: 12s - loss: 596501.3802
1664/3306 [==============>...............] - ETA: 11s - loss: 596696.8798
1792/3306 [===============>..............] - ETA: 11s - loss: 596443.1562
1920/3306 [================>.............] - ETA: 10s - loss: 596451.8792
2048/3306 [=================>............] - ETA: 9s - loss: 596315.1836 
2176/3306 [==================>...........] - ETA: 8s - loss: 596148.3272
2304/3306 [===================>..........] - ETA: 7s - loss: 595972.0903
2432/3306 [=====================>........] - ETA: 6s - loss: 596007.9605
2560/3306 [======================>.......] - ETA: 5s - loss: 595862.4000
2688/3306 [=======================>......] - ETA: 4s - loss: 595748.1905
2816/3306 [========================>.....] - ETA: 3s - loss: 595754.6222
2944/3306 [=========================>....] - ETA: 2s - loss: 595751.6984
3072/3306 [==========================>...] - ETA: 1s - loss: 595799.3203
3200/3306 [============================>.] - ETA: 0s - loss: 595729.0725
3306/3306 [==============================] - 24s 7ms/step - loss: 595981.4755
Epoch 10/100

 128/3306 [>.............................] - ETA: 22s - loss: 594676.1250
 256/3306 [=>............................] - ETA: 21s - loss: 594346.9375
 384/3306 [==>...........................] - ETA: 21s - loss: 594135.3750
 512/3306 [===>..........................] - ETA: 20s - loss: 594636.9844
 640/3306 [====>.........................] - ETA: 19s - loss: 594886.7625
 768/3306 [=====>........................] - ETA: 18s - loss: 594792.4375
 896/3306 [=======>......................] - ETA: 17s - loss: 594710.8036
1024/3306 [========>.....................] - ETA: 16s - loss: 594680.1953
1152/3306 [=========>....................] - ETA: 15s - loss: 594542.6944
1280/3306 [==========>...................] - ETA: 14s - loss: 594548.9125
1408/3306 [===========>..................] - ETA: 13s - loss: 594527.5114
1536/3306 [============>.................] - ETA: 12s - loss: 594337.0000
1664/3306 [==============>...............] - ETA: 12s - loss: 594081.7308
1792/3306 [===============>..............] - ETA: 11s - loss: 593957.1295
1920/3306 [================>.............] - ETA: 10s - loss: 593896.2667
2048/3306 [=================>............] - ETA: 9s - loss: 593951.9062 
2176/3306 [==================>...........] - ETA: 8s - loss: 594074.3897
2304/3306 [===================>..........] - ETA: 7s - loss: 594191.8021
2432/3306 [=====================>........] - ETA: 6s - loss: 594106.8980
2560/3306 [======================>.......] - ETA: 5s - loss: 594005.3844
2688/3306 [=======================>......] - ETA: 4s - loss: 593973.2411
2816/3306 [========================>.....] - ETA: 3s - loss: 593870.8892
2944/3306 [=========================>....] - ETA: 2s - loss: 593948.2500
3072/3306 [==========================>...] - ETA: 1s - loss: 593938.8125
3200/3306 [============================>.] - ETA: 0s - loss: 593746.6050
3306/3306 [==============================] - 24s 7ms/step - loss: 593969.7355
Epoch 11/100

 128/3306 [>.............................] - ETA: 23s - loss: 593312.1250
 256/3306 [=>............................] - ETA: 22s - loss: 592758.8125
 384/3306 [==>...........................] - ETA: 21s - loss: 591893.2917
 512/3306 [===>..........................] - ETA: 20s - loss: 592033.4375
 640/3306 [====>.........................] - ETA: 19s - loss: 592216.4750
 768/3306 [=====>........................] - ETA: 18s - loss: 591971.7917
 896/3306 [=======>......................] - ETA: 17s - loss: 591423.6339
1024/3306 [========>.....................] - ETA: 16s - loss: 591795.7109
1152/3306 [=========>....................] - ETA: 15s - loss: 591499.7431
1280/3306 [==========>...................] - ETA: 15s - loss: 591436.3562
1408/3306 [===========>..................] - ETA: 14s - loss: 591499.3466
1536/3306 [============>.................] - ETA: 13s - loss: 591862.1198
1664/3306 [==============>...............] - ETA: 12s - loss: 592028.1106
1792/3306 [===============>..............] - ETA: 11s - loss: 592022.3080
1920/3306 [================>.............] - ETA: 10s - loss: 592154.5625
2048/3306 [=================>............] - ETA: 9s - loss: 592012.7773 
2176/3306 [==================>...........] - ETA: 8s - loss: 592003.4118
2304/3306 [===================>..........] - ETA: 7s - loss: 591865.8333
2432/3306 [=====================>........] - ETA: 6s - loss: 592001.2072
2560/3306 [======================>.......] - ETA: 5s - loss: 592041.9000
2688/3306 [=======================>......] - ETA: 4s - loss: 592095.3482
2816/3306 [========================>.....] - ETA: 3s - loss: 592078.1364
2944/3306 [=========================>....] - ETA: 2s - loss: 592014.7120
3072/3306 [==========================>...] - ETA: 1s - loss: 591918.7812
3200/3306 [============================>.] - ETA: 0s - loss: 591807.1950
3306/3306 [==============================] - 24s 7ms/step - loss: 592051.1475
Epoch 12/100

 128/3306 [>.............................] - ETA: 23s - loss: 586663.6250
 256/3306 [=>............................] - ETA: 22s - loss: 588962.8125
 384/3306 [==>...........................] - ETA: 21s - loss: 589767.2083
 512/3306 [===>..........................] - ETA: 20s - loss: 590419.2812
 640/3306 [====>.........................] - ETA: 19s - loss: 590812.5625
 768/3306 [=====>........................] - ETA: 18s - loss: 591076.8854
 896/3306 [=======>......................] - ETA: 17s - loss: 590971.6696
1024/3306 [========>.....................] - ETA: 16s - loss: 590694.8828
1152/3306 [=========>....................] - ETA: 15s - loss: 590449.3750
1280/3306 [==========>...................] - ETA: 14s - loss: 590646.7250
1408/3306 [===========>..................] - ETA: 13s - loss: 590535.0000
1536/3306 [============>.................] - ETA: 12s - loss: 590409.4375
1664/3306 [==============>...............] - ETA: 11s - loss: 590409.9712
1792/3306 [===============>..............] - ETA: 11s - loss: 590305.0536
1920/3306 [================>.............] - ETA: 10s - loss: 590460.6917
2048/3306 [=================>............] - ETA: 9s - loss: 590551.9375 
2176/3306 [==================>...........] - ETA: 8s - loss: 590533.3860
2304/3306 [===================>..........] - ETA: 7s - loss: 590432.6007
2432/3306 [=====================>........] - ETA: 6s - loss: 590556.9572
2560/3306 [======================>.......] - ETA: 5s - loss: 590689.3844
2688/3306 [=======================>......] - ETA: 4s - loss: 590633.7589
2816/3306 [========================>.....] - ETA: 3s - loss: 590655.1562
2944/3306 [=========================>....] - ETA: 2s - loss: 590861.3016
3072/3306 [==========================>...] - ETA: 1s - loss: 590813.0755
3200/3306 [============================>.] - ETA: 0s - loss: 590725.0775
3306/3306 [==============================] - 24s 7ms/step - loss: 590903.4210
Epoch 13/100

 128/3306 [>.............................] - ETA: 23s - loss: 592119.3750
 256/3306 [=>............................] - ETA: 22s - loss: 591403.1875
 384/3306 [==>...........................] - ETA: 21s - loss: 591571.2500
 512/3306 [===>..........................] - ETA: 20s - loss: 591499.6562
 640/3306 [====>.........................] - ETA: 19s - loss: 590736.6125
 768/3306 [=====>........................] - ETA: 18s - loss: 590758.1146
 896/3306 [=======>......................] - ETA: 17s - loss: 590771.9196
1024/3306 [========>.....................] - ETA: 16s - loss: 590905.9922
1152/3306 [=========>....................] - ETA: 15s - loss: 590801.6250
1280/3306 [==========>...................] - ETA: 14s - loss: 590467.4625
1408/3306 [===========>..................] - ETA: 13s - loss: 590121.1591
1536/3306 [============>.................] - ETA: 12s - loss: 590219.3854
1664/3306 [==============>...............] - ETA: 12s - loss: 590398.8462
1792/3306 [===============>..............] - ETA: 11s - loss: 590535.8571
1920/3306 [================>.............] - ETA: 10s - loss: 590412.3083
2048/3306 [=================>............] - ETA: 9s - loss: 590320.2109 
2176/3306 [==================>...........] - ETA: 8s - loss: 590246.1176
2304/3306 [===================>..........] - ETA: 7s - loss: 590054.0521
2432/3306 [=====================>........] - ETA: 6s - loss: 590035.4046
2560/3306 [======================>.......] - ETA: 5s - loss: 589879.2656
2688/3306 [=======================>......] - ETA: 4s - loss: 590051.2768
2816/3306 [========================>.....] - ETA: 3s - loss: 590004.0085
2944/3306 [=========================>....] - ETA: 2s - loss: 589905.1658
3072/3306 [==========================>...] - ETA: 1s - loss: 589746.4870
3200/3306 [============================>.] - ETA: 0s - loss: 589820.3475
3306/3306 [==============================] - 25s 7ms/step - loss: 589979.3183
Epoch 14/100

 128/3306 [>.............................] - ETA: 22s - loss: 590420.5000
 256/3306 [=>............................] - ETA: 22s - loss: 588965.8125
 384/3306 [==>...........................] - ETA: 21s - loss: 589472.2083
 512/3306 [===>..........................] - ETA: 20s - loss: 588655.3438
 640/3306 [====>.........................] - ETA: 19s - loss: 589113.3750
 768/3306 [=====>........................] - ETA: 18s - loss: 589198.5417
 896/3306 [=======>......................] - ETA: 17s - loss: 589140.1875
1024/3306 [========>.....................] - ETA: 16s - loss: 588819.3672
1152/3306 [=========>....................] - ETA: 15s - loss: 588535.8472
1280/3306 [==========>...................] - ETA: 14s - loss: 588480.0250
1408/3306 [===========>..................] - ETA: 13s - loss: 588652.2614
1536/3306 [============>.................] - ETA: 12s - loss: 588612.1354
1664/3306 [==============>...............] - ETA: 12s - loss: 588339.4760
1792/3306 [===============>..............] - ETA: 11s - loss: 588372.0625
1920/3306 [================>.............] - ETA: 10s - loss: 588385.2000
2048/3306 [=================>............] - ETA: 9s - loss: 588164.9648 
2176/3306 [==================>...........] - ETA: 8s - loss: 588036.3860
2304/3306 [===================>..........] - ETA: 7s - loss: 588220.3646
2432/3306 [=====================>........] - ETA: 6s - loss: 588387.4243
2560/3306 [======================>.......] - ETA: 5s - loss: 588374.4875
2688/3306 [=======================>......] - ETA: 4s - loss: 588377.5417
2816/3306 [========================>.....] - ETA: 3s - loss: 588356.9489
2944/3306 [=========================>....] - ETA: 2s - loss: 588425.3886
3072/3306 [==========================>...] - ETA: 1s - loss: 588519.6224
3200/3306 [============================>.] - ETA: 0s - loss: 588536.3875
3306/3306 [==============================] - 24s 7ms/step - loss: 588636.7881
Epoch 15/100

 128/3306 [>.............................] - ETA: 22s - loss: 591147.6250
 256/3306 [=>............................] - ETA: 22s - loss: 589425.8125
 384/3306 [==>...........................] - ETA: 21s - loss: 590138.9583
 512/3306 [===>..........................] - ETA: 20s - loss: 590058.4375
 640/3306 [====>.........................] - ETA: 19s - loss: 590031.3250
 768/3306 [=====>........................] - ETA: 18s - loss: 589258.3125
 896/3306 [=======>......................] - ETA: 17s - loss: 588759.1964
1024/3306 [========>.....................] - ETA: 16s - loss: 588587.0000
1152/3306 [=========>....................] - ETA: 15s - loss: 588824.0903
1280/3306 [==========>...................] - ETA: 14s - loss: 588449.5687
1408/3306 [===========>..................] - ETA: 13s - loss: 588390.8580
1536/3306 [============>.................] - ETA: 12s - loss: 588354.6979
1664/3306 [==============>...............] - ETA: 11s - loss: 588223.3221
1792/3306 [===============>..............] - ETA: 11s - loss: 588382.7366
1920/3306 [================>.............] - ETA: 10s - loss: 588313.7042
2048/3306 [=================>............] - ETA: 9s - loss: 588461.5898 
2176/3306 [==================>...........] - ETA: 8s - loss: 588458.9963
2304/3306 [===================>..........] - ETA: 7s - loss: 588532.6840
2432/3306 [=====================>........] - ETA: 6s - loss: 588570.7007
2560/3306 [======================>.......] - ETA: 5s - loss: 588513.2844
2688/3306 [=======================>......] - ETA: 4s - loss: 588526.4673
2816/3306 [========================>.....] - ETA: 3s - loss: 588406.1449
2944/3306 [=========================>....] - ETA: 2s - loss: 588485.5951
3072/3306 [==========================>...] - ETA: 1s - loss: 588360.2474
3200/3306 [============================>.] - ETA: 0s - loss: 588314.2675
3306/3306 [==============================] - 24s 7ms/step - loss: 588582.9241
Epoch 16/100

 128/3306 [>.............................] - ETA: 22s - loss: 587983.2500
 256/3306 [=>............................] - ETA: 21s - loss: 588160.9688
 384/3306 [==>...........................] - ETA: 21s - loss: 588672.3750
 512/3306 [===>..........................] - ETA: 20s - loss: 587552.8750
 640/3306 [====>.........................] - ETA: 19s - loss: 587440.9500
 768/3306 [=====>........................] - ETA: 18s - loss: 586974.3646
 896/3306 [=======>......................] - ETA: 17s - loss: 586831.3304
1024/3306 [========>.....................] - ETA: 16s - loss: 586837.8359
1152/3306 [=========>....................] - ETA: 15s - loss: 587364.4653
1280/3306 [==========>...................] - ETA: 14s - loss: 587020.9563
1408/3306 [===========>..................] - ETA: 13s - loss: 586591.5000
1536/3306 [============>.................] - ETA: 13s - loss: 586845.5260
1664/3306 [==============>...............] - ETA: 12s - loss: 586965.9760
1792/3306 [===============>..............] - ETA: 11s - loss: 586914.6786
1920/3306 [================>.............] - ETA: 10s - loss: 587110.0708
2048/3306 [=================>............] - ETA: 9s - loss: 587045.6914 
2176/3306 [==================>...........] - ETA: 8s - loss: 587158.4301
2304/3306 [===================>..........] - ETA: 7s - loss: 587252.1146
2432/3306 [=====================>........] - ETA: 6s - loss: 587311.5296
2560/3306 [======================>.......] - ETA: 5s - loss: 587389.5406
2688/3306 [=======================>......] - ETA: 4s - loss: 587310.8244
2816/3306 [========================>.....] - ETA: 3s - loss: 587365.0710
2944/3306 [=========================>....] - ETA: 2s - loss: 587258.0082
3072/3306 [==========================>...] - ETA: 1s - loss: 587308.8828
3200/3306 [============================>.] - ETA: 0s - loss: 587390.5475
3306/3306 [==============================] - 24s 7ms/step - loss: 587555.2892
Epoch 17/100

 128/3306 [>.............................] - ETA: 23s - loss: 589610.8750
 256/3306 [=>............................] - ETA: 22s - loss: 590281.0000
 384/3306 [==>...........................] - ETA: 21s - loss: 589186.3125
 512/3306 [===>..........................] - ETA: 20s - loss: 588527.3906
 640/3306 [====>.........................] - ETA: 19s - loss: 588426.1375
 768/3306 [=====>........................] - ETA: 18s - loss: 587699.9896
 896/3306 [=======>......................] - ETA: 17s - loss: 587730.1161
1024/3306 [========>.....................] - ETA: 16s - loss: 588078.8281
1152/3306 [=========>....................] - ETA: 15s - loss: 587744.7361
1280/3306 [==========>...................] - ETA: 14s - loss: 587874.4125
1408/3306 [===========>..................] - ETA: 13s - loss: 587564.5284
1536/3306 [============>.................] - ETA: 12s - loss: 587642.5781
1664/3306 [==============>...............] - ETA: 11s - loss: 587579.8798
1792/3306 [===============>..............] - ETA: 11s - loss: 587611.9152
1920/3306 [================>.............] - ETA: 10s - loss: 587394.9667
2048/3306 [=================>............] - ETA: 9s - loss: 587263.6367 
2176/3306 [==================>...........] - ETA: 8s - loss: 587264.8860
2304/3306 [===================>..........] - ETA: 7s - loss: 587105.4479
2432/3306 [=====================>........] - ETA: 6s - loss: 586834.4770
2560/3306 [======================>.......] - ETA: 5s - loss: 586679.2594
2688/3306 [=======================>......] - ETA: 4s - loss: 586775.1637
2816/3306 [========================>.....] - ETA: 3s - loss: 586642.9517
2944/3306 [=========================>....] - ETA: 2s - loss: 586714.5109
3072/3306 [==========================>...] - ETA: 1s - loss: 586703.4297
3200/3306 [============================>.] - ETA: 0s - loss: 586734.8625
3306/3306 [==============================] - 24s 7ms/step - loss: 586876.7153
Epoch 18/100

 128/3306 [>.............................] - ETA: 23s - loss: 588604.1250
 256/3306 [=>............................] - ETA: 22s - loss: 588350.5938
 384/3306 [==>...........................] - ETA: 21s - loss: 587887.4792
 512/3306 [===>..........................] - ETA: 20s - loss: 588097.3438
 640/3306 [====>.........................] - ETA: 19s - loss: 587352.7500
 768/3306 [=====>........................] - ETA: 18s - loss: 587388.6667
 896/3306 [=======>......................] - ETA: 17s - loss: 587603.2232
1024/3306 [========>.....................] - ETA: 16s - loss: 587255.3672
1152/3306 [=========>....................] - ETA: 15s - loss: 587149.4167
1280/3306 [==========>...................] - ETA: 14s - loss: 586763.2625
1408/3306 [===========>..................] - ETA: 13s - loss: 586888.6705
1536/3306 [============>.................] - ETA: 12s - loss: 586724.3073
1664/3306 [==============>...............] - ETA: 11s - loss: 586552.5529
1792/3306 [===============>..............] - ETA: 10s - loss: 586464.0670
1920/3306 [================>.............] - ETA: 10s - loss: 586094.7708
2048/3306 [=================>............] - ETA: 9s - loss: 586187.4844 
2176/3306 [==================>...........] - ETA: 8s - loss: 586199.4485
2304/3306 [===================>..........] - ETA: 7s - loss: 586022.8368
2432/3306 [=====================>........] - ETA: 6s - loss: 585945.3059
2560/3306 [======================>.......] - ETA: 5s - loss: 585871.2281
2688/3306 [=======================>......] - ETA: 4s - loss: 585817.2679
2816/3306 [========================>.....] - ETA: 3s - loss: 585834.0057
2944/3306 [=========================>....] - ETA: 2s - loss: 585883.2799
3072/3306 [==========================>...] - ETA: 1s - loss: 586004.6328
3200/3306 [============================>.] - ETA: 0s - loss: 585937.5400
3306/3306 [==============================] - 24s 7ms/step - loss: 586098.2180
Epoch 19/100

 128/3306 [>.............................] - ETA: 23s - loss: 584222.5625
 256/3306 [=>............................] - ETA: 22s - loss: 583205.4062
 384/3306 [==>...........................] - ETA: 21s - loss: 585488.0000
 512/3306 [===>..........................] - ETA: 20s - loss: 585141.8594
 640/3306 [====>.........................] - ETA: 19s - loss: 584381.4125
 768/3306 [=====>........................] - ETA: 18s - loss: 585042.0521
 896/3306 [=======>......................] - ETA: 17s - loss: 585532.6339
1024/3306 [========>.....................] - ETA: 16s - loss: 585357.6172
1152/3306 [=========>....................] - ETA: 15s - loss: 585049.8125
1280/3306 [==========>...................] - ETA: 14s - loss: 585199.3125
1408/3306 [===========>..................] - ETA: 13s - loss: 585409.7955
1536/3306 [============>.................] - ETA: 13s - loss: 585586.3646
1664/3306 [==============>...............] - ETA: 12s - loss: 585436.1538
1792/3306 [===============>..............] - ETA: 11s - loss: 585455.1741
1920/3306 [================>.............] - ETA: 10s - loss: 585613.3542
2048/3306 [=================>............] - ETA: 9s - loss: 585574.9922 
2176/3306 [==================>...........] - ETA: 8s - loss: 585417.8897
2304/3306 [===================>..........] - ETA: 7s - loss: 585198.7951
2432/3306 [=====================>........] - ETA: 6s - loss: 585105.7500
2560/3306 [======================>.......] - ETA: 5s - loss: 585168.3438
2688/3306 [=======================>......] - ETA: 4s - loss: 585192.6518
2816/3306 [========================>.....] - ETA: 3s - loss: 585226.5767
2944/3306 [=========================>....] - ETA: 2s - loss: 585363.8886
3072/3306 [==========================>...] - ETA: 1s - loss: 585406.4401
3200/3306 [============================>.] - ETA: 0s - loss: 585368.4925
3306/3306 [==============================] - 25s 7ms/step - loss: 585550.8726
Epoch 20/100

 128/3306 [>.............................] - ETA: 23s - loss: 587211.3750
 256/3306 [=>............................] - ETA: 22s - loss: 585262.9688
 384/3306 [==>...........................] - ETA: 21s - loss: 584385.0417
 512/3306 [===>..........................] - ETA: 20s - loss: 583726.9375
 640/3306 [====>.........................] - ETA: 19s - loss: 583795.4125
 768/3306 [=====>........................] - ETA: 18s - loss: 584469.0521
 896/3306 [=======>......................] - ETA: 17s - loss: 584627.8661
1024/3306 [========>.....................] - ETA: 16s - loss: 584258.1250
1152/3306 [=========>....................] - ETA: 15s - loss: 584392.1389
1280/3306 [==========>...................] - ETA: 14s - loss: 584489.7625
1408/3306 [===========>..................] - ETA: 14s - loss: 584274.0114
1536/3306 [============>.................] - ETA: 13s - loss: 584437.7292
1664/3306 [==============>...............] - ETA: 12s - loss: 584382.6827
1792/3306 [===============>..............] - ETA: 11s - loss: 584212.9241
1920/3306 [================>.............] - ETA: 10s - loss: 584334.8625
2048/3306 [=================>............] - ETA: 9s - loss: 584518.7539 
2176/3306 [==================>...........] - ETA: 8s - loss: 584595.7316
2304/3306 [===================>..........] - ETA: 7s - loss: 584691.6389
2432/3306 [=====================>........] - ETA: 6s - loss: 584570.9145
2560/3306 [======================>.......] - ETA: 5s - loss: 584461.2937
2688/3306 [=======================>......] - ETA: 4s - loss: 584436.5833
2816/3306 [========================>.....] - ETA: 3s - loss: 584549.1989
2944/3306 [=========================>....] - ETA: 2s - loss: 584686.9565
3072/3306 [==========================>...] - ETA: 1s - loss: 584683.1641
3200/3306 [============================>.] - ETA: 0s - loss: 584791.4000
3306/3306 [==============================] - 25s 7ms/step - loss: 584913.9156
Epoch 21/100

 128/3306 [>.............................] - ETA: 22s - loss: 582441.2500
 256/3306 [=>............................] - ETA: 22s - loss: 580545.2500
 384/3306 [==>...........................] - ETA: 21s - loss: 581448.1250
 512/3306 [===>..........................] - ETA: 20s - loss: 582282.4375
 640/3306 [====>.........................] - ETA: 19s - loss: 583026.8750
 768/3306 [=====>........................] - ETA: 18s - loss: 582877.3021
 896/3306 [=======>......................] - ETA: 17s - loss: 583636.7232
1024/3306 [========>.....................] - ETA: 16s - loss: 583204.1797
1152/3306 [=========>....................] - ETA: 15s - loss: 583488.4028
1280/3306 [==========>...................] - ETA: 14s - loss: 583466.6625
1408/3306 [===========>..................] - ETA: 13s - loss: 583764.5966
1536/3306 [============>.................] - ETA: 13s - loss: 583757.3594
1664/3306 [==============>...............] - ETA: 12s - loss: 584090.3990
1792/3306 [===============>..............] - ETA: 11s - loss: 584100.5000
1920/3306 [================>.............] - ETA: 10s - loss: 584140.6625
2048/3306 [=================>............] - ETA: 9s - loss: 584068.8828 
2176/3306 [==================>...........] - ETA: 8s - loss: 583832.5919
2304/3306 [===================>..........] - ETA: 7s - loss: 583857.0243
2432/3306 [=====================>........] - ETA: 6s - loss: 583772.7730
2560/3306 [======================>.......] - ETA: 5s - loss: 583876.4781
2688/3306 [=======================>......] - ETA: 4s - loss: 583785.4077
2816/3306 [========================>.....] - ETA: 3s - loss: 583745.5597
2944/3306 [=========================>....] - ETA: 2s - loss: 583777.9755
3072/3306 [==========================>...] - ETA: 1s - loss: 583846.5339
3200/3306 [============================>.] - ETA: 0s - loss: 583837.3775
3306/3306 [==============================] - 24s 7ms/step - loss: 583994.2132
Epoch 22/100

 128/3306 [>.............................] - ETA: 22s - loss: 583210.0625
 256/3306 [=>............................] - ETA: 21s - loss: 581926.3438
 384/3306 [==>...........................] - ETA: 20s - loss: 581247.7917
 512/3306 [===>..........................] - ETA: 20s - loss: 582578.5781
 640/3306 [====>.........................] - ETA: 19s - loss: 582682.3250
 768/3306 [=====>........................] - ETA: 18s - loss: 582984.3125
 896/3306 [=======>......................] - ETA: 17s - loss: 583099.4375
1024/3306 [========>.....................] - ETA: 16s - loss: 583037.8438
1152/3306 [=========>....................] - ETA: 15s - loss: 582978.4792
1280/3306 [==========>...................] - ETA: 14s - loss: 583269.9250
1408/3306 [===========>..................] - ETA: 13s - loss: 583276.7841
1536/3306 [============>.................] - ETA: 13s - loss: 583025.2708
1664/3306 [==============>...............] - ETA: 12s - loss: 583198.5769
1792/3306 [===============>..............] - ETA: 11s - loss: 582941.0268
1920/3306 [================>.............] - ETA: 10s - loss: 582912.4583
2048/3306 [=================>............] - ETA: 9s - loss: 582863.7617 
2176/3306 [==================>...........] - ETA: 8s - loss: 582805.7243
2304/3306 [===================>..........] - ETA: 7s - loss: 583031.5521
2432/3306 [=====================>........] - ETA: 6s - loss: 582925.7204
2560/3306 [======================>.......] - ETA: 5s - loss: 582992.4531
2688/3306 [=======================>......] - ETA: 4s - loss: 583195.1548
2816/3306 [========================>.....] - ETA: 3s - loss: 583050.8239
2944/3306 [=========================>....] - ETA: 2s - loss: 583076.7038
3072/3306 [==========================>...] - ETA: 1s - loss: 583100.1406
3200/3306 [============================>.] - ETA: 0s - loss: 583001.8550
3306/3306 [==============================] - 25s 7ms/step - loss: 583142.0187
Epoch 23/100

 128/3306 [>.............................] - ETA: 23s - loss: 585046.3750
 256/3306 [=>............................] - ETA: 21s - loss: 585020.6250
 384/3306 [==>...........................] - ETA: 21s - loss: 584264.6667
 512/3306 [===>..........................] - ETA: 20s - loss: 584243.0469
 640/3306 [====>.........................] - ETA: 19s - loss: 584321.8875
 768/3306 [=====>........................] - ETA: 18s - loss: 583439.4896
 896/3306 [=======>......................] - ETA: 17s - loss: 582961.2946
1024/3306 [========>.....................] - ETA: 16s - loss: 583205.5703
1152/3306 [=========>....................] - ETA: 15s - loss: 582924.4861
1280/3306 [==========>...................] - ETA: 14s - loss: 583017.5250
1408/3306 [===========>..................] - ETA: 13s - loss: 583263.1136
1536/3306 [============>.................] - ETA: 12s - loss: 583284.2708
1664/3306 [==============>...............] - ETA: 11s - loss: 583095.0962
1792/3306 [===============>..............] - ETA: 11s - loss: 582768.7768
1920/3306 [================>.............] - ETA: 10s - loss: 582664.1667
2048/3306 [=================>............] - ETA: 9s - loss: 582934.2891 
2176/3306 [==================>...........] - ETA: 8s - loss: 582775.5662
2304/3306 [===================>..........] - ETA: 7s - loss: 582718.1319
2432/3306 [=====================>........] - ETA: 6s - loss: 582737.7928
2560/3306 [======================>.......] - ETA: 5s - loss: 582557.4688
2688/3306 [=======================>......] - ETA: 4s - loss: 582574.0268
2816/3306 [========================>.....] - ETA: 3s - loss: 582511.0256
2944/3306 [=========================>....] - ETA: 2s - loss: 582561.3125
3072/3306 [==========================>...] - ETA: 1s - loss: 582528.3255
3200/3306 [============================>.] - ETA: 0s - loss: 582402.4125
3306/3306 [==============================] - 24s 7ms/step - loss: 582538.5003
Epoch 24/100

 128/3306 [>.............................] - ETA: 22s - loss: 578605.6250
 256/3306 [=>............................] - ETA: 21s - loss: 580186.2500
 384/3306 [==>...........................] - ETA: 21s - loss: 581475.8333
 512/3306 [===>..........................] - ETA: 20s - loss: 582304.4375
 640/3306 [====>.........................] - ETA: 19s - loss: 582504.6250
 768/3306 [=====>........................] - ETA: 18s - loss: 582781.9896
 896/3306 [=======>......................] - ETA: 17s - loss: 582067.7321
1024/3306 [========>.....................] - ETA: 16s - loss: 581679.9922
1152/3306 [=========>....................] - ETA: 15s - loss: 581988.6806
1280/3306 [==========>...................] - ETA: 14s - loss: 581898.3562
1408/3306 [===========>..................] - ETA: 13s - loss: 581928.1761
1536/3306 [============>.................] - ETA: 12s - loss: 581712.5104
1664/3306 [==============>...............] - ETA: 12s - loss: 581971.2212
1792/3306 [===============>..............] - ETA: 11s - loss: 581569.5089
1920/3306 [================>.............] - ETA: 10s - loss: 581615.7833
2048/3306 [=================>............] - ETA: 9s - loss: 581859.5430 
2176/3306 [==================>...........] - ETA: 8s - loss: 581707.8750
2304/3306 [===================>..........] - ETA: 7s - loss: 581687.7708
2432/3306 [=====================>........] - ETA: 6s - loss: 581844.0954
2560/3306 [======================>.......] - ETA: 5s - loss: 581840.4156
2688/3306 [=======================>......] - ETA: 4s - loss: 581994.6399
2816/3306 [========================>.....] - ETA: 3s - loss: 582103.4517
2944/3306 [=========================>....] - ETA: 2s - loss: 582008.0571
3072/3306 [==========================>...] - ETA: 1s - loss: 581915.6615
3200/3306 [============================>.] - ETA: 0s - loss: 581905.4650
3306/3306 [==============================] - 24s 7ms/step - loss: 582037.5413
Epoch 25/100

 128/3306 [>.............................] - ETA: 23s - loss: 579574.6250
 256/3306 [=>............................] - ETA: 21s - loss: 582415.6875
 384/3306 [==>...........................] - ETA: 20s - loss: 581525.4167
 512/3306 [===>..........................] - ETA: 20s - loss: 581086.6094
 640/3306 [====>.........................] - ETA: 19s - loss: 580745.2125
 768/3306 [=====>........................] - ETA: 18s - loss: 580685.4479
 896/3306 [=======>......................] - ETA: 17s - loss: 581197.1518
1024/3306 [========>.....................] - ETA: 16s - loss: 581506.8359
1152/3306 [=========>....................] - ETA: 15s - loss: 581535.1250
1280/3306 [==========>...................] - ETA: 14s - loss: 581337.8250
1408/3306 [===========>..................] - ETA: 13s - loss: 581284.5341
1536/3306 [============>.................] - ETA: 12s - loss: 581261.5104
1664/3306 [==============>...............] - ETA: 12s - loss: 581284.7356
1792/3306 [===============>..............] - ETA: 11s - loss: 581129.5670
1920/3306 [================>.............] - ETA: 10s - loss: 581454.1708
2048/3306 [=================>............] - ETA: 9s - loss: 581603.2461 
2176/3306 [==================>...........] - ETA: 8s - loss: 581350.8787
2304/3306 [===================>..........] - ETA: 7s - loss: 581264.0764
2432/3306 [=====================>........] - ETA: 6s - loss: 581075.8618
2560/3306 [======================>.......] - ETA: 5s - loss: 581182.0563
2688/3306 [=======================>......] - ETA: 4s - loss: 581386.1964
2816/3306 [========================>.....] - ETA: 3s - loss: 581562.2670
2944/3306 [=========================>....] - ETA: 2s - loss: 581544.3777
3072/3306 [==========================>...] - ETA: 1s - loss: 581412.0417
3200/3306 [============================>.] - ETA: 0s - loss: 581262.4050
3306/3306 [==============================] - 24s 7ms/step - loss: 581422.0032
Epoch 26/100

 128/3306 [>.............................] - ETA: 22s - loss: 582895.3750
 256/3306 [=>............................] - ETA: 21s - loss: 582684.2500
 384/3306 [==>...........................] - ETA: 21s - loss: 583726.8750
 512/3306 [===>..........................] - ETA: 20s - loss: 582863.2500
 640/3306 [====>.........................] - ETA: 19s - loss: 582331.9625
 768/3306 [=====>........................] - ETA: 18s - loss: 581450.5104
 896/3306 [=======>......................] - ETA: 17s - loss: 581022.2143
1024/3306 [========>.....................] - ETA: 16s - loss: 581098.1719
1152/3306 [=========>....................] - ETA: 15s - loss: 581247.8889
1280/3306 [==========>...................] - ETA: 14s - loss: 581073.1125
1408/3306 [===========>..................] - ETA: 13s - loss: 581259.0455
1536/3306 [============>.................] - ETA: 12s - loss: 581029.5104
1664/3306 [==============>...............] - ETA: 12s - loss: 581159.8125
1792/3306 [===============>..............] - ETA: 11s - loss: 580879.3616
1920/3306 [================>.............] - ETA: 10s - loss: 580766.4208
2048/3306 [=================>............] - ETA: 9s - loss: 580820.1211 
2176/3306 [==================>...........] - ETA: 8s - loss: 580531.7169
2304/3306 [===================>..........] - ETA: 7s - loss: 580510.4722
2432/3306 [=====================>........] - ETA: 6s - loss: 580705.0329
2560/3306 [======================>.......] - ETA: 5s - loss: 580751.4625
2688/3306 [=======================>......] - ETA: 4s - loss: 580719.5298
2816/3306 [========================>.....] - ETA: 3s - loss: 580775.9773
2944/3306 [=========================>....] - ETA: 2s - loss: 580790.5625
3072/3306 [==========================>...] - ETA: 1s - loss: 580743.8802
3200/3306 [============================>.] - ETA: 0s - loss: 580840.0550
3306/3306 [==============================] - 24s 7ms/step - loss: 580981.9356
Epoch 27/100

 128/3306 [>.............................] - ETA: 23s - loss: 578953.8125
 256/3306 [=>............................] - ETA: 22s - loss: 581500.6250
 384/3306 [==>...........................] - ETA: 21s - loss: 582634.1250
 512/3306 [===>..........................] - ETA: 20s - loss: 582738.1875
 640/3306 [====>.........................] - ETA: 19s - loss: 581951.5375
 768/3306 [=====>........................] - ETA: 18s - loss: 581841.5521
 896/3306 [=======>......................] - ETA: 17s - loss: 581607.8482
1024/3306 [========>.....................] - ETA: 16s - loss: 581458.2422
1152/3306 [=========>....................] - ETA: 15s - loss: 581245.6806
1280/3306 [==========>...................] - ETA: 14s - loss: 581301.1625
1408/3306 [===========>..................] - ETA: 14s - loss: 581391.7898
1536/3306 [============>.................] - ETA: 13s - loss: 581250.1406
1664/3306 [==============>...............] - ETA: 12s - loss: 581064.8462
1792/3306 [===============>..............] - ETA: 11s - loss: 581231.6250
1920/3306 [================>.............] - ETA: 10s - loss: 581131.9833
2048/3306 [=================>............] - ETA: 9s - loss: 580898.0391 
2176/3306 [==================>...........] - ETA: 8s - loss: 580988.9118
2304/3306 [===================>..........] - ETA: 7s - loss: 580803.4444
2432/3306 [=====================>........] - ETA: 6s - loss: 580678.6316
2560/3306 [======================>.......] - ETA: 5s - loss: 580622.2656
2688/3306 [=======================>......] - ETA: 4s - loss: 580383.8542
2816/3306 [========================>.....] - ETA: 3s - loss: 580427.8636
2944/3306 [=========================>....] - ETA: 2s - loss: 580512.3696
3072/3306 [==========================>...] - ETA: 1s - loss: 580251.3646
3200/3306 [============================>.] - ETA: 0s - loss: 580411.8750
3306/3306 [==============================] - 25s 7ms/step - loss: 580584.6540
Epoch 28/100

 128/3306 [>.............................] - ETA: 23s - loss: 579026.8125
 256/3306 [=>............................] - ETA: 22s - loss: 581090.1562
 384/3306 [==>...........................] - ETA: 21s - loss: 580719.5000
 512/3306 [===>..........................] - ETA: 20s - loss: 580372.3750
 640/3306 [====>.........................] - ETA: 19s - loss: 580342.3250
 768/3306 [=====>........................] - ETA: 18s - loss: 580175.7708
 896/3306 [=======>......................] - ETA: 17s - loss: 579791.9375
1024/3306 [========>.....................] - ETA: 16s - loss: 579693.2109
1152/3306 [=========>....................] - ETA: 15s - loss: 579455.7014
1280/3306 [==========>...................] - ETA: 14s - loss: 579633.3812
1408/3306 [===========>..................] - ETA: 13s - loss: 579876.1023
1536/3306 [============>.................] - ETA: 12s - loss: 580051.2240
1664/3306 [==============>...............] - ETA: 12s - loss: 579968.2260
1792/3306 [===============>..............] - ETA: 11s - loss: 580239.6652
1920/3306 [================>.............] - ETA: 10s - loss: 580532.2125
2048/3306 [=================>............] - ETA: 9s - loss: 580416.4766 
2176/3306 [==================>...........] - ETA: 8s - loss: 580417.2574
2304/3306 [===================>..........] - ETA: 7s - loss: 580437.3160
2432/3306 [=====================>........] - ETA: 6s - loss: 580472.6217
2560/3306 [======================>.......] - ETA: 5s - loss: 580590.3094
2688/3306 [=======================>......] - ETA: 4s - loss: 580428.3095
2816/3306 [========================>.....] - ETA: 3s - loss: 580290.4148
2944/3306 [=========================>....] - ETA: 2s - loss: 580147.2120
3072/3306 [==========================>...] - ETA: 1s - loss: 580289.1562
3200/3306 [============================>.] - ETA: 0s - loss: 580391.4225
3306/3306 [==============================] - 24s 7ms/step - loss: 580532.7303
Epoch 29/100

 128/3306 [>.............................] - ETA: 23s - loss: 582512.8750
 256/3306 [=>............................] - ETA: 21s - loss: 579742.4375
 384/3306 [==>...........................] - ETA: 21s - loss: 580043.7708
 512/3306 [===>..........................] - ETA: 20s - loss: 578307.0938
 640/3306 [====>.........................] - ETA: 19s - loss: 578598.8000
 768/3306 [=====>........................] - ETA: 18s - loss: 578050.5938
 896/3306 [=======>......................] - ETA: 17s - loss: 578234.6696
1024/3306 [========>.....................] - ETA: 16s - loss: 578394.1328
1152/3306 [=========>....................] - ETA: 15s - loss: 578450.0208
1280/3306 [==========>...................] - ETA: 14s - loss: 578019.4688
1408/3306 [===========>..................] - ETA: 13s - loss: 578021.9489
1536/3306 [============>.................] - ETA: 12s - loss: 578453.4323
1664/3306 [==============>...............] - ETA: 11s - loss: 578733.2500
1792/3306 [===============>..............] - ETA: 11s - loss: 578955.9911
1920/3306 [================>.............] - ETA: 10s - loss: 579020.1083
2048/3306 [=================>............] - ETA: 9s - loss: 579091.7109 
2176/3306 [==================>...........] - ETA: 8s - loss: 579296.1250
2304/3306 [===================>..........] - ETA: 7s - loss: 579349.4896
2432/3306 [=====================>........] - ETA: 6s - loss: 579228.4243
2560/3306 [======================>.......] - ETA: 5s - loss: 579175.0719
2688/3306 [=======================>......] - ETA: 4s - loss: 579225.3542
2816/3306 [========================>.....] - ETA: 3s - loss: 579188.5824
2944/3306 [=========================>....] - ETA: 2s - loss: 579308.8940
3072/3306 [==========================>...] - ETA: 1s - loss: 579389.5755
3200/3306 [============================>.] - ETA: 0s - loss: 579576.0375
3306/3306 [==============================] - 24s 7ms/step - loss: 579726.6178
Epoch 30/100

 128/3306 [>.............................] - ETA: 22s - loss: 579394.5000
 256/3306 [=>............................] - ETA: 22s - loss: 578040.4688
 384/3306 [==>...........................] - ETA: 21s - loss: 577518.4792
 512/3306 [===>..........................] - ETA: 20s - loss: 577683.9688
 640/3306 [====>.........................] - ETA: 19s - loss: 577606.3625
 768/3306 [=====>........................] - ETA: 18s - loss: 578160.5729
 896/3306 [=======>......................] - ETA: 17s - loss: 578247.5000
1024/3306 [========>.....................] - ETA: 16s - loss: 578447.9766
1152/3306 [=========>....................] - ETA: 15s - loss: 578908.8542
1280/3306 [==========>...................] - ETA: 14s - loss: 578515.4000
1408/3306 [===========>..................] - ETA: 13s - loss: 578869.4659
1536/3306 [============>.................] - ETA: 13s - loss: 578971.3229
1664/3306 [==============>...............] - ETA: 12s - loss: 578541.6058
1792/3306 [===============>..............] - ETA: 11s - loss: 578781.5446
1920/3306 [================>.............] - ETA: 10s - loss: 578659.0042
2048/3306 [=================>............] - ETA: 9s - loss: 578489.0820 
2176/3306 [==================>...........] - ETA: 8s - loss: 578591.1360
2304/3306 [===================>..........] - ETA: 7s - loss: 578633.5069
2432/3306 [=====================>........] - ETA: 6s - loss: 578607.8849
2560/3306 [======================>.......] - ETA: 5s - loss: 578789.3125
2688/3306 [=======================>......] - ETA: 4s - loss: 578930.9464
2816/3306 [========================>.....] - ETA: 3s - loss: 578819.3125
2944/3306 [=========================>....] - ETA: 2s - loss: 578799.6114
3072/3306 [==========================>...] - ETA: 1s - loss: 578802.2161
3200/3306 [============================>.] - ETA: 0s - loss: 578932.1300
3306/3306 [==============================] - 24s 7ms/step - loss: 579082.2925
Epoch 31/100

 128/3306 [>.............................] - ETA: 23s - loss: 579538.8750
 256/3306 [=>............................] - ETA: 22s - loss: 578587.3125
 384/3306 [==>...........................] - ETA: 21s - loss: 578992.9583
 512/3306 [===>..........................] - ETA: 20s - loss: 578695.6250
 640/3306 [====>.........................] - ETA: 19s - loss: 579261.1500
 768/3306 [=====>........................] - ETA: 18s - loss: 579453.4792
 896/3306 [=======>......................] - ETA: 17s - loss: 579874.6071
1024/3306 [========>.....................] - ETA: 16s - loss: 579689.1172
1152/3306 [=========>....................] - ETA: 15s - loss: 579626.0694
1280/3306 [==========>...................] - ETA: 14s - loss: 579527.6000
1408/3306 [===========>..................] - ETA: 13s - loss: 579272.5511
1536/3306 [============>.................] - ETA: 13s - loss: 579367.5573
1664/3306 [==============>...............] - ETA: 12s - loss: 579249.0721
1792/3306 [===============>..............] - ETA: 11s - loss: 579332.9420
1920/3306 [================>.............] - ETA: 10s - loss: 579171.6417
2048/3306 [=================>............] - ETA: 9s - loss: 578998.2188 
2176/3306 [==================>...........] - ETA: 8s - loss: 579082.4007
2304/3306 [===================>..........] - ETA: 7s - loss: 578775.7153
2432/3306 [=====================>........] - ETA: 6s - loss: 578615.4046
2560/3306 [======================>.......] - ETA: 5s - loss: 578539.5094
2688/3306 [=======================>......] - ETA: 4s - loss: 578722.1369
2816/3306 [========================>.....] - ETA: 3s - loss: 578781.2500
2944/3306 [=========================>....] - ETA: 2s - loss: 578647.9076
3072/3306 [==========================>...] - ETA: 1s - loss: 578764.5599
3200/3306 [============================>.] - ETA: 0s - loss: 578686.8325
3306/3306 [==============================] - 24s 7ms/step - loss: 578874.3097
Epoch 32/100

 128/3306 [>.............................] - ETA: 22s - loss: 581370.6250
 256/3306 [=>............................] - ETA: 22s - loss: 580914.1875
 384/3306 [==>...........................] - ETA: 21s - loss: 580107.8333
 512/3306 [===>..........................] - ETA: 20s - loss: 579776.4688
 640/3306 [====>.........................] - ETA: 19s - loss: 578867.4500
 768/3306 [=====>........................] - ETA: 18s - loss: 578783.3021
 896/3306 [=======>......................] - ETA: 17s - loss: 578457.7857
1024/3306 [========>.....................] - ETA: 16s - loss: 578600.7344
1152/3306 [=========>....................] - ETA: 15s - loss: 577966.7500
1280/3306 [==========>...................] - ETA: 14s - loss: 577572.6875
1408/3306 [===========>..................] - ETA: 13s - loss: 577489.6477
1536/3306 [============>.................] - ETA: 13s - loss: 577238.7188
1664/3306 [==============>...............] - ETA: 12s - loss: 577619.2596
1792/3306 [===============>..............] - ETA: 11s - loss: 577582.7679
1920/3306 [================>.............] - ETA: 10s - loss: 577708.0458
2048/3306 [=================>............] - ETA: 9s - loss: 577408.0000 
2176/3306 [==================>...........] - ETA: 8s - loss: 577465.8309
2304/3306 [===================>..........] - ETA: 7s - loss: 577534.0486
2432/3306 [=====================>........] - ETA: 6s - loss: 577639.5789
2560/3306 [======================>.......] - ETA: 5s - loss: 577769.5375
2688/3306 [=======================>......] - ETA: 4s - loss: 577949.8304
2816/3306 [========================>.....] - ETA: 3s - loss: 578051.7131
2944/3306 [=========================>....] - ETA: 2s - loss: 577968.9864
3072/3306 [==========================>...] - ETA: 1s - loss: 578009.2552
3200/3306 [============================>.] - ETA: 0s - loss: 578135.8750
3306/3306 [==============================] - 24s 7ms/step - loss: 578302.2595
Epoch 33/100

 128/3306 [>.............................] - ETA: 23s - loss: 575073.0000
 256/3306 [=>............................] - ETA: 22s - loss: 577513.5625
 384/3306 [==>...........................] - ETA: 21s - loss: 577526.5625
 512/3306 [===>..........................] - ETA: 20s - loss: 577096.9531
 640/3306 [====>.........................] - ETA: 19s - loss: 577090.1625
 768/3306 [=====>........................] - ETA: 18s - loss: 576752.4479
 896/3306 [=======>......................] - ETA: 17s - loss: 577111.9196
1024/3306 [========>.....................] - ETA: 16s - loss: 577015.5625
1152/3306 [=========>....................] - ETA: 15s - loss: 577364.8681
1280/3306 [==========>...................] - ETA: 14s - loss: 577402.0188
1408/3306 [===========>..................] - ETA: 13s - loss: 577795.4943
1536/3306 [============>.................] - ETA: 12s - loss: 577755.8333
1664/3306 [==============>...............] - ETA: 12s - loss: 578021.4808
1792/3306 [===============>..............] - ETA: 11s - loss: 577661.7589
1920/3306 [================>.............] - ETA: 10s - loss: 577873.4667
2048/3306 [=================>............] - ETA: 9s - loss: 577833.8555 
2176/3306 [==================>...........] - ETA: 8s - loss: 577933.6213
2304/3306 [===================>..........] - ETA: 7s - loss: 577949.5243
2432/3306 [=====================>........] - ETA: 6s - loss: 577908.5954
2560/3306 [======================>.......] - ETA: 5s - loss: 578103.0156
2688/3306 [=======================>......] - ETA: 4s - loss: 578210.0685
2816/3306 [========================>.....] - ETA: 3s - loss: 578235.2415
2944/3306 [=========================>....] - ETA: 2s - loss: 578160.0734
3072/3306 [==========================>...] - ETA: 1s - loss: 577957.1589
3200/3306 [============================>.] - ETA: 0s - loss: 577982.5625
3306/3306 [==============================] - 24s 7ms/step - loss: 578117.3971
Epoch 34/100

 128/3306 [>.............................] - ETA: 23s - loss: 579285.8750
 256/3306 [=>............................] - ETA: 22s - loss: 575402.8750
 384/3306 [==>...........................] - ETA: 21s - loss: 576610.7708
 512/3306 [===>..........................] - ETA: 20s - loss: 578005.5938
 640/3306 [====>.........................] - ETA: 19s - loss: 578187.2750
 768/3306 [=====>........................] - ETA: 18s - loss: 577504.6875
 896/3306 [=======>......................] - ETA: 17s - loss: 578037.9911
1024/3306 [========>.....................] - ETA: 16s - loss: 578232.8594
1152/3306 [=========>....................] - ETA: 15s - loss: 578537.0486
1280/3306 [==========>...................] - ETA: 14s - loss: 578324.7000
1408/3306 [===========>..................] - ETA: 13s - loss: 578102.7386
1536/3306 [============>.................] - ETA: 13s - loss: 578039.8750
1664/3306 [==============>...............] - ETA: 12s - loss: 577987.3413
1792/3306 [===============>..............] - ETA: 11s - loss: 577773.8259
1920/3306 [================>.............] - ETA: 10s - loss: 577691.3667
2048/3306 [=================>............] - ETA: 9s - loss: 577700.1406 
2176/3306 [==================>...........] - ETA: 8s - loss: 577560.8529
2304/3306 [===================>..........] - ETA: 7s - loss: 577704.3403
2432/3306 [=====================>........] - ETA: 6s - loss: 577761.2237
2560/3306 [======================>.......] - ETA: 5s - loss: 577691.9875
2688/3306 [=======================>......] - ETA: 4s - loss: 577826.6369
2816/3306 [========================>.....] - ETA: 3s - loss: 577664.8551
2944/3306 [=========================>....] - ETA: 2s - loss: 577669.6114
3072/3306 [==========================>...] - ETA: 1s - loss: 577443.8021
3200/3306 [============================>.] - ETA: 0s - loss: 577463.8275
3306/3306 [==============================] - 24s 7ms/step - loss: 577619.7309
Epoch 35/100

 128/3306 [>.............................] - ETA: 23s - loss: 580049.0000
 256/3306 [=>............................] - ETA: 22s - loss: 580568.7188
 384/3306 [==>...........................] - ETA: 21s - loss: 578275.6875
 512/3306 [===>..........................] - ETA: 20s - loss: 578438.6406
 640/3306 [====>.........................] - ETA: 19s - loss: 577929.6875
 768/3306 [=====>........................] - ETA: 18s - loss: 578353.1146
 896/3306 [=======>......................] - ETA: 17s - loss: 578186.6161
1024/3306 [========>.....................] - ETA: 16s - loss: 577716.6797
1152/3306 [=========>....................] - ETA: 15s - loss: 577710.8403
1280/3306 [==========>...................] - ETA: 14s - loss: 577515.3000
1408/3306 [===========>..................] - ETA: 13s - loss: 577685.6477
1536/3306 [============>.................] - ETA: 12s - loss: 577830.5521
1664/3306 [==============>...............] - ETA: 11s - loss: 577817.7308
1792/3306 [===============>..............] - ETA: 10s - loss: 577651.1429
1920/3306 [================>.............] - ETA: 10s - loss: 577312.6167
2048/3306 [=================>............] - ETA: 9s - loss: 577428.0938 
2176/3306 [==================>...........] - ETA: 8s - loss: 577332.2941
2304/3306 [===================>..........] - ETA: 7s - loss: 577199.9410
2432/3306 [=====================>........] - ETA: 6s - loss: 577021.7434
2560/3306 [======================>.......] - ETA: 5s - loss: 577106.5687
2688/3306 [=======================>......] - ETA: 4s - loss: 577159.0417
2816/3306 [========================>.....] - ETA: 3s - loss: 577254.4801
2944/3306 [=========================>....] - ETA: 2s - loss: 577017.2337
3072/3306 [==========================>...] - ETA: 1s - loss: 576956.8594
3200/3306 [============================>.] - ETA: 0s - loss: 576961.0025
3306/3306 [==============================] - 24s 7ms/step - loss: 577075.4129
Epoch 36/100

 128/3306 [>.............................] - ETA: 23s - loss: 575299.7500
 256/3306 [=>............................] - ETA: 22s - loss: 576953.4688
 384/3306 [==>...........................] - ETA: 21s - loss: 575397.0208
 512/3306 [===>..........................] - ETA: 20s - loss: 575043.8438
 640/3306 [====>.........................] - ETA: 19s - loss: 575195.2000
 768/3306 [=====>........................] - ETA: 18s - loss: 574954.4896
 896/3306 [=======>......................] - ETA: 17s - loss: 575380.1250
1024/3306 [========>.....................] - ETA: 16s - loss: 575402.5312
1152/3306 [=========>....................] - ETA: 15s - loss: 575183.4167
1280/3306 [==========>...................] - ETA: 14s - loss: 575242.0250
1408/3306 [===========>..................] - ETA: 13s - loss: 575721.8352
1536/3306 [============>.................] - ETA: 13s - loss: 576117.8906
1664/3306 [==============>...............] - ETA: 12s - loss: 576258.5817
1792/3306 [===============>..............] - ETA: 11s - loss: 576630.4732
1920/3306 [================>.............] - ETA: 10s - loss: 576888.8708
2048/3306 [=================>............] - ETA: 9s - loss: 576866.0273 
2176/3306 [==================>...........] - ETA: 8s - loss: 576932.7500
2304/3306 [===================>..........] - ETA: 7s - loss: 577020.6285
2432/3306 [=====================>........] - ETA: 6s - loss: 576768.5132
2560/3306 [======================>.......] - ETA: 5s - loss: 576718.5813
2688/3306 [=======================>......] - ETA: 4s - loss: 576670.1458
2816/3306 [========================>.....] - ETA: 3s - loss: 576772.2244
2944/3306 [=========================>....] - ETA: 2s - loss: 576680.1603
3072/3306 [==========================>...] - ETA: 1s - loss: 576788.4766
3200/3306 [============================>.] - ETA: 0s - loss: 576706.1025
3306/3306 [==============================] - 24s 7ms/step - loss: 576869.9848
Epoch 37/100

 128/3306 [>.............................] - ETA: 24s - loss: 580109.5000
 256/3306 [=>............................] - ETA: 22s - loss: 578559.0000
 384/3306 [==>...........................] - ETA: 21s - loss: 577204.6250
 512/3306 [===>..........................] - ETA: 20s - loss: 577604.7656
 640/3306 [====>.........................] - ETA: 19s - loss: 577167.0000
 768/3306 [=====>........................] - ETA: 18s - loss: 576765.4583
 896/3306 [=======>......................] - ETA: 17s - loss: 576674.5536
1024/3306 [========>.....................] - ETA: 16s - loss: 576662.2656
1152/3306 [=========>....................] - ETA: 15s - loss: 576983.3611
1280/3306 [==========>...................] - ETA: 14s - loss: 577264.6750
1408/3306 [===========>..................] - ETA: 13s - loss: 577183.3864
1536/3306 [============>.................] - ETA: 13s - loss: 576952.8750
1664/3306 [==============>...............] - ETA: 12s - loss: 576811.4808
1792/3306 [===============>..............] - ETA: 11s - loss: 576639.2411
1920/3306 [================>.............] - ETA: 10s - loss: 576561.7375
2048/3306 [=================>............] - ETA: 9s - loss: 576436.0352 
2176/3306 [==================>...........] - ETA: 8s - loss: 576184.2831
2304/3306 [===================>..........] - ETA: 7s - loss: 576434.6215
2432/3306 [=====================>........] - ETA: 6s - loss: 576524.7500
2560/3306 [======================>.......] - ETA: 5s - loss: 576222.6813
2688/3306 [=======================>......] - ETA: 4s - loss: 576074.5714
2816/3306 [========================>.....] - ETA: 3s - loss: 576191.3239
2944/3306 [=========================>....] - ETA: 2s - loss: 576335.5951
3072/3306 [==========================>...] - ETA: 1s - loss: 576431.2682
3200/3306 [============================>.] - ETA: 0s - loss: 576434.9275
3306/3306 [==============================] - 24s 7ms/step - loss: 576597.7513
Epoch 38/100

 128/3306 [>.............................] - ETA: 23s - loss: 579301.3125
 256/3306 [=>............................] - ETA: 22s - loss: 577012.0000
 384/3306 [==>...........................] - ETA: 21s - loss: 577023.0417
 512/3306 [===>..........................] - ETA: 20s - loss: 577417.4844
 640/3306 [====>.........................] - ETA: 19s - loss: 577139.9375
 768/3306 [=====>........................] - ETA: 18s - loss: 576698.5104
 896/3306 [=======>......................] - ETA: 17s - loss: 576349.5625
1024/3306 [========>.....................] - ETA: 16s - loss: 575971.8516
1152/3306 [=========>....................] - ETA: 15s - loss: 576192.5625
1280/3306 [==========>...................] - ETA: 14s - loss: 576385.3375
1408/3306 [===========>..................] - ETA: 13s - loss: 576044.7330
1536/3306 [============>.................] - ETA: 13s - loss: 575582.9115
1664/3306 [==============>...............] - ETA: 12s - loss: 575581.0865
1792/3306 [===============>..............] - ETA: 11s - loss: 575781.5759
1920/3306 [================>.............] - ETA: 10s - loss: 576085.4208
2048/3306 [=================>............] - ETA: 9s - loss: 576105.7344 
2176/3306 [==================>...........] - ETA: 8s - loss: 576009.1985
2304/3306 [===================>..........] - ETA: 7s - loss: 576256.1285
2432/3306 [=====================>........] - ETA: 6s - loss: 576272.6184
2560/3306 [======================>.......] - ETA: 5s - loss: 576396.6594
2688/3306 [=======================>......] - ETA: 4s - loss: 576425.7946
2816/3306 [========================>.....] - ETA: 3s - loss: 576411.9205
2944/3306 [=========================>....] - ETA: 2s - loss: 576368.0571
3072/3306 [==========================>...] - ETA: 1s - loss: 576269.8255
3200/3306 [============================>.] - ETA: 0s - loss: 576299.0675
3306/3306 [==============================] - 24s 7ms/step - loss: 576436.3708
Epoch 39/100

 128/3306 [>.............................] - ETA: 23s - loss: 576027.2500
 256/3306 [=>............................] - ETA: 22s - loss: 577530.7500
 384/3306 [==>...........................] - ETA: 21s - loss: 576325.8750
 512/3306 [===>..........................] - ETA: 20s - loss: 576502.2500
 640/3306 [====>.........................] - ETA: 19s - loss: 576144.4875
 768/3306 [=====>........................] - ETA: 18s - loss: 576033.3438
 896/3306 [=======>......................] - ETA: 17s - loss: 575985.3304
1024/3306 [========>.....................] - ETA: 16s - loss: 575554.6016
1152/3306 [=========>....................] - ETA: 15s - loss: 575934.6458
1280/3306 [==========>...................] - ETA: 14s - loss: 575889.5312
1408/3306 [===========>..................] - ETA: 13s - loss: 575875.4659
1536/3306 [============>.................] - ETA: 13s - loss: 576085.2188
1664/3306 [==============>...............] - ETA: 12s - loss: 576184.5962
1792/3306 [===============>..............] - ETA: 11s - loss: 575816.8214
1920/3306 [================>.............] - ETA: 10s - loss: 576002.0292
2048/3306 [=================>............] - ETA: 9s - loss: 576221.4102 
2176/3306 [==================>...........] - ETA: 8s - loss: 576035.6912
2304/3306 [===================>..........] - ETA: 7s - loss: 575967.6111
2432/3306 [=====================>........] - ETA: 6s - loss: 575885.9013
2560/3306 [======================>.......] - ETA: 5s - loss: 575896.0094
2688/3306 [=======================>......] - ETA: 4s - loss: 575655.0506
2816/3306 [========================>.....] - ETA: 3s - loss: 575762.6278
2944/3306 [=========================>....] - ETA: 2s - loss: 575707.1929
3072/3306 [==========================>...] - ETA: 1s - loss: 575873.1797
3200/3306 [============================>.] - ETA: 0s - loss: 575950.1925
3306/3306 [==============================] - 25s 7ms/step - loss: 576108.1262
Epoch 40/100

 128/3306 [>.............................] - ETA: 22s - loss: 572704.3750
 256/3306 [=>............................] - ETA: 22s - loss: 576149.2500
 384/3306 [==>...........................] - ETA: 21s - loss: 576437.9167
 512/3306 [===>..........................] - ETA: 20s - loss: 575839.7812
 640/3306 [====>.........................] - ETA: 19s - loss: 576520.3125
 768/3306 [=====>........................] - ETA: 18s - loss: 575828.8750
 896/3306 [=======>......................] - ETA: 17s - loss: 575056.6429
1024/3306 [========>.....................] - ETA: 16s - loss: 575415.0000
1152/3306 [=========>....................] - ETA: 15s - loss: 575812.5833
1280/3306 [==========>...................] - ETA: 14s - loss: 575812.4625
1408/3306 [===========>..................] - ETA: 13s - loss: 575791.4375
1536/3306 [============>.................] - ETA: 13s - loss: 575347.6094
1664/3306 [==============>...............] - ETA: 12s - loss: 575227.1971
1792/3306 [===============>..............] - ETA: 11s - loss: 575347.6116
1920/3306 [================>.............] - ETA: 10s - loss: 575281.9792
2048/3306 [=================>............] - ETA: 9s - loss: 575215.8164 
2176/3306 [==================>...........] - ETA: 8s - loss: 575134.9890
2304/3306 [===================>..........] - ETA: 7s - loss: 575382.8681
2432/3306 [=====================>........] - ETA: 6s - loss: 575433.0329
2560/3306 [======================>.......] - ETA: 5s - loss: 575434.0625
2688/3306 [=======================>......] - ETA: 4s - loss: 575587.1161
2816/3306 [========================>.....] - ETA: 3s - loss: 575582.6051
2944/3306 [=========================>....] - ETA: 2s - loss: 575602.0951
3072/3306 [==========================>...] - ETA: 1s - loss: 575644.1589
3200/3306 [============================>.] - ETA: 0s - loss: 575680.3225
3306/3306 [==============================] - 24s 7ms/step - loss: 575806.8986
Epoch 41/100

 128/3306 [>.............................] - ETA: 23s - loss: 578260.6250
 256/3306 [=>............................] - ETA: 22s - loss: 576945.7500
 384/3306 [==>...........................] - ETA: 21s - loss: 576607.0833
 512/3306 [===>..........................] - ETA: 20s - loss: 576020.0000
 640/3306 [====>.........................] - ETA: 19s - loss: 575865.1125
 768/3306 [=====>........................] - ETA: 18s - loss: 575330.2188
 896/3306 [=======>......................] - ETA: 17s - loss: 575884.4911
1024/3306 [========>.....................] - ETA: 16s - loss: 575799.7109
1152/3306 [=========>....................] - ETA: 15s - loss: 575920.6389
1280/3306 [==========>...................] - ETA: 14s - loss: 575942.1687
1408/3306 [===========>..................] - ETA: 13s - loss: 575673.6080
1536/3306 [============>.................] - ETA: 12s - loss: 575881.1719
1664/3306 [==============>...............] - ETA: 11s - loss: 576104.6154
1792/3306 [===============>..............] - ETA: 11s - loss: 575952.2054
1920/3306 [================>.............] - ETA: 10s - loss: 575639.8250
2048/3306 [=================>............] - ETA: 9s - loss: 575652.4727 
2176/3306 [==================>...........] - ETA: 8s - loss: 575690.0404
2304/3306 [===================>..........] - ETA: 7s - loss: 575888.7917
2432/3306 [=====================>........] - ETA: 6s - loss: 576078.2895
2560/3306 [======================>.......] - ETA: 5s - loss: 575876.9187
2688/3306 [=======================>......] - ETA: 4s - loss: 575672.3452
2816/3306 [========================>.....] - ETA: 3s - loss: 575765.5710
2944/3306 [=========================>....] - ETA: 2s - loss: 575829.2446
3072/3306 [==========================>...] - ETA: 1s - loss: 575929.0052
3200/3306 [============================>.] - ETA: 0s - loss: 575848.9800
3306/3306 [==============================] - 24s 7ms/step - loss: 575941.1695
Epoch 42/100

 128/3306 [>.............................] - ETA: 23s - loss: 573199.1875
 256/3306 [=>............................] - ETA: 22s - loss: 575989.4062
 384/3306 [==>...........................] - ETA: 21s - loss: 575726.9375
 512/3306 [===>..........................] - ETA: 20s - loss: 576299.1094
 640/3306 [====>.........................] - ETA: 19s - loss: 575873.2500
 768/3306 [=====>........................] - ETA: 18s - loss: 575956.6250
 896/3306 [=======>......................] - ETA: 17s - loss: 575570.7143
1024/3306 [========>.....................] - ETA: 16s - loss: 575445.1250
1152/3306 [=========>....................] - ETA: 15s - loss: 575521.6389
1280/3306 [==========>...................] - ETA: 14s - loss: 575207.5125
1408/3306 [===========>..................] - ETA: 13s - loss: 575539.5852
1536/3306 [============>.................] - ETA: 13s - loss: 575589.3438
1664/3306 [==============>...............] - ETA: 12s - loss: 575708.4519
1792/3306 [===============>..............] - ETA: 11s - loss: 575562.1339
1920/3306 [================>.............] - ETA: 10s - loss: 575838.6333
2048/3306 [=================>............] - ETA: 9s - loss: 575503.6914 
2176/3306 [==================>...........] - ETA: 8s - loss: 575191.4338
2304/3306 [===================>..........] - ETA: 7s - loss: 575290.9861
2432/3306 [=====================>........] - ETA: 6s - loss: 575128.0592
2560/3306 [======================>.......] - ETA: 5s - loss: 575298.4437
2688/3306 [=======================>......] - ETA: 4s - loss: 575305.5238
2816/3306 [========================>.....] - ETA: 3s - loss: 575260.1023
2944/3306 [=========================>....] - ETA: 2s - loss: 575356.3424
3072/3306 [==========================>...] - ETA: 1s - loss: 575374.0365
3200/3306 [============================>.] - ETA: 0s - loss: 575412.9300
3306/3306 [==============================] - 24s 7ms/step - loss: 575542.8392
Epoch 43/100

 128/3306 [>.............................] - ETA: 24s - loss: 571682.7500
 256/3306 [=>............................] - ETA: 22s - loss: 571718.8125
 384/3306 [==>...........................] - ETA: 22s - loss: 572392.3125
 512/3306 [===>..........................] - ETA: 21s - loss: 573549.6875
 640/3306 [====>.........................] - ETA: 20s - loss: 573610.3625
 768/3306 [=====>........................] - ETA: 19s - loss: 574448.3021
 896/3306 [=======>......................] - ETA: 18s - loss: 574514.9196
1024/3306 [========>.....................] - ETA: 17s - loss: 574531.9375
1152/3306 [=========>....................] - ETA: 16s - loss: 573965.7708
1280/3306 [==========>...................] - ETA: 15s - loss: 574135.0250
1408/3306 [===========>..................] - ETA: 14s - loss: 574323.6591
1536/3306 [============>.................] - ETA: 13s - loss: 574632.0365
1664/3306 [==============>...............] - ETA: 12s - loss: 574703.7500
1792/3306 [===============>..............] - ETA: 11s - loss: 574928.3214
1920/3306 [================>.............] - ETA: 10s - loss: 575114.1833
2048/3306 [=================>............] - ETA: 9s - loss: 575031.4375 
2176/3306 [==================>...........] - ETA: 8s - loss: 575074.2132
2304/3306 [===================>..........] - ETA: 7s - loss: 575121.4861
2432/3306 [=====================>........] - ETA: 6s - loss: 575263.3092
2560/3306 [======================>.......] - ETA: 5s - loss: 575183.5375
2688/3306 [=======================>......] - ETA: 4s - loss: 575196.3690
2816/3306 [========================>.....] - ETA: 3s - loss: 575396.1875
2944/3306 [=========================>....] - ETA: 2s - loss: 575387.3587
3072/3306 [==========================>...] - ETA: 1s - loss: 575189.6797
3200/3306 [============================>.] - ETA: 0s - loss: 575283.9150
3306/3306 [==============================] - 25s 7ms/step - loss: 575404.3941
Epoch 44/100

 128/3306 [>.............................] - ETA: 23s - loss: 571837.6250
 256/3306 [=>............................] - ETA: 22s - loss: 573024.1250
 384/3306 [==>...........................] - ETA: 21s - loss: 574276.0833
 512/3306 [===>..........................] - ETA: 20s - loss: 573247.1562
 640/3306 [====>.........................] - ETA: 19s - loss: 573781.4250
 768/3306 [=====>........................] - ETA: 18s - loss: 574604.7917
 896/3306 [=======>......................] - ETA: 17s - loss: 574789.5000
1024/3306 [========>.....................] - ETA: 16s - loss: 574939.9922
1152/3306 [=========>....................] - ETA: 15s - loss: 574529.6597
1280/3306 [==========>...................] - ETA: 14s - loss: 574606.1062
1408/3306 [===========>..................] - ETA: 13s - loss: 574917.5625
1536/3306 [============>.................] - ETA: 12s - loss: 575103.2656
1664/3306 [==============>...............] - ETA: 12s - loss: 575083.6106
1792/3306 [===============>..............] - ETA: 11s - loss: 574933.3795
1920/3306 [================>.............] - ETA: 10s - loss: 574595.6750
2048/3306 [=================>............] - ETA: 9s - loss: 574813.0859 
2176/3306 [==================>...........] - ETA: 8s - loss: 574955.2206
2304/3306 [===================>..........] - ETA: 7s - loss: 575038.1250
2432/3306 [=====================>........] - ETA: 6s - loss: 575027.6086
2560/3306 [======================>.......] - ETA: 5s - loss: 575210.0344
2688/3306 [=======================>......] - ETA: 4s - loss: 574970.2232
2816/3306 [========================>.....] - ETA: 3s - loss: 574905.6222
2944/3306 [=========================>....] - ETA: 2s - loss: 574848.2799
3072/3306 [==========================>...] - ETA: 1s - loss: 574957.6328
3200/3306 [============================>.] - ETA: 0s - loss: 574935.7075
3306/3306 [==============================] - 24s 7ms/step - loss: 575061.1370
Epoch 45/100

 128/3306 [>.............................] - ETA: 24s - loss: 573601.1250
 256/3306 [=>............................] - ETA: 23s - loss: 574490.8125
 384/3306 [==>...........................] - ETA: 22s - loss: 575618.2083
 512/3306 [===>..........................] - ETA: 21s - loss: 574307.2188
 640/3306 [====>.........................] - ETA: 19s - loss: 574786.3000
 768/3306 [=====>........................] - ETA: 19s - loss: 574591.0208
 896/3306 [=======>......................] - ETA: 17s - loss: 574496.0357
1024/3306 [========>.....................] - ETA: 16s - loss: 574487.9453
1152/3306 [=========>....................] - ETA: 15s - loss: 574552.1597
1280/3306 [==========>...................] - ETA: 14s - loss: 574922.3375
1408/3306 [===========>..................] - ETA: 13s - loss: 574724.9318
1536/3306 [============>.................] - ETA: 13s - loss: 574617.6771
1664/3306 [==============>...............] - ETA: 12s - loss: 574839.5000
1792/3306 [===============>..............] - ETA: 11s - loss: 575087.1964
1920/3306 [================>.............] - ETA: 10s - loss: 575050.0333
2048/3306 [=================>............] - ETA: 9s - loss: 575013.9141 
2176/3306 [==================>...........] - ETA: 8s - loss: 575049.1618
2304/3306 [===================>..........] - ETA: 7s - loss: 574948.0903
2432/3306 [=====================>........] - ETA: 6s - loss: 574766.7763
2560/3306 [======================>.......] - ETA: 5s - loss: 574780.3000
2688/3306 [=======================>......] - ETA: 4s - loss: 574941.3393
2816/3306 [========================>.....] - ETA: 3s - loss: 574671.2102
2944/3306 [=========================>....] - ETA: 2s - loss: 574764.9674
3072/3306 [==========================>...] - ETA: 1s - loss: 574878.9115
3200/3306 [============================>.] - ETA: 0s - loss: 574675.4800
3306/3306 [==============================] - 24s 7ms/step - loss: 574797.7185
Epoch 46/100

 128/3306 [>.............................] - ETA: 23s - loss: 569470.7500
 256/3306 [=>............................] - ETA: 21s - loss: 570419.7500
 384/3306 [==>...........................] - ETA: 21s - loss: 572467.2500
 512/3306 [===>..........................] - ETA: 20s - loss: 574194.4688
 640/3306 [====>.........................] - ETA: 19s - loss: 575117.5750
 768/3306 [=====>........................] - ETA: 18s - loss: 575345.4167
 896/3306 [=======>......................] - ETA: 17s - loss: 575189.4732
1024/3306 [========>.....................] - ETA: 16s - loss: 575473.7891
1152/3306 [=========>....................] - ETA: 15s - loss: 575480.0903
1280/3306 [==========>...................] - ETA: 14s - loss: 574894.4062
1408/3306 [===========>..................] - ETA: 13s - loss: 574567.3580
1536/3306 [============>.................] - ETA: 12s - loss: 574706.6615
1664/3306 [==============>...............] - ETA: 12s - loss: 574647.6298
1792/3306 [===============>..............] - ETA: 11s - loss: 574839.3080
1920/3306 [================>.............] - ETA: 10s - loss: 574947.1333
2048/3306 [=================>............] - ETA: 9s - loss: 574793.7305 
2176/3306 [==================>...........] - ETA: 8s - loss: 574837.8162
2304/3306 [===================>..........] - ETA: 7s - loss: 574754.9167
2432/3306 [=====================>........] - ETA: 6s - loss: 574487.1382
2560/3306 [======================>.......] - ETA: 5s - loss: 574404.8438
2688/3306 [=======================>......] - ETA: 4s - loss: 574423.5655
2816/3306 [========================>.....] - ETA: 3s - loss: 574412.7642
2944/3306 [=========================>....] - ETA: 2s - loss: 574317.2337
3072/3306 [==========================>...] - ETA: 1s - loss: 574330.1484
3200/3306 [============================>.] - ETA: 0s - loss: 574313.7975
3306/3306 [==============================] - 24s 7ms/step - loss: 574445.9593
Epoch 47/100

 128/3306 [>.............................] - ETA: 23s - loss: 573251.0000
 256/3306 [=>............................] - ETA: 22s - loss: 572117.3750
 384/3306 [==>...........................] - ETA: 21s - loss: 574285.3333
 512/3306 [===>..........................] - ETA: 20s - loss: 574348.2500
 640/3306 [====>.........................] - ETA: 19s - loss: 574334.3500
 768/3306 [=====>........................] - ETA: 18s - loss: 574668.3021
 896/3306 [=======>......................] - ETA: 17s - loss: 574444.7143
1024/3306 [========>.....................] - ETA: 16s - loss: 574425.4844
1152/3306 [=========>....................] - ETA: 15s - loss: 574699.6319
1280/3306 [==========>...................] - ETA: 14s - loss: 574408.2688
1408/3306 [===========>..................] - ETA: 13s - loss: 574212.5000
1536/3306 [============>.................] - ETA: 13s - loss: 574227.2135
1664/3306 [==============>...............] - ETA: 12s - loss: 574313.3606
1792/3306 [===============>..............] - ETA: 11s - loss: 574241.2455
1920/3306 [================>.............] - ETA: 10s - loss: 574433.9167
2048/3306 [=================>............] - ETA: 9s - loss: 574472.7734 
2176/3306 [==================>...........] - ETA: 8s - loss: 574171.3235
2304/3306 [===================>..........] - ETA: 7s - loss: 574360.7465
2432/3306 [=====================>........] - ETA: 6s - loss: 574096.7993
2560/3306 [======================>.......] - ETA: 5s - loss: 574045.6031
2688/3306 [=======================>......] - ETA: 4s - loss: 574175.6250
2816/3306 [========================>.....] - ETA: 3s - loss: 574382.7500
2944/3306 [=========================>....] - ETA: 2s - loss: 574464.0082
3072/3306 [==========================>...] - ETA: 1s - loss: 574538.1589
3200/3306 [============================>.] - ETA: 0s - loss: 574424.4450
3306/3306 [==============================] - 24s 7ms/step - loss: 574563.8683
Epoch 48/100

 128/3306 [>.............................] - ETA: 23s - loss: 577765.8125
 256/3306 [=>............................] - ETA: 22s - loss: 576695.6250
 384/3306 [==>...........................] - ETA: 21s - loss: 575219.3125
 512/3306 [===>..........................] - ETA: 20s - loss: 574155.9531
 640/3306 [====>.........................] - ETA: 19s - loss: 573107.1125
 768/3306 [=====>........................] - ETA: 18s - loss: 573202.7292
 896/3306 [=======>......................] - ETA: 17s - loss: 573531.5000
1024/3306 [========>.....................] - ETA: 16s - loss: 573652.8281
1152/3306 [=========>....................] - ETA: 16s - loss: 573670.5694
1280/3306 [==========>...................] - ETA: 15s - loss: 573606.2625
1408/3306 [===========>..................] - ETA: 14s - loss: 573791.3523
1536/3306 [============>.................] - ETA: 13s - loss: 574059.4167
1664/3306 [==============>...............] - ETA: 12s - loss: 574179.5962
1792/3306 [===============>..............] - ETA: 11s - loss: 573893.0893
1920/3306 [================>.............] - ETA: 10s - loss: 573968.2000
2048/3306 [=================>............] - ETA: 9s - loss: 573799.2852 
2176/3306 [==================>...........] - ETA: 8s - loss: 573945.2904
2304/3306 [===================>..........] - ETA: 7s - loss: 573792.4861
2432/3306 [=====================>........] - ETA: 6s - loss: 574002.5263
2560/3306 [======================>.......] - ETA: 5s - loss: 574221.6312
2688/3306 [=======================>......] - ETA: 4s - loss: 574429.8988
2816/3306 [========================>.....] - ETA: 3s - loss: 574375.8693
2944/3306 [=========================>....] - ETA: 2s - loss: 574366.5815
3072/3306 [==========================>...] - ETA: 1s - loss: 574268.4688
3200/3306 [============================>.] - ETA: 0s - loss: 574260.8700
3306/3306 [==============================] - 24s 7ms/step - loss: 574403.5642
Epoch 49/100

 128/3306 [>.............................] - ETA: 24s - loss: 576068.2500
 256/3306 [=>............................] - ETA: 22s - loss: 574142.7188
 384/3306 [==>...........................] - ETA: 21s - loss: 573301.6042
 512/3306 [===>..........................] - ETA: 20s - loss: 573618.5781
 640/3306 [====>.........................] - ETA: 19s - loss: 574260.1375
 768/3306 [=====>........................] - ETA: 18s - loss: 573507.0938
 896/3306 [=======>......................] - ETA: 17s - loss: 573141.2768
1024/3306 [========>.....................] - ETA: 16s - loss: 573463.9531
1152/3306 [=========>....................] - ETA: 15s - loss: 573209.7708
1280/3306 [==========>...................] - ETA: 14s - loss: 573259.5625
1408/3306 [===========>..................] - ETA: 13s - loss: 573268.2102
1536/3306 [============>.................] - ETA: 12s - loss: 573305.8750
1664/3306 [==============>...............] - ETA: 11s - loss: 573602.0048
1792/3306 [===============>..............] - ETA: 11s - loss: 573782.0312
1920/3306 [================>.............] - ETA: 10s - loss: 573791.0792
2048/3306 [=================>............] - ETA: 9s - loss: 573824.2539 
2176/3306 [==================>...........] - ETA: 8s - loss: 574055.7316
2304/3306 [===================>..........] - ETA: 7s - loss: 574062.3611
2432/3306 [=====================>........] - ETA: 6s - loss: 573914.0197
2560/3306 [======================>.......] - ETA: 5s - loss: 573673.7688
2688/3306 [=======================>......] - ETA: 4s - loss: 573772.9524
2816/3306 [========================>.....] - ETA: 3s - loss: 573837.8580
2944/3306 [=========================>....] - ETA: 2s - loss: 573882.7446
3072/3306 [==========================>...] - ETA: 1s - loss: 573757.0130
3200/3306 [============================>.] - ETA: 0s - loss: 573885.7325
3306/3306 [==============================] - 24s 7ms/step - loss: 573997.6386
Epoch 50/100

 128/3306 [>.............................] - ETA: 23s - loss: 576680.7500
 256/3306 [=>............................] - ETA: 22s - loss: 576955.3750
 384/3306 [==>...........................] - ETA: 21s - loss: 575907.2708
 512/3306 [===>..........................] - ETA: 20s - loss: 575849.8438
 640/3306 [====>.........................] - ETA: 19s - loss: 574834.2000
 768/3306 [=====>........................] - ETA: 18s - loss: 575165.4792
 896/3306 [=======>......................] - ETA: 17s - loss: 575246.9375
1024/3306 [========>.....................] - ETA: 16s - loss: 574459.4141
1152/3306 [=========>....................] - ETA: 15s - loss: 574537.9792
1280/3306 [==========>...................] - ETA: 14s - loss: 574468.8938
1408/3306 [===========>..................] - ETA: 13s - loss: 574495.8807
1536/3306 [============>.................] - ETA: 13s - loss: 574302.7969
1664/3306 [==============>...............] - ETA: 12s - loss: 574243.8029
1792/3306 [===============>..............] - ETA: 11s - loss: 574067.7812
1920/3306 [================>.............] - ETA: 10s - loss: 574140.9875
2048/3306 [=================>............] - ETA: 9s - loss: 573971.5742 
2176/3306 [==================>...........] - ETA: 8s - loss: 573957.8566
2304/3306 [===================>..........] - ETA: 7s - loss: 573861.1771
2432/3306 [=====================>........] - ETA: 6s - loss: 574039.3783
2560/3306 [======================>.......] - ETA: 5s - loss: 574180.1062
2688/3306 [=======================>......] - ETA: 4s - loss: 574128.5774
2816/3306 [========================>.....] - ETA: 3s - loss: 573952.5767
2944/3306 [=========================>....] - ETA: 2s - loss: 573849.6603
3072/3306 [==========================>...] - ETA: 1s - loss: 573610.7917
3200/3306 [============================>.] - ETA: 0s - loss: 573612.1375
3306/3306 [==============================] - 24s 7ms/step - loss: 573735.9080
Epoch 51/100

 128/3306 [>.............................] - ETA: 24s - loss: 575329.1250
 256/3306 [=>............................] - ETA: 22s - loss: 572206.3438
 384/3306 [==>...........................] - ETA: 21s - loss: 571365.1042
 512/3306 [===>..........................] - ETA: 20s - loss: 571939.8125
 640/3306 [====>.........................] - ETA: 19s - loss: 573026.7375
 768/3306 [=====>........................] - ETA: 18s - loss: 573365.6771
 896/3306 [=======>......................] - ETA: 17s - loss: 573661.2500
1024/3306 [========>.....................] - ETA: 16s - loss: 572880.3047
1152/3306 [=========>....................] - ETA: 15s - loss: 572685.2500
1280/3306 [==========>...................] - ETA: 14s - loss: 572852.7625
1408/3306 [===========>..................] - ETA: 13s - loss: 573282.0341
1536/3306 [============>.................] - ETA: 12s - loss: 573266.0521
1664/3306 [==============>...............] - ETA: 12s - loss: 572916.3846
1792/3306 [===============>..............] - ETA: 11s - loss: 572775.3304
1920/3306 [================>.............] - ETA: 10s - loss: 572896.8917
2048/3306 [=================>............] - ETA: 9s - loss: 573098.8008 
2176/3306 [==================>...........] - ETA: 8s - loss: 573293.4559
2304/3306 [===================>..........] - ETA: 7s - loss: 573237.5139
2432/3306 [=====================>........] - ETA: 6s - loss: 573215.5461
2560/3306 [======================>.......] - ETA: 5s - loss: 573124.8094
2688/3306 [=======================>......] - ETA: 4s - loss: 572957.1369
2816/3306 [========================>.....] - ETA: 3s - loss: 572964.3040
2944/3306 [=========================>....] - ETA: 2s - loss: 573068.8288
3072/3306 [==========================>...] - ETA: 1s - loss: 573246.5078
3200/3306 [============================>.] - ETA: 0s - loss: 573233.3800
3306/3306 [==============================] - 24s 7ms/step - loss: 573334.6987
Epoch 52/100

 128/3306 [>.............................] - ETA: 23s - loss: 571593.1250
 256/3306 [=>............................] - ETA: 22s - loss: 570614.8438
 384/3306 [==>...........................] - ETA: 21s - loss: 569736.3958
 512/3306 [===>..........................] - ETA: 20s - loss: 569918.2812
 640/3306 [====>.........................] - ETA: 19s - loss: 570808.9875
 768/3306 [=====>........................] - ETA: 18s - loss: 571329.0521
 896/3306 [=======>......................] - ETA: 17s - loss: 571883.1339
1024/3306 [========>.....................] - ETA: 16s - loss: 572444.4141
1152/3306 [=========>....................] - ETA: 15s - loss: 572442.4236
1280/3306 [==========>...................] - ETA: 14s - loss: 572792.3313
1408/3306 [===========>..................] - ETA: 14s - loss: 572991.8352
1536/3306 [============>.................] - ETA: 13s - loss: 573222.2812
1664/3306 [==============>...............] - ETA: 12s - loss: 573472.1538
1792/3306 [===============>..............] - ETA: 11s - loss: 573724.1696
1920/3306 [================>.............] - ETA: 10s - loss: 573557.4667
2048/3306 [=================>............] - ETA: 9s - loss: 573544.3750 
2176/3306 [==================>...........] - ETA: 8s - loss: 573421.2794
2304/3306 [===================>..........] - ETA: 7s - loss: 573390.8229
2432/3306 [=====================>........] - ETA: 6s - loss: 573364.5296
2560/3306 [======================>.......] - ETA: 5s - loss: 573370.2406
2688/3306 [=======================>......] - ETA: 4s - loss: 573277.2708
2816/3306 [========================>.....] - ETA: 3s - loss: 573036.0455
2944/3306 [=========================>....] - ETA: 2s - loss: 573194.6359
3072/3306 [==========================>...] - ETA: 1s - loss: 573092.5052
3200/3306 [============================>.] - ETA: 0s - loss: 573151.0150
3306/3306 [==============================] - 25s 7ms/step - loss: 573280.2661
Epoch 53/100

 128/3306 [>.............................] - ETA: 23s - loss: 574400.5625
 256/3306 [=>............................] - ETA: 22s - loss: 575414.0312
 384/3306 [==>...........................] - ETA: 21s - loss: 575174.7083
 512/3306 [===>..........................] - ETA: 20s - loss: 575437.0625
 640/3306 [====>.........................] - ETA: 19s - loss: 574460.1875
 768/3306 [=====>........................] - ETA: 18s - loss: 573853.8021
 896/3306 [=======>......................] - ETA: 17s - loss: 573804.1875
1024/3306 [========>.....................] - ETA: 16s - loss: 574057.2109
1152/3306 [=========>....................] - ETA: 15s - loss: 574206.5764
1280/3306 [==========>...................] - ETA: 14s - loss: 574009.5312
1408/3306 [===========>..................] - ETA: 13s - loss: 573942.1761
1536/3306 [============>.................] - ETA: 12s - loss: 573948.1927
1664/3306 [==============>...............] - ETA: 12s - loss: 574092.3221
1792/3306 [===============>..............] - ETA: 11s - loss: 573803.9688
1920/3306 [================>.............] - ETA: 10s - loss: 573413.6208
2048/3306 [=================>............] - ETA: 9s - loss: 573430.7891 
2176/3306 [==================>...........] - ETA: 8s - loss: 573512.8346
2304/3306 [===================>..........] - ETA: 7s - loss: 573356.3854
2432/3306 [=====================>........] - ETA: 6s - loss: 573067.3849
2560/3306 [======================>.......] - ETA: 5s - loss: 573290.7656
2688/3306 [=======================>......] - ETA: 4s - loss: 573294.9911
2816/3306 [========================>.....] - ETA: 3s - loss: 573307.6790
2944/3306 [=========================>....] - ETA: 2s - loss: 573356.1603
3072/3306 [==========================>...] - ETA: 1s - loss: 573119.8073
3200/3306 [============================>.] - ETA: 0s - loss: 573145.6725
3306/3306 [==============================] - 24s 7ms/step - loss: 573267.1333
Epoch 54/100

 128/3306 [>.............................] - ETA: 22s - loss: 569011.3125
 256/3306 [=>............................] - ETA: 22s - loss: 570424.2500
 384/3306 [==>...........................] - ETA: 21s - loss: 571057.7500
 512/3306 [===>..........................] - ETA: 20s - loss: 571228.6250
 640/3306 [====>.........................] - ETA: 19s - loss: 571034.2750
 768/3306 [=====>........................] - ETA: 18s - loss: 570411.9375
 896/3306 [=======>......................] - ETA: 17s - loss: 571357.1071
1024/3306 [========>.....................] - ETA: 16s - loss: 571865.2812
1152/3306 [=========>....................] - ETA: 15s - loss: 572449.7431
1280/3306 [==========>...................] - ETA: 14s - loss: 572285.3500
1408/3306 [===========>..................] - ETA: 13s - loss: 572388.4318
1536/3306 [============>.................] - ETA: 12s - loss: 572790.2240
1664/3306 [==============>...............] - ETA: 12s - loss: 572552.0625
1792/3306 [===============>..............] - ETA: 11s - loss: 572749.8438
1920/3306 [================>.............] - ETA: 10s - loss: 572738.9250
2048/3306 [=================>............] - ETA: 9s - loss: 572456.2266 
2176/3306 [==================>...........] - ETA: 8s - loss: 572659.6397
2304/3306 [===================>..........] - ETA: 7s - loss: 572636.0069
2432/3306 [=====================>........] - ETA: 6s - loss: 572702.3224
2560/3306 [======================>.......] - ETA: 5s - loss: 572835.1250
2688/3306 [=======================>......] - ETA: 4s - loss: 572811.8690
2816/3306 [========================>.....] - ETA: 3s - loss: 572832.1307
2944/3306 [=========================>....] - ETA: 2s - loss: 572745.4402
3072/3306 [==========================>...] - ETA: 1s - loss: 572853.8776
3200/3306 [============================>.] - ETA: 0s - loss: 572892.4175
3306/3306 [==============================] - 24s 7ms/step - loss: 573008.7123
Epoch 55/100

 128/3306 [>.............................] - ETA: 22s - loss: 566956.3750
 256/3306 [=>............................] - ETA: 22s - loss: 569675.4375
 384/3306 [==>...........................] - ETA: 21s - loss: 571256.4167
 512/3306 [===>..........................] - ETA: 20s - loss: 570949.4375
 640/3306 [====>.........................] - ETA: 19s - loss: 571903.5875
 768/3306 [=====>........................] - ETA: 18s - loss: 572723.4896
 896/3306 [=======>......................] - ETA: 17s - loss: 572561.4018
1024/3306 [========>.....................] - ETA: 16s - loss: 572527.9609
1152/3306 [=========>....................] - ETA: 15s - loss: 572024.1389
1280/3306 [==========>...................] - ETA: 15s - loss: 571672.6375
1408/3306 [===========>..................] - ETA: 14s - loss: 571973.4773
1536/3306 [============>.................] - ETA: 13s - loss: 572056.9375
1664/3306 [==============>...............] - ETA: 12s - loss: 572355.1587
1792/3306 [===============>..............] - ETA: 11s - loss: 572621.5670
1920/3306 [================>.............] - ETA: 10s - loss: 572464.6625
2048/3306 [=================>............] - ETA: 9s - loss: 572522.0664 
2176/3306 [==================>...........] - ETA: 8s - loss: 572673.4301
2304/3306 [===================>..........] - ETA: 7s - loss: 572592.1354
2432/3306 [=====================>........] - ETA: 6s - loss: 572376.6447
2560/3306 [======================>.......] - ETA: 5s - loss: 572431.3375
2688/3306 [=======================>......] - ETA: 4s - loss: 572407.9464
2816/3306 [========================>.....] - ETA: 3s - loss: 572292.4972
2944/3306 [=========================>....] - ETA: 2s - loss: 572322.6223
3072/3306 [==========================>...] - ETA: 1s - loss: 572373.4349
3200/3306 [============================>.] - ETA: 0s - loss: 572578.1550
3306/3306 [==============================] - 24s 7ms/step - loss: 572675.6774
Epoch 56/100

 128/3306 [>.............................] - ETA: 23s - loss: 571794.3125
 256/3306 [=>............................] - ETA: 22s - loss: 572642.7812
 384/3306 [==>...........................] - ETA: 21s - loss: 572664.8542
 512/3306 [===>..........................] - ETA: 20s - loss: 573653.9375
 640/3306 [====>.........................] - ETA: 19s - loss: 573798.2500
 768/3306 [=====>........................] - ETA: 18s - loss: 572797.2812
 896/3306 [=======>......................] - ETA: 17s - loss: 572371.9018
1024/3306 [========>.....................] - ETA: 16s - loss: 572303.9766
1152/3306 [=========>....................] - ETA: 15s - loss: 572610.1528
1280/3306 [==========>...................] - ETA: 14s - loss: 572179.8688
1408/3306 [===========>..................] - ETA: 13s - loss: 572232.8295
1536/3306 [============>.................] - ETA: 13s - loss: 571780.1250
1664/3306 [==============>...............] - ETA: 12s - loss: 571408.5096
1792/3306 [===============>..............] - ETA: 11s - loss: 571897.8036
1920/3306 [================>.............] - ETA: 10s - loss: 572128.7583
2048/3306 [=================>............] - ETA: 9s - loss: 572169.0508 
2176/3306 [==================>...........] - ETA: 8s - loss: 572239.2059
2304/3306 [===================>..........] - ETA: 7s - loss: 572476.7292
2432/3306 [=====================>........] - ETA: 6s - loss: 572487.2961
2560/3306 [======================>.......] - ETA: 5s - loss: 572645.6406
2688/3306 [=======================>......] - ETA: 4s - loss: 572606.6458
2816/3306 [========================>.....] - ETA: 3s - loss: 572637.4148
2944/3306 [=========================>....] - ETA: 2s - loss: 572542.8995
3072/3306 [==========================>...] - ETA: 1s - loss: 572546.9531
3200/3306 [============================>.] - ETA: 0s - loss: 572682.2925
3306/3306 [==============================] - 24s 7ms/step - loss: 572810.5428
Epoch 57/100

 128/3306 [>.............................] - ETA: 23s - loss: 572812.1875
 256/3306 [=>............................] - ETA: 22s - loss: 573686.6875
 384/3306 [==>...........................] - ETA: 21s - loss: 573982.5625
 512/3306 [===>..........................] - ETA: 20s - loss: 572742.6406
 640/3306 [====>.........................] - ETA: 19s - loss: 572240.0625
 768/3306 [=====>........................] - ETA: 18s - loss: 572368.8333
 896/3306 [=======>......................] - ETA: 17s - loss: 572267.4911
1024/3306 [========>.....................] - ETA: 16s - loss: 571546.1797
1152/3306 [=========>....................] - ETA: 16s - loss: 571506.8125
1280/3306 [==========>...................] - ETA: 15s - loss: 572117.9938
1408/3306 [===========>..................] - ETA: 14s - loss: 572185.3011
1536/3306 [============>.................] - ETA: 13s - loss: 572466.5260
1664/3306 [==============>...............] - ETA: 12s - loss: 572026.8894
1792/3306 [===============>..............] - ETA: 11s - loss: 572256.7009
1920/3306 [================>.............] - ETA: 10s - loss: 572446.2125
2048/3306 [=================>............] - ETA: 9s - loss: 572411.1914 
2176/3306 [==================>...........] - ETA: 8s - loss: 572283.1471
2304/3306 [===================>..........] - ETA: 7s - loss: 572262.6597
2432/3306 [=====================>........] - ETA: 6s - loss: 572404.7993
2560/3306 [======================>.......] - ETA: 5s - loss: 572416.9344
2688/3306 [=======================>......] - ETA: 4s - loss: 572438.8542
2816/3306 [========================>.....] - ETA: 3s - loss: 572412.4801
2944/3306 [=========================>....] - ETA: 2s - loss: 572214.5625
3072/3306 [==========================>...] - ETA: 1s - loss: 572406.6849
3200/3306 [============================>.] - ETA: 0s - loss: 572356.0975
3306/3306 [==============================] - 25s 7ms/step - loss: 572460.5614
Epoch 58/100

 128/3306 [>.............................] - ETA: 23s - loss: 567845.0000
 256/3306 [=>............................] - ETA: 22s - loss: 569029.7500
 384/3306 [==>...........................] - ETA: 21s - loss: 570611.0000
 512/3306 [===>..........................] - ETA: 20s - loss: 571060.0938
 640/3306 [====>.........................] - ETA: 19s - loss: 571912.1000
 768/3306 [=====>........................] - ETA: 18s - loss: 571809.4375
 896/3306 [=======>......................] - ETA: 17s - loss: 572359.4107
1024/3306 [========>.....................] - ETA: 16s - loss: 572718.3438
1152/3306 [=========>....................] - ETA: 15s - loss: 572361.2986
1280/3306 [==========>...................] - ETA: 14s - loss: 572429.3688
1408/3306 [===========>..................] - ETA: 13s - loss: 572029.8750
1536/3306 [============>.................] - ETA: 12s - loss: 571920.6771
1664/3306 [==============>...............] - ETA: 12s - loss: 571888.9135
1792/3306 [===============>..............] - ETA: 11s - loss: 571847.2768
1920/3306 [================>.............] - ETA: 10s - loss: 572074.9833
2048/3306 [=================>............] - ETA: 9s - loss: 572282.0430 
2176/3306 [==================>...........] - ETA: 8s - loss: 572415.9522
2304/3306 [===================>..........] - ETA: 7s - loss: 572272.2639
2432/3306 [=====================>........] - ETA: 6s - loss: 571994.3849
2560/3306 [======================>.......] - ETA: 5s - loss: 572223.3906
2688/3306 [=======================>......] - ETA: 4s - loss: 572257.0208
2816/3306 [========================>.....] - ETA: 3s - loss: 572260.2472
2944/3306 [=========================>....] - ETA: 2s - loss: 572272.6005
3072/3306 [==========================>...] - ETA: 1s - loss: 572391.1745
3200/3306 [============================>.] - ETA: 0s - loss: 572152.4075
3306/3306 [==============================] - 24s 7ms/step - loss: 572279.6301
Epoch 59/100

 128/3306 [>.............................] - ETA: 23s - loss: 572026.0000
 256/3306 [=>............................] - ETA: 22s - loss: 570071.6250
 384/3306 [==>...........................] - ETA: 21s - loss: 568638.0000
 512/3306 [===>..........................] - ETA: 20s - loss: 567876.3438
 640/3306 [====>.........................] - ETA: 19s - loss: 569060.3250
 768/3306 [=====>........................] - ETA: 18s - loss: 569846.1146
 896/3306 [=======>......................] - ETA: 17s - loss: 570412.4821
1024/3306 [========>.....................] - ETA: 16s - loss: 571177.2969
1152/3306 [=========>....................] - ETA: 15s - loss: 570820.5000
1280/3306 [==========>...................] - ETA: 14s - loss: 571351.8812
1408/3306 [===========>..................] - ETA: 13s - loss: 571841.8239
1536/3306 [============>.................] - ETA: 13s - loss: 572112.4948
1664/3306 [==============>...............] - ETA: 12s - loss: 572203.0240
1792/3306 [===============>..............] - ETA: 11s - loss: 572355.1429
1920/3306 [================>.............] - ETA: 10s - loss: 572263.3167
2048/3306 [=================>............] - ETA: 9s - loss: 572203.1172 
2176/3306 [==================>...........] - ETA: 8s - loss: 572161.1985
2304/3306 [===================>..........] - ETA: 7s - loss: 572003.1597
2432/3306 [=====================>........] - ETA: 6s - loss: 572045.9901
2560/3306 [======================>.......] - ETA: 5s - loss: 572036.7125
2688/3306 [=======================>......] - ETA: 4s - loss: 571978.9256
2816/3306 [========================>.....] - ETA: 3s - loss: 572097.3608
2944/3306 [=========================>....] - ETA: 2s - loss: 572042.4484
3072/3306 [==========================>...] - ETA: 1s - loss: 571932.1016
3200/3306 [============================>.] - ETA: 0s - loss: 571824.4975
3306/3306 [==============================] - 24s 7ms/step - loss: 571929.5277
Epoch 60/100

 128/3306 [>.............................] - ETA: 23s - loss: 571086.7500
 256/3306 [=>............................] - ETA: 22s - loss: 573206.4375
 384/3306 [==>...........................] - ETA: 21s - loss: 572411.6250
 512/3306 [===>..........................] - ETA: 20s - loss: 572217.4062
 640/3306 [====>.........................] - ETA: 19s - loss: 571601.4125
 768/3306 [=====>........................] - ETA: 18s - loss: 570687.6354
 896/3306 [=======>......................] - ETA: 17s - loss: 570316.3036
1024/3306 [========>.....................] - ETA: 16s - loss: 570345.2344
1152/3306 [=========>....................] - ETA: 15s - loss: 569836.3611
1280/3306 [==========>...................] - ETA: 14s - loss: 569506.1500
1408/3306 [===========>..................] - ETA: 13s - loss: 570013.4886
1536/3306 [============>.................] - ETA: 13s - loss: 570286.9167
1664/3306 [==============>...............] - ETA: 12s - loss: 570435.5288
1792/3306 [===============>..............] - ETA: 11s - loss: 570705.6071
1920/3306 [================>.............] - ETA: 10s - loss: 570687.2333
2048/3306 [=================>............] - ETA: 9s - loss: 570883.4414 
2176/3306 [==================>...........] - ETA: 8s - loss: 570970.9890
2304/3306 [===================>..........] - ETA: 7s - loss: 571156.9062
2432/3306 [=====================>........] - ETA: 6s - loss: 571168.8026
2560/3306 [======================>.......] - ETA: 5s - loss: 571277.5844
2688/3306 [=======================>......] - ETA: 4s - loss: 571476.6756
2816/3306 [========================>.....] - ETA: 3s - loss: 571691.3040
2944/3306 [=========================>....] - ETA: 2s - loss: 571646.8016
3072/3306 [==========================>...] - ETA: 1s - loss: 571551.2630
3200/3306 [============================>.] - ETA: 0s - loss: 571700.6500
3306/3306 [==============================] - 24s 7ms/step - loss: 571834.1171
Epoch 61/100

 128/3306 [>.............................] - ETA: 22s - loss: 573347.5000
 256/3306 [=>............................] - ETA: 22s - loss: 571655.5625
 384/3306 [==>...........................] - ETA: 21s - loss: 571244.7500
 512/3306 [===>..........................] - ETA: 20s - loss: 572322.4688
 640/3306 [====>.........................] - ETA: 19s - loss: 572700.7250
 768/3306 [=====>........................] - ETA: 18s - loss: 572666.4688
 896/3306 [=======>......................] - ETA: 17s - loss: 572771.2411
1024/3306 [========>.....................] - ETA: 16s - loss: 572622.0312
1152/3306 [=========>....................] - ETA: 15s - loss: 572161.0347
1280/3306 [==========>...................] - ETA: 14s - loss: 571720.0062
1408/3306 [===========>..................] - ETA: 13s - loss: 571987.8466
1536/3306 [============>.................] - ETA: 12s - loss: 572027.5938
1664/3306 [==============>...............] - ETA: 11s - loss: 571983.9327
1792/3306 [===============>..............] - ETA: 11s - loss: 571869.8839
1920/3306 [================>.............] - ETA: 10s - loss: 571899.1000
2048/3306 [=================>............] - ETA: 9s - loss: 571550.2031 
2176/3306 [==================>...........] - ETA: 8s - loss: 571863.8015
2304/3306 [===================>..........] - ETA: 7s - loss: 572019.8229
2432/3306 [=====================>........] - ETA: 6s - loss: 571704.2336
2560/3306 [======================>.......] - ETA: 5s - loss: 571620.0219
2688/3306 [=======================>......] - ETA: 4s - loss: 571689.4762
2816/3306 [========================>.....] - ETA: 3s - loss: 571502.8352
2944/3306 [=========================>....] - ETA: 2s - loss: 571567.6712
3072/3306 [==========================>...] - ETA: 1s - loss: 571780.5026
3200/3306 [============================>.] - ETA: 0s - loss: 571784.1075
3306/3306 [==============================] - 24s 7ms/step - loss: 571915.9267
Epoch 62/100

 128/3306 [>.............................] - ETA: 24s - loss: 571085.5625
 256/3306 [=>............................] - ETA: 22s - loss: 571036.7812
 384/3306 [==>...........................] - ETA: 21s - loss: 570572.9583
 512/3306 [===>..........................] - ETA: 20s - loss: 569973.3125
 640/3306 [====>.........................] - ETA: 19s - loss: 570600.8250
 768/3306 [=====>........................] - ETA: 18s - loss: 570619.4167
 896/3306 [=======>......................] - ETA: 17s - loss: 570735.5357
1024/3306 [========>.....................] - ETA: 16s - loss: 570212.8906
1152/3306 [=========>....................] - ETA: 15s - loss: 570766.8125
1280/3306 [==========>...................] - ETA: 14s - loss: 570327.5687
1408/3306 [===========>..................] - ETA: 13s - loss: 570564.0284
1536/3306 [============>.................] - ETA: 12s - loss: 570425.7812
1664/3306 [==============>...............] - ETA: 12s - loss: 570711.5962
1792/3306 [===============>..............] - ETA: 11s - loss: 570799.6295
1920/3306 [================>.............] - ETA: 10s - loss: 570775.7292
2048/3306 [=================>............] - ETA: 9s - loss: 570970.0898 
2176/3306 [==================>...........] - ETA: 8s - loss: 570900.4228
2304/3306 [===================>..........] - ETA: 7s - loss: 570924.4688
2432/3306 [=====================>........] - ETA: 6s - loss: 571152.9441
2560/3306 [======================>.......] - ETA: 5s - loss: 571338.4344
2688/3306 [=======================>......] - ETA: 4s - loss: 571336.3452
2816/3306 [========================>.....] - ETA: 3s - loss: 571527.4886
2944/3306 [=========================>....] - ETA: 2s - loss: 571652.1522
3072/3306 [==========================>...] - ETA: 1s - loss: 571500.8229
3200/3306 [============================>.] - ETA: 0s - loss: 571640.0950
3306/3306 [==============================] - 24s 7ms/step - loss: 571753.3282
Epoch 63/100

 128/3306 [>.............................] - ETA: 23s - loss: 571174.5625
 256/3306 [=>............................] - ETA: 22s - loss: 571046.6250
 384/3306 [==>...........................] - ETA: 21s - loss: 571356.4583
 512/3306 [===>..........................] - ETA: 20s - loss: 571604.3125
 640/3306 [====>.........................] - ETA: 19s - loss: 572331.0000
 768/3306 [=====>........................] - ETA: 18s - loss: 572377.2917
 896/3306 [=======>......................] - ETA: 17s - loss: 571868.1875
1024/3306 [========>.....................] - ETA: 16s - loss: 571521.0078
1152/3306 [=========>....................] - ETA: 16s - loss: 571732.8750
1280/3306 [==========>...................] - ETA: 15s - loss: 571644.9875
1408/3306 [===========>..................] - ETA: 14s - loss: 571397.8977
1536/3306 [============>.................] - ETA: 13s - loss: 571553.0365
1664/3306 [==============>...............] - ETA: 12s - loss: 571557.0721
1792/3306 [===============>..............] - ETA: 11s - loss: 571244.9420
1920/3306 [================>.............] - ETA: 10s - loss: 571530.2708
2048/3306 [=================>............] - ETA: 9s - loss: 571710.8086 
2176/3306 [==================>...........] - ETA: 8s - loss: 571871.7684
2304/3306 [===================>..........] - ETA: 7s - loss: 571759.0451
2432/3306 [=====================>........] - ETA: 6s - loss: 571498.7730
2560/3306 [======================>.......] - ETA: 5s - loss: 571550.7125
2688/3306 [=======================>......] - ETA: 4s - loss: 571281.7798
2816/3306 [========================>.....] - ETA: 3s - loss: 571251.7074
2944/3306 [=========================>....] - ETA: 2s - loss: 571424.9592
3072/3306 [==========================>...] - ETA: 1s - loss: 571510.4870
3200/3306 [============================>.] - ETA: 0s - loss: 571330.4125
3306/3306 [==============================] - 25s 7ms/step - loss: 571432.3834
Epoch 64/100

 128/3306 [>.............................] - ETA: 24s - loss: 571771.3125
 256/3306 [=>............................] - ETA: 23s - loss: 571531.4062
 384/3306 [==>...........................] - ETA: 21s - loss: 572111.0208
 512/3306 [===>..........................] - ETA: 20s - loss: 571941.4531
 640/3306 [====>.........................] - ETA: 19s - loss: 571652.4250
 768/3306 [=====>........................] - ETA: 18s - loss: 571898.4792
 896/3306 [=======>......................] - ETA: 17s - loss: 572204.1518
1024/3306 [========>.....................] - ETA: 16s - loss: 571591.8672
1152/3306 [=========>....................] - ETA: 15s - loss: 571796.3125
1280/3306 [==========>...................] - ETA: 14s - loss: 571226.1062
1408/3306 [===========>..................] - ETA: 13s - loss: 571454.8466
1536/3306 [============>.................] - ETA: 13s - loss: 571175.1979
1664/3306 [==============>...............] - ETA: 12s - loss: 571357.0673
1792/3306 [===============>..............] - ETA: 11s - loss: 571356.3348
1920/3306 [================>.............] - ETA: 10s - loss: 571369.9292
2048/3306 [=================>............] - ETA: 9s - loss: 571224.9258 
2176/3306 [==================>...........] - ETA: 8s - loss: 571480.5772
2304/3306 [===================>..........] - ETA: 7s - loss: 571135.8785
2432/3306 [=====================>........] - ETA: 6s - loss: 571229.3289
2560/3306 [======================>.......] - ETA: 5s - loss: 571463.5594
2688/3306 [=======================>......] - ETA: 4s - loss: 571624.0119
2816/3306 [========================>.....] - ETA: 3s - loss: 571550.6335
2944/3306 [=========================>....] - ETA: 2s - loss: 571433.4103
3072/3306 [==========================>...] - ETA: 1s - loss: 571303.4141
3200/3306 [============================>.] - ETA: 0s - loss: 571327.5550
3306/3306 [==============================] - 24s 7ms/step - loss: 571449.4765
Epoch 65/100

 128/3306 [>.............................] - ETA: 23s - loss: 574148.8125
 256/3306 [=>............................] - ETA: 22s - loss: 573113.6875
 384/3306 [==>...........................] - ETA: 21s - loss: 571707.2708
 512/3306 [===>..........................] - ETA: 20s - loss: 572536.2969
 640/3306 [====>.........................] - ETA: 19s - loss: 571994.3125
 768/3306 [=====>........................] - ETA: 18s - loss: 572142.0417
 896/3306 [=======>......................] - ETA: 17s - loss: 571180.0357
1024/3306 [========>.....................] - ETA: 16s - loss: 571184.8125
1152/3306 [=========>....................] - ETA: 15s - loss: 571270.0694
1280/3306 [==========>...................] - ETA: 14s - loss: 571395.4187
1408/3306 [===========>..................] - ETA: 14s - loss: 571607.8920
1536/3306 [============>.................] - ETA: 13s - loss: 571549.4167
1664/3306 [==============>...............] - ETA: 12s - loss: 571197.6298
1792/3306 [===============>..............] - ETA: 11s - loss: 570928.2188
1920/3306 [================>.............] - ETA: 10s - loss: 570765.1375
2048/3306 [=================>............] - ETA: 9s - loss: 570934.5938 
2176/3306 [==================>...........] - ETA: 8s - loss: 571208.9338
2304/3306 [===================>..........] - ETA: 7s - loss: 571207.9028
2432/3306 [=====================>........] - ETA: 6s - loss: 571406.3158
2560/3306 [======================>.......] - ETA: 5s - loss: 571096.4344
2688/3306 [=======================>......] - ETA: 4s - loss: 570954.9643
2816/3306 [========================>.....] - ETA: 3s - loss: 570866.5256
2944/3306 [=========================>....] - ETA: 2s - loss: 570889.9212
3072/3306 [==========================>...] - ETA: 1s - loss: 571035.8620
3200/3306 [============================>.] - ETA: 0s - loss: 571060.7725
3306/3306 [==============================] - 24s 7ms/step - loss: 571155.4936
Epoch 66/100

 128/3306 [>.............................] - ETA: 23s - loss: 573580.5000
 256/3306 [=>............................] - ETA: 22s - loss: 573297.1875
 384/3306 [==>...........................] - ETA: 21s - loss: 572423.0417
 512/3306 [===>..........................] - ETA: 20s - loss: 570854.1094
 640/3306 [====>.........................] - ETA: 19s - loss: 570127.6125
 768/3306 [=====>........................] - ETA: 18s - loss: 569818.9688
 896/3306 [=======>......................] - ETA: 17s - loss: 569520.5982
1024/3306 [========>.....................] - ETA: 16s - loss: 569725.3672
1152/3306 [=========>....................] - ETA: 15s - loss: 570145.6389
1280/3306 [==========>...................] - ETA: 14s - loss: 570470.9062
1408/3306 [===========>..................] - ETA: 14s - loss: 570444.7273
1536/3306 [============>.................] - ETA: 13s - loss: 570875.6510
1664/3306 [==============>...............] - ETA: 12s - loss: 570938.0913
1792/3306 [===============>..............] - ETA: 11s - loss: 571074.4732
1920/3306 [================>.............] - ETA: 10s - loss: 570910.9250
2048/3306 [=================>............] - ETA: 9s - loss: 571002.8828 
2176/3306 [==================>...........] - ETA: 8s - loss: 571078.2243
2304/3306 [===================>..........] - ETA: 7s - loss: 571258.9549
2432/3306 [=====================>........] - ETA: 6s - loss: 571217.9507
2560/3306 [======================>.......] - ETA: 5s - loss: 571134.4594
2688/3306 [=======================>......] - ETA: 4s - loss: 571356.9226
2816/3306 [========================>.....] - ETA: 3s - loss: 571132.0284
2944/3306 [=========================>....] - ETA: 2s - loss: 571125.4239
3072/3306 [==========================>...] - ETA: 1s - loss: 571315.4219
3200/3306 [============================>.] - ETA: 0s - loss: 571310.4175
3306/3306 [==============================] - 24s 7ms/step - loss: 571379.9606
Epoch 67/100

 128/3306 [>.............................] - ETA: 23s - loss: 570565.6250
 256/3306 [=>............................] - ETA: 22s - loss: 570838.6875
 384/3306 [==>...........................] - ETA: 21s - loss: 569289.7292
 512/3306 [===>..........................] - ETA: 20s - loss: 568349.0156
 640/3306 [====>.........................] - ETA: 19s - loss: 568010.7500
 768/3306 [=====>........................] - ETA: 18s - loss: 568811.9583
 896/3306 [=======>......................] - ETA: 17s - loss: 568559.8393
1024/3306 [========>.....................] - ETA: 16s - loss: 569392.1562
1152/3306 [=========>....................] - ETA: 15s - loss: 570108.1111
1280/3306 [==========>...................] - ETA: 14s - loss: 570564.8000
1408/3306 [===========>..................] - ETA: 13s - loss: 570600.8750
1536/3306 [============>.................] - ETA: 12s - loss: 570472.6250
1664/3306 [==============>...............] - ETA: 12s - loss: 570547.4712
1792/3306 [===============>..............] - ETA: 11s - loss: 570471.4732
1920/3306 [================>.............] - ETA: 10s - loss: 570763.1292
2048/3306 [=================>............] - ETA: 9s - loss: 570721.1289 
2176/3306 [==================>...........] - ETA: 8s - loss: 570988.4228
2304/3306 [===================>..........] - ETA: 7s - loss: 571050.3090
2432/3306 [=====================>........] - ETA: 6s - loss: 571115.9309
2560/3306 [======================>.......] - ETA: 5s - loss: 571232.7656
2688/3306 [=======================>......] - ETA: 4s - loss: 571201.6399
2816/3306 [========================>.....] - ETA: 3s - loss: 571291.3068
2944/3306 [=========================>....] - ETA: 2s - loss: 571046.1848
3072/3306 [==========================>...] - ETA: 1s - loss: 571040.4505
3200/3306 [============================>.] - ETA: 0s - loss: 571199.3925
3306/3306 [==============================] - 24s 7ms/step - loss: 571242.7129
Epoch 68/100

 128/3306 [>.............................] - ETA: 23s - loss: 570278.9375
 256/3306 [=>............................] - ETA: 22s - loss: 570801.1562
 384/3306 [==>...........................] - ETA: 21s - loss: 568972.6458
 512/3306 [===>..........................] - ETA: 20s - loss: 569979.5156
 640/3306 [====>.........................] - ETA: 19s - loss: 570288.1375
 768/3306 [=====>........................] - ETA: 18s - loss: 570315.7500
 896/3306 [=======>......................] - ETA: 17s - loss: 570611.4107
1024/3306 [========>.....................] - ETA: 16s - loss: 570478.9219
1152/3306 [=========>....................] - ETA: 15s - loss: 570132.8472
1280/3306 [==========>...................] - ETA: 14s - loss: 569923.9187
1408/3306 [===========>..................] - ETA: 13s - loss: 569844.7784
1536/3306 [============>.................] - ETA: 13s - loss: 569751.2396
1664/3306 [==============>...............] - ETA: 12s - loss: 570159.3269
1792/3306 [===============>..............] - ETA: 11s - loss: 570353.8170
1920/3306 [================>.............] - ETA: 10s - loss: 570450.9625
2048/3306 [=================>............] - ETA: 9s - loss: 570604.4805 
2176/3306 [==================>...........] - ETA: 8s - loss: 570794.4632
2304/3306 [===================>..........] - ETA: 7s - loss: 571029.2986
2432/3306 [=====================>........] - ETA: 6s - loss: 570755.7434
2560/3306 [======================>.......] - ETA: 5s - loss: 570906.6188
2688/3306 [=======================>......] - ETA: 4s - loss: 571098.3244
2816/3306 [========================>.....] - ETA: 3s - loss: 571040.1790
2944/3306 [=========================>....] - ETA: 2s - loss: 570910.1549
3072/3306 [==========================>...] - ETA: 1s - loss: 570904.9349
3200/3306 [============================>.] - ETA: 0s - loss: 570910.1625
3306/3306 [==============================] - 24s 7ms/step - loss: 571009.7427
Epoch 69/100

 128/3306 [>.............................] - ETA: 23s - loss: 570039.5000
 256/3306 [=>............................] - ETA: 22s - loss: 568270.8750
 384/3306 [==>...........................] - ETA: 21s - loss: 569086.3542
 512/3306 [===>..........................] - ETA: 20s - loss: 569468.2656
 640/3306 [====>.........................] - ETA: 19s - loss: 569024.3125
 768/3306 [=====>........................] - ETA: 18s - loss: 569516.1771
 896/3306 [=======>......................] - ETA: 17s - loss: 569973.0357
1024/3306 [========>.....................] - ETA: 16s - loss: 569921.8750
1152/3306 [=========>....................] - ETA: 16s - loss: 569748.0694
1280/3306 [==========>...................] - ETA: 15s - loss: 570217.2875
1408/3306 [===========>..................] - ETA: 14s - loss: 570036.6477
1536/3306 [============>.................] - ETA: 13s - loss: 570419.4062
1664/3306 [==============>...............] - ETA: 12s - loss: 570500.4423
1792/3306 [===============>..............] - ETA: 11s - loss: 570606.8125
1920/3306 [================>.............] - ETA: 10s - loss: 570637.5042
2048/3306 [=================>............] - ETA: 9s - loss: 570854.4414 
2176/3306 [==================>...........] - ETA: 8s - loss: 570849.7022
2304/3306 [===================>..........] - ETA: 7s - loss: 570616.2986
2432/3306 [=====================>........] - ETA: 6s - loss: 570509.2566
2560/3306 [======================>.......] - ETA: 5s - loss: 570659.7969
2688/3306 [=======================>......] - ETA: 4s - loss: 570419.0952
2816/3306 [========================>.....] - ETA: 3s - loss: 570488.4318
2944/3306 [=========================>....] - ETA: 2s - loss: 570640.3397
3072/3306 [==========================>...] - ETA: 1s - loss: 570881.0938
3200/3306 [============================>.] - ETA: 0s - loss: 571069.2350
3306/3306 [==============================] - 25s 7ms/step - loss: 571139.9342
Epoch 70/100

 128/3306 [>.............................] - ETA: 23s - loss: 564601.5625
 256/3306 [=>............................] - ETA: 22s - loss: 567111.1562
 384/3306 [==>...........................] - ETA: 21s - loss: 567686.5417
 512/3306 [===>..........................] - ETA: 20s - loss: 568132.3125
 640/3306 [====>.........................] - ETA: 19s - loss: 567913.4500
 768/3306 [=====>........................] - ETA: 18s - loss: 568571.0104
 896/3306 [=======>......................] - ETA: 17s - loss: 569098.1429
1024/3306 [========>.....................] - ETA: 16s - loss: 569219.2812
1152/3306 [=========>....................] - ETA: 15s - loss: 569388.1389
1280/3306 [==========>...................] - ETA: 14s - loss: 569808.8063
1408/3306 [===========>..................] - ETA: 13s - loss: 570201.8466
1536/3306 [============>.................] - ETA: 12s - loss: 570013.8594
1664/3306 [==============>...............] - ETA: 12s - loss: 570145.0096
1792/3306 [===============>..............] - ETA: 11s - loss: 570373.2946
1920/3306 [================>.............] - ETA: 10s - loss: 570392.4667
2048/3306 [=================>............] - ETA: 9s - loss: 570668.2500 
2176/3306 [==================>...........] - ETA: 8s - loss: 570880.8897
2304/3306 [===================>..........] - ETA: 7s - loss: 571031.4653
2432/3306 [=====================>........] - ETA: 6s - loss: 570763.0099
2560/3306 [======================>.......] - ETA: 5s - loss: 570757.9375
2688/3306 [=======================>......] - ETA: 4s - loss: 570766.3393
2816/3306 [========================>.....] - ETA: 3s - loss: 570843.2500
2944/3306 [=========================>....] - ETA: 2s - loss: 570738.7935
3072/3306 [==========================>...] - ETA: 1s - loss: 570502.9401
3200/3306 [============================>.] - ETA: 0s - loss: 570669.2100
3306/3306 [==============================] - 24s 7ms/step - loss: 570769.7806
Epoch 71/100

 128/3306 [>.............................] - ETA: 23s - loss: 573414.0000
 256/3306 [=>............................] - ETA: 22s - loss: 570973.8438
 384/3306 [==>...........................] - ETA: 21s - loss: 569605.8542
 512/3306 [===>..........................] - ETA: 20s - loss: 568299.7656
 640/3306 [====>.........................] - ETA: 19s - loss: 567509.0625
 768/3306 [=====>........................] - ETA: 18s - loss: 568618.5521
 896/3306 [=======>......................] - ETA: 17s - loss: 568314.3661
1024/3306 [========>.....................] - ETA: 16s - loss: 567966.8828
1152/3306 [=========>....................] - ETA: 15s - loss: 568364.5764
1280/3306 [==========>...................] - ETA: 14s - loss: 568738.2562
1408/3306 [===========>..................] - ETA: 14s - loss: 568954.4034
1536/3306 [============>.................] - ETA: 13s - loss: 569179.7969
1664/3306 [==============>...............] - ETA: 12s - loss: 569428.6587
1792/3306 [===============>..............] - ETA: 11s - loss: 569682.3170
1920/3306 [================>.............] - ETA: 10s - loss: 569761.2625
2048/3306 [=================>............] - ETA: 9s - loss: 569803.7266 
2176/3306 [==================>...........] - ETA: 8s - loss: 569926.5735
2304/3306 [===================>..........] - ETA: 7s - loss: 569927.1319
2432/3306 [=====================>........] - ETA: 6s - loss: 569925.8882
2560/3306 [======================>.......] - ETA: 5s - loss: 570078.3375
2688/3306 [=======================>......] - ETA: 4s - loss: 570241.5179
2816/3306 [========================>.....] - ETA: 3s - loss: 570473.8466
2944/3306 [=========================>....] - ETA: 2s - loss: 570416.2283
3072/3306 [==========================>...] - ETA: 1s - loss: 570571.8594
3200/3306 [============================>.] - ETA: 0s - loss: 570678.8600
3306/3306 [==============================] - 24s 7ms/step - loss: 570781.2674
Epoch 72/100

 128/3306 [>.............................] - ETA: 24s - loss: 570073.0000
 256/3306 [=>............................] - ETA: 22s - loss: 567562.5312
 384/3306 [==>...........................] - ETA: 21s - loss: 569815.8125
 512/3306 [===>..........................] - ETA: 20s - loss: 568772.5312
 640/3306 [====>.........................] - ETA: 19s - loss: 569254.9250
 768/3306 [=====>........................] - ETA: 18s - loss: 568472.4479
 896/3306 [=======>......................] - ETA: 17s - loss: 569371.5804
1024/3306 [========>.....................] - ETA: 16s - loss: 569348.7891
1152/3306 [=========>....................] - ETA: 15s - loss: 569301.5486
1280/3306 [==========>...................] - ETA: 14s - loss: 569798.4437
1408/3306 [===========>..................] - ETA: 13s - loss: 569532.3182
1536/3306 [============>.................] - ETA: 12s - loss: 569574.9792
1664/3306 [==============>...............] - ETA: 11s - loss: 569826.4423
1792/3306 [===============>..............] - ETA: 11s - loss: 569878.6786
1920/3306 [================>.............] - ETA: 10s - loss: 569994.2458
2048/3306 [=================>............] - ETA: 9s - loss: 569873.4609 
2176/3306 [==================>...........] - ETA: 8s - loss: 570145.5110
2304/3306 [===================>..........] - ETA: 7s - loss: 570302.8403
2432/3306 [=====================>........] - ETA: 6s - loss: 570485.1711
2560/3306 [======================>.......] - ETA: 5s - loss: 570542.0375
2688/3306 [=======================>......] - ETA: 4s - loss: 570589.2202
2816/3306 [========================>.....] - ETA: 3s - loss: 570483.5114
2944/3306 [=========================>....] - ETA: 2s - loss: 570499.5598
3072/3306 [==========================>...] - ETA: 1s - loss: 570491.5312
3200/3306 [============================>.] - ETA: 0s - loss: 570602.7550
3306/3306 [==============================] - 24s 7ms/step - loss: 570666.9809
Epoch 73/100

 128/3306 [>.............................] - ETA: 23s - loss: 564768.1250
 256/3306 [=>............................] - ETA: 22s - loss: 567946.4375
 384/3306 [==>...........................] - ETA: 21s - loss: 569222.2500
 512/3306 [===>..........................] - ETA: 20s - loss: 569467.0938
 640/3306 [====>.........................] - ETA: 19s - loss: 569576.0750
 768/3306 [=====>........................] - ETA: 18s - loss: 568776.7500
 896/3306 [=======>......................] - ETA: 17s - loss: 568459.2857
1024/3306 [========>.....................] - ETA: 16s - loss: 568206.2344
1152/3306 [=========>....................] - ETA: 16s - loss: 568341.0833
1280/3306 [==========>...................] - ETA: 15s - loss: 568594.9812
1408/3306 [===========>..................] - ETA: 14s - loss: 568921.9034
1536/3306 [============>.................] - ETA: 13s - loss: 569240.5104
1664/3306 [==============>...............] - ETA: 12s - loss: 569615.3365
1792/3306 [===============>..............] - ETA: 11s - loss: 569490.4554
1920/3306 [================>.............] - ETA: 10s - loss: 569727.2333
2048/3306 [=================>............] - ETA: 9s - loss: 569997.6445 
2176/3306 [==================>...........] - ETA: 8s - loss: 570266.8125
2304/3306 [===================>..........] - ETA: 7s - loss: 570177.4688
2432/3306 [=====================>........] - ETA: 6s - loss: 570150.1678
2560/3306 [======================>.......] - ETA: 5s - loss: 570205.3156
2688/3306 [=======================>......] - ETA: 4s - loss: 570312.1964
2816/3306 [========================>.....] - ETA: 3s - loss: 570468.2670
2944/3306 [=========================>....] - ETA: 2s - loss: 570472.9429
3072/3306 [==========================>...] - ETA: 1s - loss: 570420.8672
3200/3306 [============================>.] - ETA: 0s - loss: 570594.7975
3306/3306 [==============================] - 25s 7ms/step - loss: 570686.3055
Epoch 74/100

 128/3306 [>.............................] - ETA: 22s - loss: 572940.3750
 256/3306 [=>............................] - ETA: 22s - loss: 568864.3125
 384/3306 [==>...........................] - ETA: 21s - loss: 569328.1667
 512/3306 [===>..........................] - ETA: 20s - loss: 570301.9219
 640/3306 [====>.........................] - ETA: 19s - loss: 570724.3375
 768/3306 [=====>........................] - ETA: 18s - loss: 571246.3646
 896/3306 [=======>......................] - ETA: 17s - loss: 571359.2054
1024/3306 [========>.....................] - ETA: 16s - loss: 571737.9922
1152/3306 [=========>....................] - ETA: 15s - loss: 571294.1389
1280/3306 [==========>...................] - ETA: 14s - loss: 571313.2500
1408/3306 [===========>..................] - ETA: 13s - loss: 571208.2955
1536/3306 [============>.................] - ETA: 12s - loss: 570974.1562
1664/3306 [==============>...............] - ETA: 11s - loss: 571119.2981
1792/3306 [===============>..............] - ETA: 11s - loss: 571175.5000
1920/3306 [================>.............] - ETA: 10s - loss: 570891.3500
2048/3306 [=================>............] - ETA: 9s - loss: 571078.8984 
2176/3306 [==================>...........] - ETA: 8s - loss: 570787.1029
2304/3306 [===================>..........] - ETA: 7s - loss: 570795.1806
2432/3306 [=====================>........] - ETA: 6s - loss: 570678.4211
2560/3306 [======================>.......] - ETA: 5s - loss: 570461.2625
2688/3306 [=======================>......] - ETA: 4s - loss: 570440.0595
2816/3306 [========================>.....] - ETA: 3s - loss: 570509.3977
2944/3306 [=========================>....] - ETA: 2s - loss: 570502.8098
3072/3306 [==========================>...] - ETA: 1s - loss: 570260.7552
3200/3306 [============================>.] - ETA: 0s - loss: 570289.7800
3306/3306 [==============================] - 24s 7ms/step - loss: 570372.4733
Epoch 75/100

 128/3306 [>.............................] - ETA: 23s - loss: 570257.0000
 256/3306 [=>............................] - ETA: 22s - loss: 568858.0625
 384/3306 [==>...........................] - ETA: 21s - loss: 567624.3333
 512/3306 [===>..........................] - ETA: 20s - loss: 568887.9062
 640/3306 [====>.........................] - ETA: 19s - loss: 569390.2250
 768/3306 [=====>........................] - ETA: 18s - loss: 569527.6979
 896/3306 [=======>......................] - ETA: 17s - loss: 570209.2054
1024/3306 [========>.....................] - ETA: 16s - loss: 570041.6797
1152/3306 [=========>....................] - ETA: 15s - loss: 569877.8958
1280/3306 [==========>...................] - ETA: 14s - loss: 570355.0062
1408/3306 [===========>..................] - ETA: 13s - loss: 570654.6534
1536/3306 [============>.................] - ETA: 12s - loss: 570902.2083
1664/3306 [==============>...............] - ETA: 12s - loss: 570786.0673
1792/3306 [===============>..............] - ETA: 11s - loss: 570729.9286
1920/3306 [================>.............] - ETA: 10s - loss: 570872.5083
2048/3306 [=================>............] - ETA: 9s - loss: 570835.7070 
2176/3306 [==================>...........] - ETA: 8s - loss: 570478.9301
2304/3306 [===================>..........] - ETA: 7s - loss: 570242.3056
2432/3306 [=====================>........] - ETA: 6s - loss: 570312.4276
2560/3306 [======================>.......] - ETA: 5s - loss: 570443.9688
2688/3306 [=======================>......] - ETA: 4s - loss: 570358.7798
2816/3306 [========================>.....] - ETA: 3s - loss: 570564.6080
2944/3306 [=========================>....] - ETA: 2s - loss: 570591.6957
3072/3306 [==========================>...] - ETA: 1s - loss: 570614.8385
3200/3306 [============================>.] - ETA: 0s - loss: 570440.6325
3306/3306 [==============================] - 24s 7ms/step - loss: 570538.5885
Epoch 76/100

 128/3306 [>.............................] - ETA: 22s - loss: 570223.2500
 256/3306 [=>............................] - ETA: 22s - loss: 568766.2812
 384/3306 [==>...........................] - ETA: 21s - loss: 569189.9375
 512/3306 [===>..........................] - ETA: 20s - loss: 568870.4844
 640/3306 [====>.........................] - ETA: 19s - loss: 569681.8375
 768/3306 [=====>........................] - ETA: 18s - loss: 570221.5104
 896/3306 [=======>......................] - ETA: 17s - loss: 569716.7232
1024/3306 [========>.....................] - ETA: 16s - loss: 569747.5391
1152/3306 [=========>....................] - ETA: 15s - loss: 569654.4375
1280/3306 [==========>...................] - ETA: 14s - loss: 569431.1937
1408/3306 [===========>..................] - ETA: 13s - loss: 569444.0341
1536/3306 [============>.................] - ETA: 12s - loss: 569724.0833
1664/3306 [==============>...............] - ETA: 11s - loss: 569844.9231
1792/3306 [===============>..............] - ETA: 11s - loss: 569442.9196
1920/3306 [================>.............] - ETA: 10s - loss: 569484.8333
2048/3306 [=================>............] - ETA: 9s - loss: 569804.1133 
2176/3306 [==================>...........] - ETA: 8s - loss: 569860.8529
2304/3306 [===================>..........] - ETA: 7s - loss: 569657.6389
2432/3306 [=====================>........] - ETA: 6s - loss: 569942.2895
2560/3306 [======================>.......] - ETA: 5s - loss: 569693.7031
2688/3306 [=======================>......] - ETA: 4s - loss: 569834.8155
2816/3306 [========================>.....] - ETA: 3s - loss: 569914.4943
2944/3306 [=========================>....] - ETA: 2s - loss: 570101.9755
3072/3306 [==========================>...] - ETA: 1s - loss: 570162.3516
3200/3306 [============================>.] - ETA: 0s - loss: 570266.2550
3306/3306 [==============================] - 24s 7ms/step - loss: 570378.8458
Epoch 77/100

 128/3306 [>.............................] - ETA: 23s - loss: 569076.2500
 256/3306 [=>............................] - ETA: 22s - loss: 569263.2188
 384/3306 [==>...........................] - ETA: 21s - loss: 568991.8125
 512/3306 [===>..........................] - ETA: 20s - loss: 569862.6719
 640/3306 [====>.........................] - ETA: 19s - loss: 570372.7125
 768/3306 [=====>........................] - ETA: 18s - loss: 570975.8750
 896/3306 [=======>......................] - ETA: 17s - loss: 570523.1964
1024/3306 [========>.....................] - ETA: 16s - loss: 570744.1562
1152/3306 [=========>....................] - ETA: 15s - loss: 570756.2083
1280/3306 [==========>...................] - ETA: 14s - loss: 570517.7125
1408/3306 [===========>..................] - ETA: 13s - loss: 570084.4943
1536/3306 [============>.................] - ETA: 12s - loss: 569706.7552
1664/3306 [==============>...............] - ETA: 12s - loss: 569771.3029
1792/3306 [===============>..............] - ETA: 11s - loss: 569387.6920
1920/3306 [================>.............] - ETA: 10s - loss: 569786.5167
2048/3306 [=================>............] - ETA: 9s - loss: 569773.3164 
2176/3306 [==================>...........] - ETA: 8s - loss: 569906.9669
2304/3306 [===================>..........] - ETA: 7s - loss: 569899.7535
2432/3306 [=====================>........] - ETA: 6s - loss: 570109.7500
2560/3306 [======================>.......] - ETA: 5s - loss: 570307.4750
2688/3306 [=======================>......] - ETA: 4s - loss: 570317.4851
2816/3306 [========================>.....] - ETA: 3s - loss: 570387.1903
2944/3306 [=========================>....] - ETA: 2s - loss: 570431.7962
3072/3306 [==========================>...] - ETA: 1s - loss: 570250.7188
3200/3306 [============================>.] - ETA: 0s - loss: 570360.7750
3306/3306 [==============================] - 24s 7ms/step - loss: 570473.7158
Epoch 78/100

 128/3306 [>.............................] - ETA: 23s - loss: 569775.8750
 256/3306 [=>............................] - ETA: 22s - loss: 571633.6250
 384/3306 [==>...........................] - ETA: 21s - loss: 569325.0000
 512/3306 [===>..........................] - ETA: 20s - loss: 569665.4062
 640/3306 [====>.........................] - ETA: 19s - loss: 569836.0500
 768/3306 [=====>........................] - ETA: 18s - loss: 569765.6354
 896/3306 [=======>......................] - ETA: 17s - loss: 569664.9554
1024/3306 [========>.....................] - ETA: 16s - loss: 569247.0234
1152/3306 [=========>....................] - ETA: 15s - loss: 569475.5347
1280/3306 [==========>...................] - ETA: 14s - loss: 569549.4187
1408/3306 [===========>..................] - ETA: 13s - loss: 569052.2955
1536/3306 [============>.................] - ETA: 12s - loss: 569330.6719
1664/3306 [==============>...............] - ETA: 12s - loss: 569571.1154
1792/3306 [===============>..............] - ETA: 11s - loss: 569676.4643
1920/3306 [================>.............] - ETA: 10s - loss: 569727.5667
2048/3306 [=================>............] - ETA: 9s - loss: 569596.8984 
2176/3306 [==================>...........] - ETA: 8s - loss: 569896.6801
2304/3306 [===================>..........] - ETA: 7s - loss: 569899.8993
2432/3306 [=====================>........] - ETA: 6s - loss: 570033.8717
2560/3306 [======================>.......] - ETA: 5s - loss: 569862.1062
2688/3306 [=======================>......] - ETA: 4s - loss: 569769.0268
2816/3306 [========================>.....] - ETA: 3s - loss: 569646.6903
2944/3306 [=========================>....] - ETA: 2s - loss: 569818.4918
3072/3306 [==========================>...] - ETA: 1s - loss: 570021.3490
3200/3306 [============================>.] - ETA: 0s - loss: 570222.7150
3306/3306 [==============================] - 24s 7ms/step - loss: 570308.1678
Epoch 79/100

 128/3306 [>.............................] - ETA: 23s - loss: 566066.4375
 256/3306 [=>............................] - ETA: 22s - loss: 566758.0312
 384/3306 [==>...........................] - ETA: 21s - loss: 566291.7708
 512/3306 [===>..........................] - ETA: 20s - loss: 567362.3281
 640/3306 [====>.........................] - ETA: 19s - loss: 568778.5625
 768/3306 [=====>........................] - ETA: 18s - loss: 568915.6458
 896/3306 [=======>......................] - ETA: 17s - loss: 569604.7054
1024/3306 [========>.....................] - ETA: 16s - loss: 569753.7969
1152/3306 [=========>....................] - ETA: 15s - loss: 569174.3681
1280/3306 [==========>...................] - ETA: 14s - loss: 569497.5687
1408/3306 [===========>..................] - ETA: 13s - loss: 569832.7216
1536/3306 [============>.................] - ETA: 12s - loss: 569932.6250
1664/3306 [==============>...............] - ETA: 11s - loss: 569915.8462
1792/3306 [===============>..............] - ETA: 11s - loss: 569941.3839
1920/3306 [================>.............] - ETA: 10s - loss: 570013.6500
2048/3306 [=================>............] - ETA: 9s - loss: 569898.4727 
2176/3306 [==================>...........] - ETA: 8s - loss: 569877.9485
2304/3306 [===================>..........] - ETA: 7s - loss: 569715.9062
2432/3306 [=====================>........] - ETA: 6s - loss: 569862.9178
2560/3306 [======================>.......] - ETA: 5s - loss: 569902.1656
2688/3306 [=======================>......] - ETA: 4s - loss: 570043.6875
2816/3306 [========================>.....] - ETA: 3s - loss: 569801.6364
2944/3306 [=========================>....] - ETA: 2s - loss: 570007.2147
3072/3306 [==========================>...] - ETA: 1s - loss: 569971.1510
3200/3306 [============================>.] - ETA: 0s - loss: 570077.8900
3306/3306 [==============================] - 24s 7ms/step - loss: 570158.8744
Epoch 80/100

 128/3306 [>.............................] - ETA: 23s - loss: 569224.7500
 256/3306 [=>............................] - ETA: 22s - loss: 571499.1250
 384/3306 [==>...........................] - ETA: 21s - loss: 571569.3125
 512/3306 [===>..........................] - ETA: 20s - loss: 570557.8906
 640/3306 [====>.........................] - ETA: 19s - loss: 569639.3625
 768/3306 [=====>........................] - ETA: 18s - loss: 570221.3125
 896/3306 [=======>......................] - ETA: 17s - loss: 570319.1518
1024/3306 [========>.....................] - ETA: 16s - loss: 570176.2188
1152/3306 [=========>....................] - ETA: 15s - loss: 570590.3472
1280/3306 [==========>...................] - ETA: 14s - loss: 570307.3750
1408/3306 [===========>..................] - ETA: 13s - loss: 570549.0398
1536/3306 [============>.................] - ETA: 12s - loss: 570566.2865
1664/3306 [==============>...............] - ETA: 12s - loss: 570586.4567
1792/3306 [===============>..............] - ETA: 11s - loss: 570340.2545
1920/3306 [================>.............] - ETA: 10s - loss: 570194.3208
2048/3306 [=================>............] - ETA: 9s - loss: 570183.4141 
2176/3306 [==================>...........] - ETA: 8s - loss: 570276.8750
2304/3306 [===================>..........] - ETA: 7s - loss: 570390.0938
2432/3306 [=====================>........] - ETA: 6s - loss: 570313.1283
2560/3306 [======================>.......] - ETA: 5s - loss: 570011.5281
2688/3306 [=======================>......] - ETA: 4s - loss: 570034.9673
2816/3306 [========================>.....] - ETA: 3s - loss: 570133.1818
2944/3306 [=========================>....] - ETA: 2s - loss: 569884.0326
3072/3306 [==========================>...] - ETA: 1s - loss: 570097.0417
3200/3306 [============================>.] - ETA: 0s - loss: 570127.0800
3306/3306 [==============================] - 24s 7ms/step - loss: 570197.6058
Epoch 81/100

 128/3306 [>.............................] - ETA: 23s - loss: 574217.7500
 256/3306 [=>............................] - ETA: 22s - loss: 571736.8750
 384/3306 [==>...........................] - ETA: 21s - loss: 570283.3333
 512/3306 [===>..........................] - ETA: 20s - loss: 570398.2188
 640/3306 [====>.........................] - ETA: 19s - loss: 570155.0750
 768/3306 [=====>........................] - ETA: 18s - loss: 570101.2812
 896/3306 [=======>......................] - ETA: 17s - loss: 570646.3304
1024/3306 [========>.....................] - ETA: 16s - loss: 571013.5703
1152/3306 [=========>....................] - ETA: 15s - loss: 571221.4444
1280/3306 [==========>...................] - ETA: 14s - loss: 570904.9250
1408/3306 [===========>..................] - ETA: 13s - loss: 570472.7955
1536/3306 [============>.................] - ETA: 12s - loss: 570543.6927
1664/3306 [==============>...............] - ETA: 12s - loss: 570641.5337
1792/3306 [===============>..............] - ETA: 11s - loss: 570592.9866
1920/3306 [================>.............] - ETA: 10s - loss: 570750.6625
2048/3306 [=================>............] - ETA: 9s - loss: 570556.7070 
2176/3306 [==================>...........] - ETA: 8s - loss: 570593.8640
2304/3306 [===================>..........] - ETA: 7s - loss: 570245.4549
2432/3306 [=====================>........] - ETA: 6s - loss: 570446.1612
2560/3306 [======================>.......] - ETA: 5s - loss: 570145.1156
2688/3306 [=======================>......] - ETA: 4s - loss: 570076.0387
2816/3306 [========================>.....] - ETA: 3s - loss: 570047.4233
2944/3306 [=========================>....] - ETA: 2s - loss: 569885.9049
3072/3306 [==========================>...] - ETA: 1s - loss: 569913.4349
3200/3306 [============================>.] - ETA: 0s - loss: 570011.1875
3306/3306 [==============================] - 24s 7ms/step - loss: 570076.2271
Epoch 82/100

 128/3306 [>.............................] - ETA: 23s - loss: 573538.2500
 256/3306 [=>............................] - ETA: 22s - loss: 573149.8750
 384/3306 [==>...........................] - ETA: 21s - loss: 572043.9792
 512/3306 [===>..........................] - ETA: 20s - loss: 571924.8906
 640/3306 [====>.........................] - ETA: 19s - loss: 572197.5000
 768/3306 [=====>........................] - ETA: 18s - loss: 571761.3750
 896/3306 [=======>......................] - ETA: 17s - loss: 570684.5089
1024/3306 [========>.....................] - ETA: 16s - loss: 570079.9766
1152/3306 [=========>....................] - ETA: 15s - loss: 570551.5764
1280/3306 [==========>...................] - ETA: 14s - loss: 570207.8938
1408/3306 [===========>..................] - ETA: 13s - loss: 570141.2102
1536/3306 [============>.................] - ETA: 12s - loss: 570163.8906
1664/3306 [==============>...............] - ETA: 11s - loss: 570272.8510
1792/3306 [===============>..............] - ETA: 11s - loss: 570241.5134
1920/3306 [================>.............] - ETA: 10s - loss: 570050.8875
2048/3306 [=================>............] - ETA: 9s - loss: 569941.0273 
2176/3306 [==================>...........] - ETA: 8s - loss: 569886.3272
2304/3306 [===================>..........] - ETA: 7s - loss: 569953.3854
2432/3306 [=====================>........] - ETA: 6s - loss: 569843.2401
2560/3306 [======================>.......] - ETA: 5s - loss: 569893.6156
2688/3306 [=======================>......] - ETA: 4s - loss: 569937.9583
2816/3306 [========================>.....] - ETA: 3s - loss: 570058.3040
2944/3306 [=========================>....] - ETA: 2s - loss: 570244.5353
3072/3306 [==========================>...] - ETA: 1s - loss: 570002.7422
3200/3306 [============================>.] - ETA: 0s - loss: 569809.0475
3306/3306 [==============================] - 24s 7ms/step - loss: 569886.2895
Epoch 83/100

 128/3306 [>.............................] - ETA: 23s - loss: 568700.8750
 256/3306 [=>............................] - ETA: 22s - loss: 569119.4062
 384/3306 [==>...........................] - ETA: 21s - loss: 568582.2083
 512/3306 [===>..........................] - ETA: 20s - loss: 567415.0625
 640/3306 [====>.........................] - ETA: 19s - loss: 568250.8500
 768/3306 [=====>........................] - ETA: 18s - loss: 567372.5417
 896/3306 [=======>......................] - ETA: 17s - loss: 567034.8125
1024/3306 [========>.....................] - ETA: 16s - loss: 567334.6016
1152/3306 [=========>....................] - ETA: 15s - loss: 567723.1667
1280/3306 [==========>...................] - ETA: 15s - loss: 567346.6375
1408/3306 [===========>..................] - ETA: 14s - loss: 567808.4545
1536/3306 [============>.................] - ETA: 13s - loss: 567876.2448
1664/3306 [==============>...............] - ETA: 12s - loss: 568218.0433
1792/3306 [===============>..............] - ETA: 11s - loss: 568605.6027
1920/3306 [================>.............] - ETA: 10s - loss: 568789.8125
2048/3306 [=================>............] - ETA: 9s - loss: 569066.1016 
2176/3306 [==================>...........] - ETA: 8s - loss: 569311.5478
2304/3306 [===================>..........] - ETA: 7s - loss: 569549.8438
2432/3306 [=====================>........] - ETA: 6s - loss: 569589.1546
2560/3306 [======================>.......] - ETA: 5s - loss: 569677.1438
2688/3306 [=======================>......] - ETA: 4s - loss: 569806.2054
2816/3306 [========================>.....] - ETA: 3s - loss: 569702.7756
2944/3306 [=========================>....] - ETA: 2s - loss: 569601.1630
3072/3306 [==========================>...] - ETA: 1s - loss: 569818.6641
3200/3306 [============================>.] - ETA: 0s - loss: 569826.1325
3306/3306 [==============================] - 25s 7ms/step - loss: 569906.3036
Epoch 84/100

 128/3306 [>.............................] - ETA: 22s - loss: 571414.3750
 256/3306 [=>............................] - ETA: 21s - loss: 569008.6875
 384/3306 [==>...........................] - ETA: 21s - loss: 568973.4375
 512/3306 [===>..........................] - ETA: 20s - loss: 570340.4219
 640/3306 [====>.........................] - ETA: 19s - loss: 570523.6375
 768/3306 [=====>........................] - ETA: 18s - loss: 570790.2188
 896/3306 [=======>......................] - ETA: 17s - loss: 570685.3661
1024/3306 [========>.....................] - ETA: 16s - loss: 570455.4141
1152/3306 [=========>....................] - ETA: 15s - loss: 570025.5278
1280/3306 [==========>...................] - ETA: 14s - loss: 570406.1625
1408/3306 [===========>..................] - ETA: 13s - loss: 570640.6591
1536/3306 [============>.................] - ETA: 12s - loss: 570100.1510
1664/3306 [==============>...............] - ETA: 11s - loss: 570134.3990
1792/3306 [===============>..............] - ETA: 11s - loss: 569693.4688
1920/3306 [================>.............] - ETA: 10s - loss: 569765.6792
2048/3306 [=================>............] - ETA: 9s - loss: 569864.1953 
2176/3306 [==================>...........] - ETA: 8s - loss: 569829.8272
2304/3306 [===================>..........] - ETA: 7s - loss: 569920.2326
2432/3306 [=====================>........] - ETA: 6s - loss: 570112.3947
2560/3306 [======================>.......] - ETA: 5s - loss: 569897.8125
2688/3306 [=======================>......] - ETA: 4s - loss: 570061.8095
2816/3306 [========================>.....] - ETA: 3s - loss: 569957.3977
2944/3306 [=========================>....] - ETA: 2s - loss: 569936.5707
3072/3306 [==========================>...] - ETA: 1s - loss: 569945.1510
3200/3306 [============================>.] - ETA: 0s - loss: 570087.2600
3306/3306 [==============================] - 24s 7ms/step - loss: 570179.1780
Epoch 85/100

 128/3306 [>.............................] - ETA: 23s - loss: 569448.2500
 256/3306 [=>............................] - ETA: 22s - loss: 568800.2500
 384/3306 [==>...........................] - ETA: 21s - loss: 567881.7500
 512/3306 [===>..........................] - ETA: 20s - loss: 568923.7188
 640/3306 [====>.........................] - ETA: 19s - loss: 567991.1875
 768/3306 [=====>........................] - ETA: 18s - loss: 568642.5833
 896/3306 [=======>......................] - ETA: 17s - loss: 568114.5982
1024/3306 [========>.....................] - ETA: 16s - loss: 568652.5781
1152/3306 [=========>....................] - ETA: 15s - loss: 568832.9306
1280/3306 [==========>...................] - ETA: 14s - loss: 569349.7500
1408/3306 [===========>..................] - ETA: 14s - loss: 569629.6193
1536/3306 [============>.................] - ETA: 13s - loss: 569639.2240
1664/3306 [==============>...............] - ETA: 12s - loss: 569870.6587
1792/3306 [===============>..............] - ETA: 11s - loss: 569907.7812
1920/3306 [================>.............] - ETA: 10s - loss: 569750.2958
2048/3306 [=================>............] - ETA: 9s - loss: 569945.5664 
2176/3306 [==================>...........] - ETA: 8s - loss: 569799.5993
2304/3306 [===================>..........] - ETA: 7s - loss: 569564.0868
2432/3306 [=====================>........] - ETA: 6s - loss: 569534.9539
2560/3306 [======================>.......] - ETA: 5s - loss: 569765.4437
2688/3306 [=======================>......] - ETA: 4s - loss: 569679.0238
2816/3306 [========================>.....] - ETA: 3s - loss: 569660.5909
2944/3306 [=========================>....] - ETA: 2s - loss: 569727.3750
3072/3306 [==========================>...] - ETA: 1s - loss: 569929.4844
3200/3306 [============================>.] - ETA: 0s - loss: 569962.8800
3306/3306 [==============================] - 25s 7ms/step - loss: 570006.0926
Epoch 86/100

 128/3306 [>.............................] - ETA: 23s - loss: 569660.2500
 256/3306 [=>............................] - ETA: 22s - loss: 568557.2188
 384/3306 [==>...........................] - ETA: 21s - loss: 567156.6042
 512/3306 [===>..........................] - ETA: 20s - loss: 568352.0312
 640/3306 [====>.........................] - ETA: 19s - loss: 568058.4125
 768/3306 [=====>........................] - ETA: 18s - loss: 567733.9896
 896/3306 [=======>......................] - ETA: 17s - loss: 567412.4196
1024/3306 [========>.....................] - ETA: 16s - loss: 568203.9141
1152/3306 [=========>....................] - ETA: 15s - loss: 568484.0486
1280/3306 [==========>...................] - ETA: 14s - loss: 569086.9062
1408/3306 [===========>..................] - ETA: 13s - loss: 569481.1989
1536/3306 [============>.................] - ETA: 13s - loss: 569440.1302
1664/3306 [==============>...............] - ETA: 12s - loss: 569395.8606
1792/3306 [===============>..............] - ETA: 11s - loss: 569442.4777
1920/3306 [================>.............] - ETA: 10s - loss: 569650.9500
2048/3306 [=================>............] - ETA: 9s - loss: 569712.3672 
2176/3306 [==================>...........] - ETA: 8s - loss: 569778.0882
2304/3306 [===================>..........] - ETA: 7s - loss: 569529.3333
2432/3306 [=====================>........] - ETA: 6s - loss: 569387.4539
2560/3306 [======================>.......] - ETA: 5s - loss: 569536.1719
2688/3306 [=======================>......] - ETA: 4s - loss: 569759.2708
2816/3306 [========================>.....] - ETA: 3s - loss: 569742.9858
2944/3306 [=========================>....] - ETA: 2s - loss: 569857.2092
3072/3306 [==========================>...] - ETA: 1s - loss: 569888.9688
3200/3306 [============================>.] - ETA: 0s - loss: 569894.2375
3306/3306 [==============================] - 24s 7ms/step - loss: 569968.4656
Epoch 87/100

 128/3306 [>.............................] - ETA: 23s - loss: 566882.1250
 256/3306 [=>............................] - ETA: 22s - loss: 569957.2812
 384/3306 [==>...........................] - ETA: 21s - loss: 568315.3125
 512/3306 [===>..........................] - ETA: 20s - loss: 568567.7344
 640/3306 [====>.........................] - ETA: 19s - loss: 567652.3875
 768/3306 [=====>........................] - ETA: 18s - loss: 567796.3854
 896/3306 [=======>......................] - ETA: 17s - loss: 568489.5893
1024/3306 [========>.....................] - ETA: 16s - loss: 568920.1719
1152/3306 [=========>....................] - ETA: 15s - loss: 569488.3542
1280/3306 [==========>...................] - ETA: 14s - loss: 569590.0687
1408/3306 [===========>..................] - ETA: 13s - loss: 569722.4545
1536/3306 [============>.................] - ETA: 13s - loss: 570009.9583
1664/3306 [==============>...............] - ETA: 12s - loss: 569814.1490
1792/3306 [===============>..............] - ETA: 11s - loss: 569761.5759
1920/3306 [================>.............] - ETA: 10s - loss: 569773.4333
2048/3306 [=================>............] - ETA: 9s - loss: 569554.0391 
2176/3306 [==================>...........] - ETA: 8s - loss: 569700.6360
2304/3306 [===================>..........] - ETA: 7s - loss: 569731.8021
2432/3306 [=====================>........] - ETA: 6s - loss: 569725.0296
2560/3306 [======================>.......] - ETA: 5s - loss: 569451.3156
2688/3306 [=======================>......] - ETA: 4s - loss: 569671.7619
2816/3306 [========================>.....] - ETA: 3s - loss: 569770.8693
2944/3306 [=========================>....] - ETA: 2s - loss: 569677.1223
3072/3306 [==========================>...] - ETA: 1s - loss: 569622.2161
3200/3306 [============================>.] - ETA: 0s - loss: 569686.7525
3306/3306 [==============================] - 24s 7ms/step - loss: 569773.9535
Epoch 88/100

 128/3306 [>.............................] - ETA: 24s - loss: 568970.8750
 256/3306 [=>............................] - ETA: 22s - loss: 571001.6250
 384/3306 [==>...........................] - ETA: 21s - loss: 571577.7500
 512/3306 [===>..........................] - ETA: 20s - loss: 570881.0312
 640/3306 [====>.........................] - ETA: 19s - loss: 571152.8250
 768/3306 [=====>........................] - ETA: 18s - loss: 570954.9583
 896/3306 [=======>......................] - ETA: 17s - loss: 570858.5000
1024/3306 [========>.....................] - ETA: 16s - loss: 571232.1562
1152/3306 [=========>....................] - ETA: 16s - loss: 570925.6875
1280/3306 [==========>...................] - ETA: 15s - loss: 570532.1562
1408/3306 [===========>..................] - ETA: 14s - loss: 570611.8920
1536/3306 [============>.................] - ETA: 13s - loss: 570837.7031
1664/3306 [==============>...............] - ETA: 12s - loss: 570768.8846
1792/3306 [===============>..............] - ETA: 11s - loss: 570505.7009
1920/3306 [================>.............] - ETA: 10s - loss: 570500.7125
2048/3306 [=================>............] - ETA: 9s - loss: 570291.9922 
2176/3306 [==================>...........] - ETA: 8s - loss: 570242.3235
2304/3306 [===================>..........] - ETA: 7s - loss: 570111.6111
2432/3306 [=====================>........] - ETA: 6s - loss: 569801.5987
2560/3306 [======================>.......] - ETA: 5s - loss: 569632.2688
2688/3306 [=======================>......] - ETA: 4s - loss: 569351.6548
2816/3306 [========================>.....] - ETA: 3s - loss: 569178.0966
2944/3306 [=========================>....] - ETA: 2s - loss: 569357.2500
3072/3306 [==========================>...] - ETA: 1s - loss: 569469.2552
3200/3306 [============================>.] - ETA: 0s - loss: 569593.6600
3306/3306 [==============================] - 24s 7ms/step - loss: 569662.0411
Epoch 89/100

 128/3306 [>.............................] - ETA: 23s - loss: 573850.1250
 256/3306 [=>............................] - ETA: 22s - loss: 572665.8750
 384/3306 [==>...........................] - ETA: 21s - loss: 571724.9167
 512/3306 [===>..........................] - ETA: 20s - loss: 570550.4062
 640/3306 [====>.........................] - ETA: 19s - loss: 569956.7250
 768/3306 [=====>........................] - ETA: 18s - loss: 570090.8333
 896/3306 [=======>......................] - ETA: 17s - loss: 570352.0714
1024/3306 [========>.....................] - ETA: 16s - loss: 569496.0625
1152/3306 [=========>....................] - ETA: 15s - loss: 569552.0972
1280/3306 [==========>...................] - ETA: 14s - loss: 569010.8875
1408/3306 [===========>..................] - ETA: 13s - loss: 568656.1307
1536/3306 [============>.................] - ETA: 12s - loss: 568689.6615
1664/3306 [==============>...............] - ETA: 12s - loss: 569056.4231
1792/3306 [===============>..............] - ETA: 11s - loss: 569520.1607
1920/3306 [================>.............] - ETA: 10s - loss: 569814.6958
2048/3306 [=================>............] - ETA: 9s - loss: 570060.7383 
2176/3306 [==================>...........] - ETA: 8s - loss: 570036.3015
2304/3306 [===================>..........] - ETA: 7s - loss: 570023.8264
2432/3306 [=====================>........] - ETA: 6s - loss: 570015.3224
2560/3306 [======================>.......] - ETA: 5s - loss: 570023.2000
2688/3306 [=======================>......] - ETA: 4s - loss: 569988.9435
2816/3306 [========================>.....] - ETA: 3s - loss: 570021.2131
2944/3306 [=========================>....] - ETA: 2s - loss: 569843.6875
3072/3306 [==========================>...] - ETA: 1s - loss: 569982.1198
3200/3306 [============================>.] - ETA: 0s - loss: 569855.4400
3306/3306 [==============================] - 24s 7ms/step - loss: 569909.0271
Epoch 90/100

 128/3306 [>.............................] - ETA: 23s - loss: 569264.1250
 256/3306 [=>............................] - ETA: 22s - loss: 570837.4688
 384/3306 [==>...........................] - ETA: 21s - loss: 570726.6042
 512/3306 [===>..........................] - ETA: 20s - loss: 571307.7969
 640/3306 [====>.........................] - ETA: 19s - loss: 571839.5375
 768/3306 [=====>........................] - ETA: 18s - loss: 572134.2604
 896/3306 [=======>......................] - ETA: 17s - loss: 571915.3214
1024/3306 [========>.....................] - ETA: 16s - loss: 571490.1250
1152/3306 [=========>....................] - ETA: 15s - loss: 570702.0833
1280/3306 [==========>...................] - ETA: 14s - loss: 570901.4250
1408/3306 [===========>..................] - ETA: 13s - loss: 570477.1477
1536/3306 [============>.................] - ETA: 12s - loss: 570572.4948
1664/3306 [==============>...............] - ETA: 12s - loss: 570263.7837
1792/3306 [===============>..............] - ETA: 11s - loss: 569885.9598
1920/3306 [================>.............] - ETA: 10s - loss: 569828.0542
2048/3306 [=================>............] - ETA: 9s - loss: 569452.5781 
2176/3306 [==================>...........] - ETA: 8s - loss: 569598.7169
2304/3306 [===================>..........] - ETA: 7s - loss: 569559.1493
2432/3306 [=====================>........] - ETA: 6s - loss: 569618.0625
2560/3306 [======================>.......] - ETA: 5s - loss: 569508.7937
2688/3306 [=======================>......] - ETA: 4s - loss: 569328.0595
2816/3306 [========================>.....] - ETA: 3s - loss: 569451.3636
2944/3306 [=========================>....] - ETA: 2s - loss: 569491.6304
3072/3306 [==========================>...] - ETA: 1s - loss: 569601.8385
3200/3306 [============================>.] - ETA: 0s - loss: 569614.4225
3306/3306 [==============================] - 24s 7ms/step - loss: 569687.7088
Epoch 91/100

 128/3306 [>.............................] - ETA: 23s - loss: 567946.6875
 256/3306 [=>............................] - ETA: 21s - loss: 569759.7812
 384/3306 [==>...........................] - ETA: 21s - loss: 568777.9583
 512/3306 [===>..........................] - ETA: 20s - loss: 567623.8438
 640/3306 [====>.........................] - ETA: 19s - loss: 567909.0250
 768/3306 [=====>........................] - ETA: 18s - loss: 568775.2917
 896/3306 [=======>......................] - ETA: 17s - loss: 568453.9464
1024/3306 [========>.....................] - ETA: 16s - loss: 568104.4531
1152/3306 [=========>....................] - ETA: 15s - loss: 567775.1111
1280/3306 [==========>...................] - ETA: 14s - loss: 567967.1375
1408/3306 [===========>..................] - ETA: 13s - loss: 568139.9205
1536/3306 [============>.................] - ETA: 12s - loss: 568445.6250
1664/3306 [==============>...............] - ETA: 11s - loss: 568868.4519
1792/3306 [===============>..............] - ETA: 10s - loss: 568979.6964
1920/3306 [================>.............] - ETA: 10s - loss: 569009.8833
2048/3306 [=================>............] - ETA: 9s - loss: 569277.3320 
2176/3306 [==================>...........] - ETA: 8s - loss: 569432.6875
2304/3306 [===================>..........] - ETA: 7s - loss: 569614.6528
2432/3306 [=====================>........] - ETA: 6s - loss: 569675.1382
2560/3306 [======================>.......] - ETA: 5s - loss: 569892.5500
2688/3306 [=======================>......] - ETA: 4s - loss: 569830.2827
2816/3306 [========================>.....] - ETA: 3s - loss: 569875.0142
2944/3306 [=========================>....] - ETA: 2s - loss: 569875.4810
3072/3306 [==========================>...] - ETA: 1s - loss: 569801.6172
3200/3306 [============================>.] - ETA: 0s - loss: 569591.3125
3306/3306 [==============================] - 24s 7ms/step - loss: 569662.3940
Epoch 92/100

 128/3306 [>.............................] - ETA: 23s - loss: 572627.8750
 256/3306 [=>............................] - ETA: 23s - loss: 573390.3125
 384/3306 [==>...........................] - ETA: 21s - loss: 571269.2083
 512/3306 [===>..........................] - ETA: 20s - loss: 570452.7812
 640/3306 [====>.........................] - ETA: 19s - loss: 571035.1000
 768/3306 [=====>........................] - ETA: 18s - loss: 571103.0625
 896/3306 [=======>......................] - ETA: 18s - loss: 571459.8125
1024/3306 [========>.....................] - ETA: 17s - loss: 570838.3359
1152/3306 [=========>....................] - ETA: 15s - loss: 570416.8958
1280/3306 [==========>...................] - ETA: 14s - loss: 570443.8812
1408/3306 [===========>..................] - ETA: 14s - loss: 570538.5398
1536/3306 [============>.................] - ETA: 13s - loss: 570175.3542
1664/3306 [==============>...............] - ETA: 12s - loss: 570142.9519
1792/3306 [===============>..............] - ETA: 11s - loss: 570189.5357
1920/3306 [================>.............] - ETA: 10s - loss: 570122.9208
2048/3306 [=================>............] - ETA: 9s - loss: 570065.5000 
2176/3306 [==================>...........] - ETA: 8s - loss: 569687.0368
2304/3306 [===================>..........] - ETA: 7s - loss: 569619.1736
2432/3306 [=====================>........] - ETA: 6s - loss: 569774.0395
2560/3306 [======================>.......] - ETA: 5s - loss: 569772.7531
2688/3306 [=======================>......] - ETA: 4s - loss: 569518.6696
2816/3306 [========================>.....] - ETA: 3s - loss: 569533.0085
2944/3306 [=========================>....] - ETA: 2s - loss: 569577.0788
3072/3306 [==========================>...] - ETA: 1s - loss: 569391.3047
3200/3306 [============================>.] - ETA: 0s - loss: 569492.6825
3306/3306 [==============================] - 24s 7ms/step - loss: 569543.4964
Epoch 93/100

 128/3306 [>.............................] - ETA: 23s - loss: 563939.1250
 256/3306 [=>............................] - ETA: 22s - loss: 564439.6875
 384/3306 [==>...........................] - ETA: 21s - loss: 568177.6042
 512/3306 [===>..........................] - ETA: 20s - loss: 568437.5469
 640/3306 [====>.........................] - ETA: 19s - loss: 569502.6125
 768/3306 [=====>........................] - ETA: 18s - loss: 569788.2292
 896/3306 [=======>......................] - ETA: 17s - loss: 569786.4464
1024/3306 [========>.....................] - ETA: 16s - loss: 570256.5938
1152/3306 [=========>....................] - ETA: 15s - loss: 569871.8472
1280/3306 [==========>...................] - ETA: 14s - loss: 570088.2500
1408/3306 [===========>..................] - ETA: 13s - loss: 569808.6932
1536/3306 [============>.................] - ETA: 12s - loss: 569807.4271
1664/3306 [==============>...............] - ETA: 11s - loss: 569741.4038
1792/3306 [===============>..............] - ETA: 11s - loss: 569990.7679
1920/3306 [================>.............] - ETA: 10s - loss: 570162.8875
2048/3306 [=================>............] - ETA: 9s - loss: 569787.2539 
2176/3306 [==================>...........] - ETA: 8s - loss: 569829.0625
2304/3306 [===================>..........] - ETA: 7s - loss: 569957.4201
2432/3306 [=====================>........] - ETA: 6s - loss: 569821.7993
2560/3306 [======================>.......] - ETA: 5s - loss: 569507.1625
2688/3306 [=======================>......] - ETA: 4s - loss: 569455.4464
2816/3306 [========================>.....] - ETA: 3s - loss: 569451.2756
2944/3306 [=========================>....] - ETA: 2s - loss: 569461.8967
3072/3306 [==========================>...] - ETA: 1s - loss: 569487.1771
3200/3306 [============================>.] - ETA: 0s - loss: 569575.9000
3306/3306 [==============================] - 24s 7ms/step - loss: 569641.9749
Epoch 94/100

 128/3306 [>.............................] - ETA: 23s - loss: 565217.7500
 256/3306 [=>............................] - ETA: 23s - loss: 569001.0625
 384/3306 [==>...........................] - ETA: 21s - loss: 567066.8125
 512/3306 [===>..........................] - ETA: 20s - loss: 567779.4219
 640/3306 [====>.........................] - ETA: 19s - loss: 566859.4875
 768/3306 [=====>........................] - ETA: 18s - loss: 567122.6562
 896/3306 [=======>......................] - ETA: 17s - loss: 566933.0982
1024/3306 [========>.....................] - ETA: 16s - loss: 567353.3047
1152/3306 [=========>....................] - ETA: 15s - loss: 567461.7569
1280/3306 [==========>...................] - ETA: 14s - loss: 567910.6438
1408/3306 [===========>..................] - ETA: 14s - loss: 568012.1307
1536/3306 [============>.................] - ETA: 13s - loss: 568414.0938
1664/3306 [==============>...............] - ETA: 12s - loss: 568314.3317
1792/3306 [===============>..............] - ETA: 11s - loss: 568526.5491
1920/3306 [================>.............] - ETA: 10s - loss: 568662.7292
2048/3306 [=================>............] - ETA: 9s - loss: 568991.2227 
2176/3306 [==================>...........] - ETA: 8s - loss: 569239.4265
2304/3306 [===================>..........] - ETA: 7s - loss: 569247.1111
2432/3306 [=====================>........] - ETA: 6s - loss: 569278.4145
2560/3306 [======================>.......] - ETA: 5s - loss: 569448.6906
2688/3306 [=======================>......] - ETA: 4s - loss: 569369.8899
2816/3306 [========================>.....] - ETA: 3s - loss: 569378.6165
2944/3306 [=========================>....] - ETA: 2s - loss: 569501.5516
3072/3306 [==========================>...] - ETA: 1s - loss: 569366.6667
3200/3306 [============================>.] - ETA: 0s - loss: 569393.0550
3306/3306 [==============================] - 25s 7ms/step - loss: 569462.9524
Epoch 95/100

 128/3306 [>.............................] - ETA: 22s - loss: 569188.0000
 256/3306 [=>............................] - ETA: 21s - loss: 568729.5938
 384/3306 [==>...........................] - ETA: 21s - loss: 570311.5000
 512/3306 [===>..........................] - ETA: 20s - loss: 569589.7969
 640/3306 [====>.........................] - ETA: 19s - loss: 570481.0125
 768/3306 [=====>........................] - ETA: 18s - loss: 570346.8542
 896/3306 [=======>......................] - ETA: 17s - loss: 570336.1429
1024/3306 [========>.....................] - ETA: 16s - loss: 569915.5938
1152/3306 [=========>....................] - ETA: 15s - loss: 570015.2986
1280/3306 [==========>...................] - ETA: 14s - loss: 570141.7812
1408/3306 [===========>..................] - ETA: 13s - loss: 569821.7216
1536/3306 [============>.................] - ETA: 12s - loss: 569778.1979
1664/3306 [==============>...............] - ETA: 12s - loss: 569725.5385
1792/3306 [===============>..............] - ETA: 11s - loss: 569881.7321
1920/3306 [================>.............] - ETA: 10s - loss: 569986.1167
2048/3306 [=================>............] - ETA: 9s - loss: 570274.8164 
2176/3306 [==================>...........] - ETA: 8s - loss: 570242.9559
2304/3306 [===================>..........] - ETA: 7s - loss: 570125.6840
2432/3306 [=====================>........] - ETA: 6s - loss: 570222.0066
2560/3306 [======================>.......] - ETA: 5s - loss: 569998.8375
2688/3306 [=======================>......] - ETA: 4s - loss: 570124.0060
2816/3306 [========================>.....] - ETA: 3s - loss: 570271.1847
2944/3306 [=========================>....] - ETA: 2s - loss: 569999.4973
3072/3306 [==========================>...] - ETA: 1s - loss: 569848.9479
3200/3306 [============================>.] - ETA: 0s - loss: 569604.6550
3306/3306 [==============================] - 24s 7ms/step - loss: 569672.1104
Epoch 96/100

 128/3306 [>.............................] - ETA: 22s - loss: 571204.5000
 256/3306 [=>............................] - ETA: 22s - loss: 567163.1875
 384/3306 [==>...........................] - ETA: 20s - loss: 568267.8750
 512/3306 [===>..........................] - ETA: 19s - loss: 566851.7344
 640/3306 [====>.........................] - ETA: 19s - loss: 566916.0625
 768/3306 [=====>........................] - ETA: 18s - loss: 567424.4896
 896/3306 [=======>......................] - ETA: 17s - loss: 567517.7679
1024/3306 [========>.....................] - ETA: 16s - loss: 567784.2812
1152/3306 [=========>....................] - ETA: 15s - loss: 568444.8681
1280/3306 [==========>...................] - ETA: 14s - loss: 568509.4812
1408/3306 [===========>..................] - ETA: 13s - loss: 568412.4489
1536/3306 [============>.................] - ETA: 12s - loss: 568809.9167
1664/3306 [==============>...............] - ETA: 11s - loss: 569057.2500
1792/3306 [===============>..............] - ETA: 10s - loss: 569168.5580
1920/3306 [================>.............] - ETA: 10s - loss: 569414.1250
2048/3306 [=================>............] - ETA: 9s - loss: 569575.8594 
2176/3306 [==================>...........] - ETA: 8s - loss: 569766.2279
2304/3306 [===================>..........] - ETA: 7s - loss: 569804.1076
2432/3306 [=====================>........] - ETA: 6s - loss: 569576.1941
2560/3306 [======================>.......] - ETA: 5s - loss: 569433.7656
2688/3306 [=======================>......] - ETA: 4s - loss: 569543.0685
2816/3306 [========================>.....] - ETA: 3s - loss: 569361.0710
2944/3306 [=========================>....] - ETA: 2s - loss: 569464.1005
3072/3306 [==========================>...] - ETA: 1s - loss: 569437.7057
3200/3306 [============================>.] - ETA: 0s - loss: 569430.8325
3306/3306 [==============================] - 24s 7ms/step - loss: 569475.3713
Epoch 97/100

 128/3306 [>.............................] - ETA: 23s - loss: 572715.8125
 256/3306 [=>............................] - ETA: 22s - loss: 571002.3438
 384/3306 [==>...........................] - ETA: 21s - loss: 571811.3542
 512/3306 [===>..........................] - ETA: 20s - loss: 571247.4844
 640/3306 [====>.........................] - ETA: 19s - loss: 571473.2375
 768/3306 [=====>........................] - ETA: 18s - loss: 570514.3854
 896/3306 [=======>......................] - ETA: 17s - loss: 570939.0893
1024/3306 [========>.....................] - ETA: 16s - loss: 570584.4609
1152/3306 [=========>....................] - ETA: 15s - loss: 570542.2153
1280/3306 [==========>...................] - ETA: 14s - loss: 570663.6312
1408/3306 [===========>..................] - ETA: 13s - loss: 570430.0341
1536/3306 [============>.................] - ETA: 13s - loss: 570232.5938
1664/3306 [==============>...............] - ETA: 12s - loss: 569740.6346
1792/3306 [===============>..............] - ETA: 11s - loss: 569525.3884
1920/3306 [================>.............] - ETA: 10s - loss: 569520.4875
2048/3306 [=================>............] - ETA: 9s - loss: 569209.0742 
2176/3306 [==================>...........] - ETA: 8s - loss: 568870.5331
2304/3306 [===================>..........] - ETA: 7s - loss: 568991.8785
2432/3306 [=====================>........] - ETA: 6s - loss: 568811.4770
2560/3306 [======================>.......] - ETA: 5s - loss: 568916.3094
2688/3306 [=======================>......] - ETA: 4s - loss: 569079.1577
2816/3306 [========================>.....] - ETA: 3s - loss: 569131.8210
2944/3306 [=========================>....] - ETA: 2s - loss: 569253.0245
3072/3306 [==========================>...] - ETA: 1s - loss: 569157.4167
3200/3306 [============================>.] - ETA: 0s - loss: 569262.4850
3306/3306 [==============================] - 24s 7ms/step - loss: 569312.5597
Epoch 98/100

 128/3306 [>.............................] - ETA: 22s - loss: 565423.3125
 256/3306 [=>............................] - ETA: 21s - loss: 566617.8125
 384/3306 [==>...........................] - ETA: 21s - loss: 565655.7917
 512/3306 [===>..........................] - ETA: 20s - loss: 565174.6250
 640/3306 [====>.........................] - ETA: 19s - loss: 566751.1125
 768/3306 [=====>........................] - ETA: 18s - loss: 566483.5833
 896/3306 [=======>......................] - ETA: 17s - loss: 567103.3214
1024/3306 [========>.....................] - ETA: 16s - loss: 567063.1562
1152/3306 [=========>....................] - ETA: 15s - loss: 567376.9861
1280/3306 [==========>...................] - ETA: 14s - loss: 567750.3250
1408/3306 [===========>..................] - ETA: 13s - loss: 568359.2443
1536/3306 [============>.................] - ETA: 13s - loss: 568801.1302
1664/3306 [==============>...............] - ETA: 12s - loss: 569062.8990
1792/3306 [===============>..............] - ETA: 11s - loss: 569039.2723
1920/3306 [================>.............] - ETA: 10s - loss: 569079.3208
2048/3306 [=================>............] - ETA: 9s - loss: 569064.7227 
2176/3306 [==================>...........] - ETA: 8s - loss: 568952.3493
2304/3306 [===================>..........] - ETA: 7s - loss: 569144.1215
2432/3306 [=====================>........] - ETA: 6s - loss: 569104.9638
2560/3306 [======================>.......] - ETA: 5s - loss: 569168.4406
2688/3306 [=======================>......] - ETA: 4s - loss: 569094.5000
2816/3306 [========================>.....] - ETA: 3s - loss: 569121.6165
2944/3306 [=========================>....] - ETA: 2s - loss: 569226.6467
3072/3306 [==========================>...] - ETA: 1s - loss: 569298.6406
3200/3306 [============================>.] - ETA: 0s - loss: 569388.4800
3306/3306 [==============================] - 24s 7ms/step - loss: 569438.4146
Epoch 99/100

 128/3306 [>.............................] - ETA: 22s - loss: 573305.3750
 256/3306 [=>............................] - ETA: 22s - loss: 568762.0000
 384/3306 [==>...........................] - ETA: 21s - loss: 568907.1250
 512/3306 [===>..........................] - ETA: 20s - loss: 569637.3594
 640/3306 [====>.........................] - ETA: 19s - loss: 569885.3375
 768/3306 [=====>........................] - ETA: 18s - loss: 569933.5729
 896/3306 [=======>......................] - ETA: 17s - loss: 569664.2589
1024/3306 [========>.....................] - ETA: 16s - loss: 569754.9297
1152/3306 [=========>....................] - ETA: 15s - loss: 569614.5833
1280/3306 [==========>...................] - ETA: 14s - loss: 569434.3875
1408/3306 [===========>..................] - ETA: 13s - loss: 569752.9432
1536/3306 [============>.................] - ETA: 12s - loss: 569479.7188
1664/3306 [==============>...............] - ETA: 11s - loss: 569597.6154
1792/3306 [===============>..............] - ETA: 11s - loss: 569621.9018
1920/3306 [================>.............] - ETA: 10s - loss: 569834.5708
2048/3306 [=================>............] - ETA: 9s - loss: 569978.5312 
2176/3306 [==================>...........] - ETA: 8s - loss: 569743.8015
2304/3306 [===================>..........] - ETA: 7s - loss: 569766.6215
2432/3306 [=====================>........] - ETA: 6s - loss: 569731.7072
2560/3306 [======================>.......] - ETA: 5s - loss: 569639.4719
2688/3306 [=======================>......] - ETA: 4s - loss: 569621.5536
2816/3306 [========================>.....] - ETA: 3s - loss: 569344.4517
2944/3306 [=========================>....] - ETA: 2s - loss: 569230.2446
3072/3306 [==========================>...] - ETA: 1s - loss: 569060.2448
3200/3306 [============================>.] - ETA: 0s - loss: 568826.2300
3306/3306 [==============================] - 24s 7ms/step - loss: 568890.9356
Epoch 100/100

 128/3306 [>.............................] - ETA: 24s - loss: 568724.7500
 256/3306 [=>............................] - ETA: 22s - loss: 568405.5625
 384/3306 [==>...........................] - ETA: 21s - loss: 569884.3333
 512/3306 [===>..........................] - ETA: 20s - loss: 568989.0156
 640/3306 [====>.........................] - ETA: 19s - loss: 569405.3500
 768/3306 [=====>........................] - ETA: 19s - loss: 569509.8958
 896/3306 [=======>......................] - ETA: 17s - loss: 569725.7679
1024/3306 [========>.....................] - ETA: 17s - loss: 569593.3906
1152/3306 [=========>....................] - ETA: 16s - loss: 568914.7778
1280/3306 [==========>...................] - ETA: 15s - loss: 569309.0625
1408/3306 [===========>..................] - ETA: 14s - loss: 569081.2273
1536/3306 [============>.................] - ETA: 13s - loss: 569061.0938
1664/3306 [==============>...............] - ETA: 12s - loss: 568739.2404
1792/3306 [===============>..............] - ETA: 11s - loss: 568824.7946
1920/3306 [================>.............] - ETA: 10s - loss: 568805.0167
2048/3306 [=================>............] - ETA: 9s - loss: 569067.4180 
2176/3306 [==================>...........] - ETA: 8s - loss: 568922.9743
2304/3306 [===================>..........] - ETA: 7s - loss: 569231.0243
2432/3306 [=====================>........] - ETA: 6s - loss: 569342.4079
2560/3306 [======================>.......] - ETA: 5s - loss: 569384.0750
2688/3306 [=======================>......] - ETA: 4s - loss: 569383.2381
2816/3306 [========================>.....] - ETA: 3s - loss: 569115.8239
2944/3306 [=========================>....] - ETA: 2s - loss: 569275.5027
3072/3306 [==========================>...] - ETA: 1s - loss: 569319.1536
3200/3306 [============================>.] - ETA: 0s - loss: 569144.2175
3306/3306 [==============================] - 24s 7ms/step - loss: 569192.7337

Training time: 2437.99 seconds
Weights saved: /datasets/zsuliman/msi_checkpoints/baselines/msipl/massnet/GBM12_2/msipl_weights.h5

=== ENCODING ===
Latent shape: (3306, 5)

=== RECONSTRUCTION ===
Decoded shape: (3306, 85062)

Direct reconstruction MSE: 0.00015575659313825358
TIC-normalised reconstruction MSE: 7.841671644788228e-09

=== Decoded output ===
shape: (3306, 85062)
dtype: float32
min: 1.30621125e-17
max: 0.99999964
mean: 0.0006436983
std: 0.012709724

=== TIC-normalised decoded output ===
shape: (3306, 85062)
dtype: float32
min: 4.4327596e-19
max: 0.042874753
mean: 1.1756147e-05
std: 0.00024137467

=== PEAK LEARNING ===
Learned m/z peaks: 478
Peak-learning time: 1.0307 seconds

==========================================
       LEGACY msiPL S1 COMPLETE
==========================================
Dataset: GBM12_2.h5
Training time: 2437.9874732494354
Direct MSE: 0.00015575659313825358
TIC-normalised MSE: 7.841671644788228e-09
Learned peaks: 478
Results: /home-mscluster/zsuliman/msi/results/baselines/msipl/massnet/GBM12_2
Checkpoint: /datasets/zsuliman/msi_checkpoints/baselines/msipl/massnet/GBM12_2/msipl_weights.h5
==========================================
{
  "dataset": "GBM12_2",
  "method": "legacy msiPL VAE-BN plus LearnPeaks",
  "evaluation": "S3PL-compatible PCC-threshold peak classification",
  "thresholds": [
    0.3,
    0.4,
    0.5,
    0.6
  ],
  "spectral_bins": 85062,
  "reported_peaks": 478,
  "unique_nearest_bins": 478,
  "threshold_results": {
    "0.3": {
      "class_metrics": {
        "normal": {
          "true_positive": 190,
          "false_positive": 288,
          "false_negative": 344,
          "true_negative": 84240,
          "recall": 0.35580524344569286,
          "precision": 0.39748953974895396,
          "F1": 0.37549407114624506
        },
        "tumour": {
          "true_positive": 149,
          "false_positive": 329,
          "false_negative": 662,
          "true_negative": 83922,
          "recall": 0.18372379778051787,
          "precision": 0.3117154811715481,
          "F1": 0.23118696664080682
        }
      },
      "mixed_classes": {
        "true_positive": 339,
        "false_positive": 139,
        "false_negative": 1006,
        "true_negative": 83578,
        "recall": 0.2520446096654275,
        "precision": 0.7092050209205021,
        "F1": 0.371914426769062
      },
      "true_bins_mixed": 1345
    },
    "0.4": {
      "class_metrics": {
        "normal": {
          "true_positive": 164,
          "false_positive": 314,
          "false_negative": 228,
          "true_negative": 84356,
          "recall": 0.41836734693877553,
          "precision": 0.34309623430962344,
          "F1": 0.37701149425287356
        },
        "tumour": {
          "true_positive": 140,
          "false_positive": 338,
          "false_negative": 449,
          "true_negative": 84135,
          "recall": 0.23769100169779286,
          "precision": 0.2928870292887029,
          "F1": 0.2624179943767573
        }
      },
      "mixed_classes": {
        "true_positive": 304,
        "false_positive": 174,
        "false_negative": 677,
        "true_negative": 83907,
        "recall": 0.30988786952089703,
        "precision": 0.6359832635983264,
        "F1": 0.4167237834132968
      },
      "true_bins_mixed": 981
    },
    "0.5": {
      "class_metrics": {
        "normal": {
          "true_positive": 142,
          "false_positive": 336,
          "false_negative": 155,
          "true_negative": 84429,
          "recall": 0.4781144781144781,
          "precision": 0.29707112970711297,
          "F1": 0.3664516129032258
        },
        "tumour": {
          "true_positive": 117,
          "false_positive": 361,
          "false_negative": 294,
          "true_negative": 84290,
          "recall": 0.2846715328467153,
          "precision": 0.24476987447698745,
          "F1": 0.26321709786276715
        }
      },
      "mixed_classes": {
        "true_positive": 259,
        "false_positive": 219,
        "false_negative": 449,
        "true_negative": 84135,
        "recall": 0.365819209039548,
        "precision": 0.5418410041841004,
        "F1": 0.43676222596964587
      },
      "true_bins_mixed": 708
    },
    "0.6": {
      "class_metrics": {
        "normal": {
          "true_positive": 106,
          "false_positive": 372,
          "false_negative": 82,
          "true_negative": 84502,
          "recall": 0.5638297872340425,
          "precision": 0.2217573221757322,
          "F1": 0.3183183183183183
        },
        "tumour": {
          "true_positive": 98,
          "false_positive": 380,
          "false_negative": 180,
          "true_negative": 84404,
          "recall": 0.35251798561151076,
          "precision": 0.20502092050209206,
          "F1": 0.25925925925925924
        }
      },
      "mixed_classes": {
        "true_positive": 204,
        "false_positive": 274,
        "false_negative": 262,
        "true_negative": 84322,
        "recall": 0.43776824034334766,
        "precision": 0.42677824267782427,
        "F1": 0.4322033898305085
      },
      "true_bins_mixed": 466
    }
  },
  "mixed_f1": {
    "0.3": 0.371914426769062,
    "0.4": 0.4167237834132968,
    "0.5": 0.43676222596964587,
    "0.6": 0.4322033898305085
  },
  "mSCF1": 0.4144009564956283,
  "status": "complete"
}
