=== LOADING DATA ===
Input: /datasets/zsuliman/msi_data/gbm_massnet/GBM22_2.h5
HDF5 keys: ['Class_Label', 'Data', 'mzArray', 'xLocation', 'yLocation']
Raw Data shape: (85062, 4524)
mzArray shape: (85062,)
xLocation shape: (4524,)
yLocation shape: (4524,)
Transposing Data to (pixels, m/z)...
Final spectra shape: (4524, 85062)
m/z range: 101.923820 - 999.985901

=== DATASET INFORMATION ===
Pixels: 4524
m/z features: 85062
Latent dimension: 5
Intermediate dimension: 512
Epochs: 100
Batch size: 128
Beta: 2.5

=== TIC-normalised spectra ===
shape: (4524, 85062)
dtype: float64
min: 0.0
max: 0.11932898866152213
mean: 1.1756130822223787e-05
std: 0.0002560770345131754

Post-normalisation TIC range: 1.000000000000 - 1.000000000000

=== BUILDING LEGACY msiPL ===
==== Encoder Architecture...
__________________________________________________________________________________________________
Layer (type)                    Output Shape         Param #     Connected to                     
==================================================================================================
encoder_input (InputLayer)      (None, 85062)        0                                            
__________________________________________________________________________________________________
dense_1 (Dense)                 (None, 512)          43552256    encoder_input[0][0]              
__________________________________________________________________________________________________
batch_normalization_1 (BatchNor (None, 512)          2048        dense_1[0][0]                    
__________________________________________________________________________________________________
activation_1 (Activation)       (None, 512)          0           batch_normalization_1[0][0]      
__________________________________________________________________________________________________
z_mean (Dense)                  (None, 5)            2565        activation_1[0][0]               
__________________________________________________________________________________________________
z_log_var (Dense)               (None, 5)            2565        activation_1[0][0]               
__________________________________________________________________________________________________
batch_normalization_2 (BatchNor (None, 5)            20          z_mean[0][0]                     
__________________________________________________________________________________________________
batch_normalization_3 (BatchNor (None, 5)            20          z_log_var[0][0]                  
__________________________________________________________________________________________________
z (Lambda)                      (None, 5)            0           batch_normalization_2[0][0]      
                                                                 batch_normalization_3[0][0]      
==================================================================================================
Total params: 43,559,474
Trainable params: 43,558,430
Non-trainable params: 1,044
__________________________________________________________________________________________________
==== Decoder Architecture...
_________________________________________________________________
Layer (type)                 Output Shape              Param #   
=================================================================
Latent_Space (InputLayer)    (None, 5)                 0         
_________________________________________________________________
dense_2 (Dense)              (None, 512)               3072      
_________________________________________________________________
batch_normalization_4 (Batch (None, 512)               2048      
_________________________________________________________________
activation_2 (Activation)    (None, 512)               0         
_________________________________________________________________
dense_3 (Dense)              (None, 85062)             43636806  
=================================================================
Total params: 43,641,926
Trainable params: 43,640,902
Non-trainable params: 1,024
_________________________________________________________________

=== TRAINING ===
Epoch 1/100

 128/4524 [..............................] - ETA: 1:25 - loss: 965450.8750
 256/4524 [>.............................] - ETA: 57s - loss: 958057.4375 
 384/4524 [=>............................] - ETA: 46s - loss: 950626.0833
 512/4524 [==>...........................] - ETA: 41s - loss: 943110.2656
 640/4524 [===>..........................] - ETA: 37s - loss: 935785.9375
 768/4524 [====>.........................] - ETA: 34s - loss: 928295.0938
 896/4524 [====>.........................] - ETA: 32s - loss: 921023.2946
1024/4524 [=====>........................] - ETA: 30s - loss: 913363.5703
1152/4524 [======>.......................] - ETA: 28s - loss: 905937.7153
1280/4524 [=======>......................] - ETA: 27s - loss: 899102.5813
1408/4524 [========>.....................] - ETA: 26s - loss: 891950.0966
1536/4524 [=========>....................] - ETA: 24s - loss: 884997.2865
1664/4524 [==========>...................] - ETA: 23s - loss: 879043.4423
1792/4524 [==========>...................] - ETA: 22s - loss: 872127.0982
1920/4524 [===========>..................] - ETA: 21s - loss: 865691.0250
2048/4524 [============>.................] - ETA: 19s - loss: 859413.4609
2176/4524 [=============>................] - ETA: 18s - loss: 853255.9632
2304/4524 [==============>...............] - ETA: 17s - loss: 847440.7361
2432/4524 [===============>..............] - ETA: 16s - loss: 841648.5197
2560/4524 [===============>..............] - ETA: 15s - loss: 836331.1188
2688/4524 [================>.............] - ETA: 14s - loss: 831306.3185
2816/4524 [=================>............] - ETA: 13s - loss: 826302.1278
2944/4524 [==================>...........] - ETA: 12s - loss: 821515.1277
3072/4524 [===================>..........] - ETA: 11s - loss: 817011.6276
3200/4524 [====================>.........] - ETA: 10s - loss: 812600.2525
3328/4524 [=====================>........] - ETA: 9s - loss: 808388.7933 
3456/4524 [=====================>........] - ETA: 8s - loss: 804276.9861
3584/4524 [======================>.......] - ETA: 7s - loss: 800290.6116
3712/4524 [=======================>......] - ETA: 6s - loss: 796448.3815
3840/4524 [========================>.....] - ETA: 5s - loss: 792897.5437
3968/4524 [=========================>....] - ETA: 4s - loss: 789432.5060
4096/4524 [==========================>...] - ETA: 3s - loss: 786017.5977
4224/4524 [===========================>..] - ETA: 2s - loss: 782848.1818
4352/4524 [===========================>..] - ETA: 1s - loss: 779771.2243
4480/4524 [============================>.] - ETA: 0s - loss: 776799.4821
4524/4524 [==============================] - 35s 8ms/step - loss: 775905.3384
Epoch 2/100

 128/4524 [..............................] - ETA: 33s - loss: 671519.2500
 256/4524 [>.............................] - ETA: 31s - loss: 673273.3125
 384/4524 [=>............................] - ETA: 31s - loss: 671986.7917
 512/4524 [==>...........................] - ETA: 29s - loss: 673418.0938
 640/4524 [===>..........................] - ETA: 29s - loss: 671880.0500
 768/4524 [====>.........................] - ETA: 28s - loss: 670997.2396
 896/4524 [====>.........................] - ETA: 27s - loss: 670937.9196
1024/4524 [=====>........................] - ETA: 26s - loss: 669871.7109
1152/4524 [======>.......................] - ETA: 25s - loss: 669002.8403
1280/4524 [=======>......................] - ETA: 24s - loss: 668018.8938
1408/4524 [========>.....................] - ETA: 23s - loss: 667533.8977
1536/4524 [=========>....................] - ETA: 22s - loss: 667471.3490
1664/4524 [==========>...................] - ETA: 21s - loss: 666737.0433
1792/4524 [==========>...................] - ETA: 20s - loss: 665974.8527
1920/4524 [===========>..................] - ETA: 19s - loss: 665159.7333
2048/4524 [============>.................] - ETA: 18s - loss: 664641.0703
2176/4524 [=============>................] - ETA: 17s - loss: 664052.2390
2304/4524 [==============>...............] - ETA: 16s - loss: 663515.6979
2432/4524 [===============>..............] - ETA: 15s - loss: 662634.4342
2560/4524 [===============>..............] - ETA: 14s - loss: 662342.6375
2688/4524 [================>.............] - ETA: 13s - loss: 662137.7470
2816/4524 [=================>............] - ETA: 12s - loss: 661810.3608
2944/4524 [==================>...........] - ETA: 11s - loss: 661325.0842
3072/4524 [===================>..........] - ETA: 10s - loss: 661009.3203
3200/4524 [====================>.........] - ETA: 9s - loss: 660355.3800 
3328/4524 [=====================>........] - ETA: 8s - loss: 659980.9183
3456/4524 [=====================>........] - ETA: 7s - loss: 659480.5440
3584/4524 [======================>.......] - ETA: 7s - loss: 658982.2277
3712/4524 [=======================>......] - ETA: 6s - loss: 658503.1034
3840/4524 [========================>.....] - ETA: 5s - loss: 658020.5062
3968/4524 [=========================>....] - ETA: 4s - loss: 657522.6391
4096/4524 [==========================>...] - ETA: 3s - loss: 656959.8379
4224/4524 [===========================>..] - ETA: 2s - loss: 656858.5682
4352/4524 [===========================>..] - ETA: 1s - loss: 656417.1121
4480/4524 [============================>.] - ETA: 0s - loss: 656010.3946
4524/4524 [==============================] - 34s 7ms/step - loss: 656074.8097
Epoch 3/100

 128/4524 [..............................] - ETA: 33s - loss: 634737.5625
 256/4524 [>.............................] - ETA: 32s - loss: 638576.1875
 384/4524 [=>............................] - ETA: 30s - loss: 642651.7917
 512/4524 [==>...........................] - ETA: 29s - loss: 641721.7031
 640/4524 [===>..........................] - ETA: 28s - loss: 642297.9625
 768/4524 [====>.........................] - ETA: 27s - loss: 641309.4479
 896/4524 [====>.........................] - ETA: 26s - loss: 641247.1607
1024/4524 [=====>........................] - ETA: 25s - loss: 640537.6094
1152/4524 [======>.......................] - ETA: 24s - loss: 640904.0417
1280/4524 [=======>......................] - ETA: 23s - loss: 640415.4000
1408/4524 [========>.....................] - ETA: 22s - loss: 639976.7841
1536/4524 [=========>....................] - ETA: 21s - loss: 639525.7396
1664/4524 [==========>...................] - ETA: 21s - loss: 640174.6923
1792/4524 [==========>...................] - ETA: 20s - loss: 639499.5714
1920/4524 [===========>..................] - ETA: 19s - loss: 639152.8333
2048/4524 [============>.................] - ETA: 18s - loss: 638754.9141
2176/4524 [=============>................] - ETA: 17s - loss: 638707.0919
2304/4524 [==============>...............] - ETA: 16s - loss: 638553.6562
2432/4524 [===============>..............] - ETA: 15s - loss: 638373.8191
2560/4524 [===============>..............] - ETA: 14s - loss: 638075.8656
2688/4524 [================>.............] - ETA: 13s - loss: 637858.9137
2816/4524 [=================>............] - ETA: 12s - loss: 637415.5852
2944/4524 [==================>...........] - ETA: 11s - loss: 637177.9538
3072/4524 [===================>..........] - ETA: 10s - loss: 636934.4115
3200/4524 [====================>.........] - ETA: 9s - loss: 636698.9125 
3328/4524 [=====================>........] - ETA: 8s - loss: 636592.7067
3456/4524 [=====================>........] - ETA: 7s - loss: 636362.9120
3584/4524 [======================>.......] - ETA: 6s - loss: 636353.7076
3712/4524 [=======================>......] - ETA: 5s - loss: 636220.2586
3840/4524 [========================>.....] - ETA: 5s - loss: 636020.1646
3968/4524 [=========================>....] - ETA: 4s - loss: 636036.8387
4096/4524 [==========================>...] - ETA: 3s - loss: 635725.9766
4224/4524 [===========================>..] - ETA: 2s - loss: 635456.1667
4352/4524 [===========================>..] - ETA: 1s - loss: 635185.4191
4480/4524 [============================>.] - ETA: 0s - loss: 634946.2054
4524/4524 [==============================] - 34s 7ms/step - loss: 635057.5237
Epoch 4/100

 128/4524 [..............................] - ETA: 32s - loss: 631653.3750
 256/4524 [>.............................] - ETA: 31s - loss: 632645.6250
 384/4524 [=>............................] - ETA: 31s - loss: 630213.4583
 512/4524 [==>...........................] - ETA: 30s - loss: 629040.8125
 640/4524 [===>..........................] - ETA: 29s - loss: 627909.0000
 768/4524 [====>.........................] - ETA: 28s - loss: 627027.4062
 896/4524 [====>.........................] - ETA: 27s - loss: 626099.7679
1024/4524 [=====>........................] - ETA: 26s - loss: 625648.7812
1152/4524 [======>.......................] - ETA: 25s - loss: 626503.7639
1280/4524 [=======>......................] - ETA: 24s - loss: 626541.3625
1408/4524 [========>.....................] - ETA: 23s - loss: 626488.1477
1536/4524 [=========>....................] - ETA: 22s - loss: 627544.8958
1664/4524 [==========>...................] - ETA: 21s - loss: 627383.1106
1792/4524 [==========>...................] - ETA: 20s - loss: 628102.7188
1920/4524 [===========>..................] - ETA: 19s - loss: 627905.8708
2048/4524 [============>.................] - ETA: 18s - loss: 627730.9883
2176/4524 [=============>................] - ETA: 17s - loss: 627141.3787
2304/4524 [==============>...............] - ETA: 16s - loss: 626846.1250
2432/4524 [===============>..............] - ETA: 15s - loss: 626507.9474
2560/4524 [===============>..............] - ETA: 14s - loss: 626219.4563
2688/4524 [================>.............] - ETA: 13s - loss: 626313.7798
2816/4524 [=================>............] - ETA: 12s - loss: 626065.8864
2944/4524 [==================>...........] - ETA: 11s - loss: 625980.9484
3072/4524 [===================>..........] - ETA: 10s - loss: 625879.1693
3200/4524 [====================>.........] - ETA: 9s - loss: 625514.3725 
3328/4524 [=====================>........] - ETA: 8s - loss: 625354.0120
3456/4524 [=====================>........] - ETA: 7s - loss: 625241.8032
3584/4524 [======================>.......] - ETA: 6s - loss: 625050.6071
3712/4524 [=======================>......] - ETA: 5s - loss: 624845.6810
3840/4524 [========================>.....] - ETA: 5s - loss: 624590.4708
3968/4524 [=========================>....] - ETA: 4s - loss: 624430.2944
4096/4524 [==========================>...] - ETA: 3s - loss: 624176.2383
4224/4524 [===========================>..] - ETA: 2s - loss: 624234.9943
4352/4524 [===========================>..] - ETA: 1s - loss: 623957.1691
4480/4524 [============================>.] - ETA: 0s - loss: 623930.7875
4524/4524 [==============================] - 34s 7ms/step - loss: 624105.1319
Epoch 5/100

 128/4524 [..............................] - ETA: 31s - loss: 626258.1250
 256/4524 [>.............................] - ETA: 30s - loss: 626924.9062
 384/4524 [=>............................] - ETA: 29s - loss: 622236.2708
 512/4524 [==>...........................] - ETA: 29s - loss: 621337.2031
 640/4524 [===>..........................] - ETA: 28s - loss: 620111.2250
 768/4524 [====>.........................] - ETA: 27s - loss: 619938.2500
 896/4524 [====>.........................] - ETA: 26s - loss: 620382.3036
1024/4524 [=====>........................] - ETA: 25s - loss: 620252.1328
1152/4524 [======>.......................] - ETA: 24s - loss: 619724.5764
1280/4524 [=======>......................] - ETA: 23s - loss: 619680.6687
1408/4524 [========>.....................] - ETA: 22s - loss: 619658.6705
1536/4524 [=========>....................] - ETA: 21s - loss: 620176.1927
1664/4524 [==========>...................] - ETA: 20s - loss: 619706.3317
1792/4524 [==========>...................] - ETA: 19s - loss: 619180.7009
1920/4524 [===========>..................] - ETA: 19s - loss: 618939.3208
2048/4524 [============>.................] - ETA: 18s - loss: 618848.2266
2176/4524 [=============>................] - ETA: 17s - loss: 618559.4926
2304/4524 [==============>...............] - ETA: 16s - loss: 618260.0486
2432/4524 [===============>..............] - ETA: 15s - loss: 618207.2763
2560/4524 [===============>..............] - ETA: 14s - loss: 618195.8500
2688/4524 [================>.............] - ETA: 13s - loss: 618412.5298
2816/4524 [=================>............] - ETA: 12s - loss: 618387.4574
2944/4524 [==================>...........] - ETA: 11s - loss: 618916.9293
3072/4524 [===================>..........] - ETA: 10s - loss: 618635.0938
3200/4524 [====================>.........] - ETA: 9s - loss: 618448.1725 
3328/4524 [=====================>........] - ETA: 8s - loss: 618355.4399
3456/4524 [=====================>........] - ETA: 7s - loss: 618199.2731
3584/4524 [======================>.......] - ETA: 6s - loss: 618003.2054
3712/4524 [=======================>......] - ETA: 5s - loss: 617846.2608
3840/4524 [========================>.....] - ETA: 4s - loss: 617590.5146
3968/4524 [=========================>....] - ETA: 4s - loss: 617539.4899
4096/4524 [==========================>...] - ETA: 3s - loss: 617233.4258
4224/4524 [===========================>..] - ETA: 2s - loss: 617298.7746
4352/4524 [===========================>..] - ETA: 1s - loss: 617027.0919
4480/4524 [============================>.] - ETA: 0s - loss: 617124.8464
4524/4524 [==============================] - 33s 7ms/step - loss: 617304.7182
Epoch 6/100

 128/4524 [..............................] - ETA: 31s - loss: 608840.2500
 256/4524 [>.............................] - ETA: 31s - loss: 608139.5312
 384/4524 [=>............................] - ETA: 31s - loss: 607526.9792
 512/4524 [==>...........................] - ETA: 30s - loss: 611205.2656
 640/4524 [===>..........................] - ETA: 28s - loss: 611235.5875
 768/4524 [====>.........................] - ETA: 27s - loss: 610593.3646
 896/4524 [====>.........................] - ETA: 27s - loss: 610512.4018
1024/4524 [=====>........................] - ETA: 26s - loss: 611815.6641
1152/4524 [======>.......................] - ETA: 25s - loss: 612320.0625
1280/4524 [=======>......................] - ETA: 24s - loss: 614079.3688
1408/4524 [========>.....................] - ETA: 23s - loss: 615378.2045
1536/4524 [=========>....................] - ETA: 22s - loss: 615181.2396
1664/4524 [==========>...................] - ETA: 21s - loss: 614909.0913
1792/4524 [==========>...................] - ETA: 20s - loss: 614617.5670
1920/4524 [===========>..................] - ETA: 19s - loss: 614484.7958
2048/4524 [============>.................] - ETA: 18s - loss: 614082.9492
2176/4524 [=============>................] - ETA: 17s - loss: 614011.1949
2304/4524 [==============>...............] - ETA: 16s - loss: 613684.8715
2432/4524 [===============>..............] - ETA: 15s - loss: 613844.9309
2560/4524 [===============>..............] - ETA: 14s - loss: 613823.2969
2688/4524 [================>.............] - ETA: 13s - loss: 613578.5417
2816/4524 [=================>............] - ETA: 12s - loss: 613566.2727
2944/4524 [==================>...........] - ETA: 11s - loss: 613526.0435
3072/4524 [===================>..........] - ETA: 10s - loss: 613346.4792
3200/4524 [====================>.........] - ETA: 9s - loss: 613482.4800 
3328/4524 [=====================>........] - ETA: 8s - loss: 613278.1178
3456/4524 [=====================>........] - ETA: 7s - loss: 613191.7361
3584/4524 [======================>.......] - ETA: 6s - loss: 613101.2232
3712/4524 [=======================>......] - ETA: 5s - loss: 612870.0862
3840/4524 [========================>.....] - ETA: 5s - loss: 612778.8167
3968/4524 [=========================>....] - ETA: 4s - loss: 612604.3024
4096/4524 [==========================>...] - ETA: 3s - loss: 612437.4082
4224/4524 [===========================>..] - ETA: 2s - loss: 612436.9830
4352/4524 [===========================>..] - ETA: 1s - loss: 612204.0680
4480/4524 [============================>.] - ETA: 0s - loss: 612396.8821
4524/4524 [==============================] - 34s 7ms/step - loss: 612657.5813
Epoch 7/100

 128/4524 [..............................] - ETA: 31s - loss: 618619.4375
 256/4524 [>.............................] - ETA: 30s - loss: 612893.1250
 384/4524 [=>............................] - ETA: 29s - loss: 613446.2083
 512/4524 [==>...........................] - ETA: 29s - loss: 614537.0156
 640/4524 [===>..........................] - ETA: 28s - loss: 614327.6875
 768/4524 [====>.........................] - ETA: 27s - loss: 613097.7396
 896/4524 [====>.........................] - ETA: 26s - loss: 612788.3750
1024/4524 [=====>........................] - ETA: 25s - loss: 612329.4688
1152/4524 [======>.......................] - ETA: 24s - loss: 611859.3611
1280/4524 [=======>......................] - ETA: 23s - loss: 611263.8625
1408/4524 [========>.....................] - ETA: 22s - loss: 611322.0455
1536/4524 [=========>....................] - ETA: 22s - loss: 611342.9792
1664/4524 [==========>...................] - ETA: 21s - loss: 611543.6058
1792/4524 [==========>...................] - ETA: 20s - loss: 611122.6920
1920/4524 [===========>..................] - ETA: 19s - loss: 610820.3667
2048/4524 [============>.................] - ETA: 18s - loss: 611012.1797
2176/4524 [=============>................] - ETA: 17s - loss: 610897.7059
2304/4524 [==============>...............] - ETA: 16s - loss: 611203.8090
2432/4524 [===============>..............] - ETA: 15s - loss: 611131.9638
2560/4524 [===============>..............] - ETA: 14s - loss: 611914.2969
2688/4524 [================>.............] - ETA: 13s - loss: 611794.9881
2816/4524 [=================>............] - ETA: 12s - loss: 611690.3807
2944/4524 [==================>...........] - ETA: 11s - loss: 611547.8750
3072/4524 [===================>..........] - ETA: 10s - loss: 611304.8229
3200/4524 [====================>.........] - ETA: 9s - loss: 611188.6450 
3328/4524 [=====================>........] - ETA: 8s - loss: 611032.7115
3456/4524 [=====================>........] - ETA: 7s - loss: 610812.3657
3584/4524 [======================>.......] - ETA: 6s - loss: 610611.5759
3712/4524 [=======================>......] - ETA: 5s - loss: 610422.9828
3840/4524 [========================>.....] - ETA: 5s - loss: 610262.0979
3968/4524 [=========================>....] - ETA: 4s - loss: 610032.6875
4096/4524 [==========================>...] - ETA: 3s - loss: 610369.9023
4224/4524 [===========================>..] - ETA: 2s - loss: 610212.3958
4352/4524 [===========================>..] - ETA: 1s - loss: 610126.5919
4480/4524 [============================>.] - ETA: 0s - loss: 609926.4964
4524/4524 [==============================] - 34s 7ms/step - loss: 610177.7768
Epoch 8/100

 128/4524 [..............................] - ETA: 32s - loss: 601971.0000
 256/4524 [>.............................] - ETA: 31s - loss: 601063.8750
 384/4524 [=>............................] - ETA: 30s - loss: 602937.8125
 512/4524 [==>...........................] - ETA: 29s - loss: 604236.1094
 640/4524 [===>..........................] - ETA: 28s - loss: 605788.7250
 768/4524 [====>.........................] - ETA: 28s - loss: 607584.6458
 896/4524 [====>.........................] - ETA: 27s - loss: 608973.8036
1024/4524 [=====>........................] - ETA: 26s - loss: 609259.7500
1152/4524 [======>.......................] - ETA: 25s - loss: 608765.5347
1280/4524 [=======>......................] - ETA: 24s - loss: 608286.3562
1408/4524 [========>.....................] - ETA: 23s - loss: 608178.8125
1536/4524 [=========>....................] - ETA: 22s - loss: 608051.6823
1664/4524 [==========>...................] - ETA: 21s - loss: 608307.6490
1792/4524 [==========>...................] - ETA: 20s - loss: 608116.9375
1920/4524 [===========>..................] - ETA: 19s - loss: 607946.2875
2048/4524 [============>.................] - ETA: 18s - loss: 607980.1836
2176/4524 [=============>................] - ETA: 17s - loss: 608075.2169
2304/4524 [==============>...............] - ETA: 16s - loss: 608137.9340
2432/4524 [===============>..............] - ETA: 15s - loss: 608027.1809
2560/4524 [===============>..............] - ETA: 14s - loss: 607713.6969
2688/4524 [================>.............] - ETA: 13s - loss: 608421.2500
2816/4524 [=================>............] - ETA: 12s - loss: 608795.7670
2944/4524 [==================>...........] - ETA: 11s - loss: 608632.3370
3072/4524 [===================>..........] - ETA: 10s - loss: 608619.5521
3200/4524 [====================>.........] - ETA: 9s - loss: 608599.9575 
3328/4524 [=====================>........] - ETA: 8s - loss: 608348.2548
3456/4524 [=====================>........] - ETA: 7s - loss: 608267.8819
3584/4524 [======================>.......] - ETA: 6s - loss: 607969.8080
3712/4524 [=======================>......] - ETA: 6s - loss: 607799.1228
3840/4524 [========================>.....] - ETA: 5s - loss: 607629.7104
3968/4524 [=========================>....] - ETA: 4s - loss: 607486.3730
4096/4524 [==========================>...] - ETA: 3s - loss: 607284.7012
4224/4524 [===========================>..] - ETA: 2s - loss: 607222.5057
4352/4524 [===========================>..] - ETA: 1s - loss: 607073.0349
4480/4524 [============================>.] - ETA: 0s - loss: 606991.8625
4524/4524 [==============================] - 34s 8ms/step - loss: 607228.4866
Epoch 9/100

 128/4524 [..............................] - ETA: 31s - loss: 610816.4375
 256/4524 [>.............................] - ETA: 30s - loss: 610157.6875
 384/4524 [=>............................] - ETA: 29s - loss: 607019.5000
 512/4524 [==>...........................] - ETA: 29s - loss: 606839.7188
 640/4524 [===>..........................] - ETA: 28s - loss: 608194.6000
 768/4524 [====>.........................] - ETA: 27s - loss: 606753.9167
 896/4524 [====>.........................] - ETA: 26s - loss: 608775.1161
1024/4524 [=====>........................] - ETA: 25s - loss: 607778.6641
1152/4524 [======>.......................] - ETA: 24s - loss: 607437.1181
1280/4524 [=======>......................] - ETA: 23s - loss: 607217.4313
1408/4524 [========>.....................] - ETA: 22s - loss: 606662.9716
1536/4524 [=========>....................] - ETA: 21s - loss: 606028.8438
1664/4524 [==========>...................] - ETA: 20s - loss: 605942.4375
1792/4524 [==========>...................] - ETA: 20s - loss: 606299.4911
1920/4524 [===========>..................] - ETA: 19s - loss: 606277.3833
2048/4524 [============>.................] - ETA: 18s - loss: 606311.3203
2176/4524 [=============>................] - ETA: 17s - loss: 606866.9412
2304/4524 [==============>...............] - ETA: 16s - loss: 606641.5417
2432/4524 [===============>..............] - ETA: 15s - loss: 606316.7566
2560/4524 [===============>..............] - ETA: 14s - loss: 605963.9062
2688/4524 [================>.............] - ETA: 13s - loss: 606080.5238
2816/4524 [=================>............] - ETA: 12s - loss: 605925.6648
2944/4524 [==================>...........] - ETA: 11s - loss: 605683.8261
3072/4524 [===================>..........] - ETA: 10s - loss: 605649.7917
3200/4524 [====================>.........] - ETA: 9s - loss: 605710.4050 
3328/4524 [=====================>........] - ETA: 8s - loss: 605893.4904
3456/4524 [=====================>........] - ETA: 7s - loss: 605848.4491
3584/4524 [======================>.......] - ETA: 6s - loss: 605768.6562
3712/4524 [=======================>......] - ETA: 5s - loss: 605657.1250
3840/4524 [========================>.....] - ETA: 5s - loss: 605536.8417
3968/4524 [=========================>....] - ETA: 4s - loss: 605521.6351
4096/4524 [==========================>...] - ETA: 3s - loss: 605404.4160
4224/4524 [===========================>..] - ETA: 2s - loss: 605438.4905
4352/4524 [===========================>..] - ETA: 1s - loss: 605487.5423
4480/4524 [============================>.] - ETA: 0s - loss: 605270.2696
4524/4524 [==============================] - 33s 7ms/step - loss: 605469.9715
Epoch 10/100

 128/4524 [..............................] - ETA: 31s - loss: 620882.2500
 256/4524 [>.............................] - ETA: 30s - loss: 610843.8438
 384/4524 [=>............................] - ETA: 30s - loss: 607369.8542
 512/4524 [==>...........................] - ETA: 29s - loss: 604357.0625
 640/4524 [===>..........................] - ETA: 28s - loss: 604634.2500
 768/4524 [====>.........................] - ETA: 27s - loss: 604571.7396
 896/4524 [====>.........................] - ETA: 26s - loss: 603657.4911
1024/4524 [=====>........................] - ETA: 25s - loss: 603349.4297
1152/4524 [======>.......................] - ETA: 24s - loss: 603941.7431
1280/4524 [=======>......................] - ETA: 23s - loss: 603495.8313
1408/4524 [========>.....................] - ETA: 22s - loss: 603221.2557
1536/4524 [=========>....................] - ETA: 21s - loss: 603038.5052
1664/4524 [==========>...................] - ETA: 21s - loss: 602752.5385
1792/4524 [==========>...................] - ETA: 20s - loss: 603152.8661
1920/4524 [===========>..................] - ETA: 19s - loss: 603088.8125
2048/4524 [============>.................] - ETA: 18s - loss: 603237.3828
2176/4524 [=============>................] - ETA: 17s - loss: 603775.6507
2304/4524 [==============>...............] - ETA: 16s - loss: 603342.4549
2432/4524 [===============>..............] - ETA: 15s - loss: 603739.3947
2560/4524 [===============>..............] - ETA: 14s - loss: 603586.4219
2688/4524 [================>.............] - ETA: 13s - loss: 603776.9464
2816/4524 [=================>............] - ETA: 12s - loss: 603850.3153
2944/4524 [==================>...........] - ETA: 11s - loss: 604162.3967
3072/4524 [===================>..........] - ETA: 10s - loss: 604015.4766
3200/4524 [====================>.........] - ETA: 9s - loss: 603961.9975 
3328/4524 [=====================>........] - ETA: 8s - loss: 603738.3822
3456/4524 [=====================>........] - ETA: 7s - loss: 603653.0463
3584/4524 [======================>.......] - ETA: 6s - loss: 603475.7031
3712/4524 [=======================>......] - ETA: 5s - loss: 603628.1616
3840/4524 [========================>.....] - ETA: 5s - loss: 603664.8396
3968/4524 [=========================>....] - ETA: 4s - loss: 603697.7077
4096/4524 [==========================>...] - ETA: 3s - loss: 603622.8613
4224/4524 [===========================>..] - ETA: 2s - loss: 603599.6269
4352/4524 [===========================>..] - ETA: 1s - loss: 603799.5956
4480/4524 [============================>.] - ETA: 0s - loss: 603656.7804
4524/4524 [==============================] - 33s 7ms/step - loss: 603889.1684
Epoch 11/100

 128/4524 [..............................] - ETA: 31s - loss: 601157.2500
 256/4524 [>.............................] - ETA: 30s - loss: 600515.8125
 384/4524 [=>............................] - ETA: 29s - loss: 600168.5000
 512/4524 [==>...........................] - ETA: 29s - loss: 600920.4688
 640/4524 [===>..........................] - ETA: 28s - loss: 600150.8000
 768/4524 [====>.........................] - ETA: 27s - loss: 600269.2708
 896/4524 [====>.........................] - ETA: 26s - loss: 600377.0536
1024/4524 [=====>........................] - ETA: 25s - loss: 600229.8125
1152/4524 [======>.......................] - ETA: 24s - loss: 600268.3819
1280/4524 [=======>......................] - ETA: 23s - loss: 600274.1750
1408/4524 [========>.....................] - ETA: 22s - loss: 600248.8750
1536/4524 [=========>....................] - ETA: 22s - loss: 600595.8073
1664/4524 [==========>...................] - ETA: 21s - loss: 600212.2740
1792/4524 [==========>...................] - ETA: 20s - loss: 600728.2188
1920/4524 [===========>..................] - ETA: 19s - loss: 601246.8125
2048/4524 [============>.................] - ETA: 18s - loss: 601842.5977
2176/4524 [=============>................] - ETA: 17s - loss: 601534.6324
2304/4524 [==============>...............] - ETA: 16s - loss: 602642.3958
2432/4524 [===============>..............] - ETA: 15s - loss: 602550.7961
2560/4524 [===============>..............] - ETA: 14s - loss: 602579.8531
2688/4524 [================>.............] - ETA: 13s - loss: 602636.8304
2816/4524 [=================>............] - ETA: 12s - loss: 602900.6960
2944/4524 [==================>...........] - ETA: 11s - loss: 603073.9810
3072/4524 [===================>..........] - ETA: 10s - loss: 603262.5286
3200/4524 [====================>.........] - ETA: 9s - loss: 603243.7125 
3328/4524 [=====================>........] - ETA: 8s - loss: 603115.1851
3456/4524 [=====================>........] - ETA: 7s - loss: 603183.5394
3584/4524 [======================>.......] - ETA: 6s - loss: 603157.6272
3712/4524 [=======================>......] - ETA: 5s - loss: 602969.2565
3840/4524 [========================>.....] - ETA: 5s - loss: 603241.7521
3968/4524 [=========================>....] - ETA: 4s - loss: 603329.2097
4096/4524 [==========================>...] - ETA: 3s - loss: 603335.7305
4224/4524 [===========================>..] - ETA: 2s - loss: 603287.2633
4352/4524 [===========================>..] - ETA: 1s - loss: 603303.8364
4480/4524 [============================>.] - ETA: 0s - loss: 603188.1446
4524/4524 [==============================] - 34s 7ms/step - loss: 603370.5763
Epoch 12/100

 128/4524 [..............................] - ETA: 32s - loss: 595975.8750
 256/4524 [>.............................] - ETA: 32s - loss: 597670.9688
 384/4524 [=>............................] - ETA: 31s - loss: 599038.9167
 512/4524 [==>...........................] - ETA: 30s - loss: 598481.2812
 640/4524 [===>..........................] - ETA: 29s - loss: 598676.0750
 768/4524 [====>.........................] - ETA: 28s - loss: 601568.4896
 896/4524 [====>.........................] - ETA: 27s - loss: 600986.5357
1024/4524 [=====>........................] - ETA: 26s - loss: 600627.8750
1152/4524 [======>.......................] - ETA: 25s - loss: 601014.6042
1280/4524 [=======>......................] - ETA: 24s - loss: 600341.2500
1408/4524 [========>.....................] - ETA: 23s - loss: 600268.1818
1536/4524 [=========>....................] - ETA: 22s - loss: 600216.3854
1664/4524 [==========>...................] - ETA: 21s - loss: 600294.8173
1792/4524 [==========>...................] - ETA: 20s - loss: 600073.2321
1920/4524 [===========>..................] - ETA: 19s - loss: 600091.1208
2048/4524 [============>.................] - ETA: 18s - loss: 599894.9727
2176/4524 [=============>................] - ETA: 17s - loss: 599699.3603
2304/4524 [==============>...............] - ETA: 16s - loss: 599591.5833
2432/4524 [===============>..............] - ETA: 15s - loss: 599925.3421
2560/4524 [===============>..............] - ETA: 14s - loss: 600191.6687
2688/4524 [================>.............] - ETA: 13s - loss: 600523.1994
2816/4524 [=================>............] - ETA: 12s - loss: 600737.7557
2944/4524 [==================>...........] - ETA: 11s - loss: 600464.7228
3072/4524 [===================>..........] - ETA: 10s - loss: 601060.4688
3200/4524 [====================>.........] - ETA: 9s - loss: 601053.1700 
3328/4524 [=====================>........] - ETA: 8s - loss: 600894.2163
3456/4524 [=====================>........] - ETA: 7s - loss: 600781.8056
3584/4524 [======================>.......] - ETA: 6s - loss: 600707.2009
3712/4524 [=======================>......] - ETA: 5s - loss: 600839.3297
3840/4524 [========================>.....] - ETA: 5s - loss: 600805.8021
3968/4524 [=========================>....] - ETA: 4s - loss: 600938.1109
4096/4524 [==========================>...] - ETA: 3s - loss: 600840.7500
4224/4524 [===========================>..] - ETA: 2s - loss: 600882.7992
4352/4524 [===========================>..] - ETA: 1s - loss: 600973.5257
4480/4524 [============================>.] - ETA: 0s - loss: 601012.6625
4524/4524 [==============================] - 34s 7ms/step - loss: 601216.8569
Epoch 13/100

 128/4524 [..............................] - ETA: 31s - loss: 599303.1875
 256/4524 [>.............................] - ETA: 32s - loss: 598070.3438
 384/4524 [=>............................] - ETA: 30s - loss: 599608.6042
 512/4524 [==>...........................] - ETA: 29s - loss: 600237.8906
 640/4524 [===>..........................] - ETA: 28s - loss: 599760.0625
 768/4524 [====>.........................] - ETA: 27s - loss: 599840.2396
 896/4524 [====>.........................] - ETA: 26s - loss: 599588.5446
1024/4524 [=====>........................] - ETA: 25s - loss: 599485.8984
1152/4524 [======>.......................] - ETA: 24s - loss: 598948.2292
1280/4524 [=======>......................] - ETA: 24s - loss: 598527.0500
1408/4524 [========>.....................] - ETA: 23s - loss: 598875.6023
1536/4524 [=========>....................] - ETA: 22s - loss: 598335.6979
1664/4524 [==========>...................] - ETA: 21s - loss: 599033.2788
1792/4524 [==========>...................] - ETA: 20s - loss: 599014.0089
1920/4524 [===========>..................] - ETA: 19s - loss: 598828.2333
2048/4524 [============>.................] - ETA: 18s - loss: 598599.4297
2176/4524 [=============>................] - ETA: 17s - loss: 598637.3235
2304/4524 [==============>...............] - ETA: 16s - loss: 599025.6667
2432/4524 [===============>..............] - ETA: 15s - loss: 598717.7467
2560/4524 [===============>..............] - ETA: 14s - loss: 598729.5062
2688/4524 [================>.............] - ETA: 13s - loss: 598905.5595
2816/4524 [=================>............] - ETA: 12s - loss: 599109.1818
2944/4524 [==================>...........] - ETA: 11s - loss: 598938.9565
3072/4524 [===================>..........] - ETA: 10s - loss: 598966.0104
3200/4524 [====================>.........] - ETA: 9s - loss: 599109.3850 
3328/4524 [=====================>........] - ETA: 8s - loss: 599358.9519
3456/4524 [=====================>........] - ETA: 7s - loss: 600177.5231
3584/4524 [======================>.......] - ETA: 6s - loss: 600285.3839
3712/4524 [=======================>......] - ETA: 6s - loss: 600210.5905
3840/4524 [========================>.....] - ETA: 5s - loss: 600168.6500
3968/4524 [=========================>....] - ETA: 4s - loss: 600483.3589
4096/4524 [==========================>...] - ETA: 3s - loss: 600427.5117
4224/4524 [===========================>..] - ETA: 2s - loss: 600397.4981
4352/4524 [===========================>..] - ETA: 1s - loss: 600331.4467
4480/4524 [============================>.] - ETA: 0s - loss: 600283.1196
4524/4524 [==============================] - 34s 7ms/step - loss: 600456.7812
Epoch 14/100

 128/4524 [..............................] - ETA: 32s - loss: 601600.5000
 256/4524 [>.............................] - ETA: 31s - loss: 598887.0000
 384/4524 [=>............................] - ETA: 30s - loss: 599757.3333
 512/4524 [==>...........................] - ETA: 29s - loss: 599034.0000
 640/4524 [===>..........................] - ETA: 28s - loss: 598798.7000
 768/4524 [====>.........................] - ETA: 27s - loss: 597928.0625
 896/4524 [====>.........................] - ETA: 26s - loss: 598619.3125
1024/4524 [=====>........................] - ETA: 25s - loss: 597921.6016
1152/4524 [======>.......................] - ETA: 24s - loss: 598739.4653
1280/4524 [=======>......................] - ETA: 23s - loss: 598740.8063
1408/4524 [========>.....................] - ETA: 22s - loss: 598559.9943
1536/4524 [=========>....................] - ETA: 21s - loss: 598285.6094
1664/4524 [==========>...................] - ETA: 20s - loss: 598480.0144
1792/4524 [==========>...................] - ETA: 19s - loss: 598352.2902
1920/4524 [===========>..................] - ETA: 19s - loss: 598262.5333
2048/4524 [============>.................] - ETA: 18s - loss: 598231.1016
2176/4524 [=============>................] - ETA: 17s - loss: 598041.7574
2304/4524 [==============>...............] - ETA: 16s - loss: 597761.2292
2432/4524 [===============>..............] - ETA: 15s - loss: 597478.5461
2560/4524 [===============>..............] - ETA: 14s - loss: 597964.0031
2688/4524 [================>.............] - ETA: 13s - loss: 598225.7173
2816/4524 [=================>............] - ETA: 12s - loss: 598311.2926
2944/4524 [==================>...........] - ETA: 11s - loss: 598228.5190
3072/4524 [===================>..........] - ETA: 10s - loss: 598181.8307
3200/4524 [====================>.........] - ETA: 9s - loss: 598184.5875 
3328/4524 [=====================>........] - ETA: 8s - loss: 598349.4688
3456/4524 [=====================>........] - ETA: 7s - loss: 598330.8449
3584/4524 [======================>.......] - ETA: 6s - loss: 598455.3571
3712/4524 [=======================>......] - ETA: 5s - loss: 599122.6616
3840/4524 [========================>.....] - ETA: 5s - loss: 599123.2937
3968/4524 [=========================>....] - ETA: 4s - loss: 598969.9395
4096/4524 [==========================>...] - ETA: 3s - loss: 598917.9688
4224/4524 [===========================>..] - ETA: 2s - loss: 598925.8087
4352/4524 [===========================>..] - ETA: 1s - loss: 599100.3217
4480/4524 [============================>.] - ETA: 0s - loss: 599331.1304
4524/4524 [==============================] - 34s 7ms/step - loss: 599525.8053
Epoch 15/100

 128/4524 [..............................] - ETA: 33s - loss: 602033.8125
 256/4524 [>.............................] - ETA: 31s - loss: 600582.7500
 384/4524 [=>............................] - ETA: 31s - loss: 600927.3750
 512/4524 [==>...........................] - ETA: 30s - loss: 600017.3594
 640/4524 [===>..........................] - ETA: 28s - loss: 600222.6125
 768/4524 [====>.........................] - ETA: 27s - loss: 599741.7604
 896/4524 [====>.........................] - ETA: 26s - loss: 599483.5804
1024/4524 [=====>........................] - ETA: 25s - loss: 599142.4219
1152/4524 [======>.......................] - ETA: 24s - loss: 598797.0833
1280/4524 [=======>......................] - ETA: 23s - loss: 598548.4375
1408/4524 [========>.....................] - ETA: 22s - loss: 598214.8977
1536/4524 [=========>....................] - ETA: 21s - loss: 597878.5365
1664/4524 [==========>...................] - ETA: 20s - loss: 598649.3510
1792/4524 [==========>...................] - ETA: 20s - loss: 598870.4955
1920/4524 [===========>..................] - ETA: 19s - loss: 598705.3458
2048/4524 [============>.................] - ETA: 18s - loss: 598863.8008
2176/4524 [=============>................] - ETA: 17s - loss: 598742.9596
2304/4524 [==============>...............] - ETA: 16s - loss: 598456.3160
2432/4524 [===============>..............] - ETA: 15s - loss: 598839.7204
2560/4524 [===============>..............] - ETA: 14s - loss: 598901.0531
2688/4524 [================>.............] - ETA: 13s - loss: 598615.2589
2816/4524 [=================>............] - ETA: 12s - loss: 598502.5540
2944/4524 [==================>...........] - ETA: 11s - loss: 598592.3995
3072/4524 [===================>..........] - ETA: 10s - loss: 599205.0651
3200/4524 [====================>.........] - ETA: 9s - loss: 599205.1525 
3328/4524 [=====================>........] - ETA: 8s - loss: 599269.0553
3456/4524 [=====================>........] - ETA: 7s - loss: 599081.4560
3584/4524 [======================>.......] - ETA: 6s - loss: 598796.8906
3712/4524 [=======================>......] - ETA: 5s - loss: 598736.9289
3840/4524 [========================>.....] - ETA: 5s - loss: 598710.0208
3968/4524 [=========================>....] - ETA: 4s - loss: 598688.1048
4096/4524 [==========================>...] - ETA: 3s - loss: 598581.5312
4224/4524 [===========================>..] - ETA: 2s - loss: 598408.3220
4352/4524 [===========================>..] - ETA: 1s - loss: 598468.2941
4480/4524 [============================>.] - ETA: 0s - loss: 598364.9982
4524/4524 [==============================] - 33s 7ms/step - loss: 598607.7465
Epoch 16/100

 128/4524 [..............................] - ETA: 32s - loss: 603901.5000
 256/4524 [>.............................] - ETA: 31s - loss: 598911.4688
 384/4524 [=>............................] - ETA: 30s - loss: 596865.8125
 512/4524 [==>...........................] - ETA: 30s - loss: 598270.8594
 640/4524 [===>..........................] - ETA: 28s - loss: 600440.3500
 768/4524 [====>.........................] - ETA: 27s - loss: 600312.1250
 896/4524 [====>.........................] - ETA: 27s - loss: 599875.4286
1024/4524 [=====>........................] - ETA: 26s - loss: 599596.5781
1152/4524 [======>.......................] - ETA: 25s - loss: 598828.9236
1280/4524 [=======>......................] - ETA: 24s - loss: 598855.8688
1408/4524 [========>.....................] - ETA: 23s - loss: 598520.2670
1536/4524 [=========>....................] - ETA: 22s - loss: 598609.8333
1664/4524 [==========>...................] - ETA: 21s - loss: 598382.5481
1792/4524 [==========>...................] - ETA: 20s - loss: 597984.5893
1920/4524 [===========>..................] - ETA: 19s - loss: 597633.4750
2048/4524 [============>.................] - ETA: 18s - loss: 597737.9219
2176/4524 [=============>................] - ETA: 17s - loss: 597681.4963
2304/4524 [==============>...............] - ETA: 16s - loss: 597700.2847
2432/4524 [===============>..............] - ETA: 15s - loss: 597363.7105
2560/4524 [===============>..............] - ETA: 14s - loss: 597091.9500
2688/4524 [================>.............] - ETA: 13s - loss: 597300.1012
2816/4524 [=================>............] - ETA: 12s - loss: 597212.1648
2944/4524 [==================>...........] - ETA: 11s - loss: 597485.9239
3072/4524 [===================>..........] - ETA: 10s - loss: 597226.4375
3200/4524 [====================>.........] - ETA: 9s - loss: 597081.1150 
3328/4524 [=====================>........] - ETA: 8s - loss: 597837.6202
3456/4524 [=====================>........] - ETA: 7s - loss: 598095.6852
3584/4524 [======================>.......] - ETA: 6s - loss: 597840.3973
3712/4524 [=======================>......] - ETA: 5s - loss: 597933.2694
3840/4524 [========================>.....] - ETA: 5s - loss: 597837.3354
3968/4524 [=========================>....] - ETA: 4s - loss: 597838.4274
4096/4524 [==========================>...] - ETA: 3s - loss: 597714.5020
4224/4524 [===========================>..] - ETA: 2s - loss: 597746.6951
4352/4524 [===========================>..] - ETA: 1s - loss: 597796.6379
4480/4524 [============================>.] - ETA: 0s - loss: 597738.1625
4524/4524 [==============================] - 34s 7ms/step - loss: 597962.1643
Epoch 17/100

 128/4524 [..............................] - ETA: 32s - loss: 600311.6250
 256/4524 [>.............................] - ETA: 31s - loss: 597211.0938
 384/4524 [=>............................] - ETA: 30s - loss: 598560.5208
 512/4524 [==>...........................] - ETA: 29s - loss: 597157.4688
 640/4524 [===>..........................] - ETA: 28s - loss: 597756.5000
 768/4524 [====>.........................] - ETA: 27s - loss: 597086.2604
 896/4524 [====>.........................] - ETA: 26s - loss: 597636.1339
1024/4524 [=====>........................] - ETA: 25s - loss: 597028.8984
1152/4524 [======>.......................] - ETA: 24s - loss: 597225.7986
1280/4524 [=======>......................] - ETA: 23s - loss: 597598.4313
1408/4524 [========>.....................] - ETA: 22s - loss: 597771.7500
1536/4524 [=========>....................] - ETA: 21s - loss: 597525.3958
1664/4524 [==========>...................] - ETA: 21s - loss: 597483.8558
1792/4524 [==========>...................] - ETA: 20s - loss: 597257.1920
1920/4524 [===========>..................] - ETA: 19s - loss: 597295.4167
2048/4524 [============>.................] - ETA: 18s - loss: 597412.7500
2176/4524 [=============>................] - ETA: 17s - loss: 598250.5000
2304/4524 [==============>...............] - ETA: 16s - loss: 598010.6250
2432/4524 [===============>..............] - ETA: 15s - loss: 597667.3158
2560/4524 [===============>..............] - ETA: 14s - loss: 597607.8250
2688/4524 [================>.............] - ETA: 13s - loss: 597946.3512
2816/4524 [=================>............] - ETA: 12s - loss: 597825.0398
2944/4524 [==================>...........] - ETA: 11s - loss: 597875.0000
3072/4524 [===================>..........] - ETA: 10s - loss: 597585.6823
3200/4524 [====================>.........] - ETA: 9s - loss: 597320.7800 
3328/4524 [=====================>........] - ETA: 8s - loss: 597448.7043
3456/4524 [=====================>........] - ETA: 7s - loss: 597414.5116
3584/4524 [======================>.......] - ETA: 6s - loss: 597456.7790
3712/4524 [=======================>......] - ETA: 5s - loss: 597296.7694
3840/4524 [========================>.....] - ETA: 5s - loss: 597260.5188
3968/4524 [=========================>....] - ETA: 4s - loss: 597059.3448
4096/4524 [==========================>...] - ETA: 3s - loss: 596968.7129
4224/4524 [===========================>..] - ETA: 2s - loss: 596740.6648
4352/4524 [===========================>..] - ETA: 1s - loss: 596549.0239
4480/4524 [============================>.] - ETA: 0s - loss: 596436.6964
4524/4524 [==============================] - 34s 7ms/step - loss: 596673.8121
Epoch 18/100

 128/4524 [..............................] - ETA: 32s - loss: 600243.6875
 256/4524 [>.............................] - ETA: 31s - loss: 594326.4688
 384/4524 [=>............................] - ETA: 30s - loss: 593613.7708
 512/4524 [==>...........................] - ETA: 29s - loss: 593239.3281
 640/4524 [===>..........................] - ETA: 28s - loss: 593199.1625
 768/4524 [====>.........................] - ETA: 27s - loss: 594757.4167
 896/4524 [====>.........................] - ETA: 26s - loss: 597143.1607
1024/4524 [=====>........................] - ETA: 25s - loss: 597419.2344
1152/4524 [======>.......................] - ETA: 24s - loss: 597427.0972
1280/4524 [=======>......................] - ETA: 23s - loss: 597042.9313
1408/4524 [========>.....................] - ETA: 23s - loss: 596766.6761
1536/4524 [=========>....................] - ETA: 22s - loss: 596100.5469
1664/4524 [==========>...................] - ETA: 21s - loss: 595872.3317
1792/4524 [==========>...................] - ETA: 20s - loss: 595839.7634
1920/4524 [===========>..................] - ETA: 19s - loss: 595715.4375
2048/4524 [============>.................] - ETA: 18s - loss: 595450.5586
2176/4524 [=============>................] - ETA: 17s - loss: 595289.6765
2304/4524 [==============>...............] - ETA: 16s - loss: 595384.8958
2432/4524 [===============>..............] - ETA: 15s - loss: 595021.9276
2560/4524 [===============>..............] - ETA: 14s - loss: 594970.6094
2688/4524 [================>.............] - ETA: 13s - loss: 595281.1905
2816/4524 [=================>............] - ETA: 12s - loss: 595003.4744
2944/4524 [==================>...........] - ETA: 11s - loss: 595534.5897
3072/4524 [===================>..........] - ETA: 10s - loss: 595758.7734
3200/4524 [====================>.........] - ETA: 9s - loss: 595537.9775 
3328/4524 [=====================>........] - ETA: 8s - loss: 595526.4062
3456/4524 [=====================>........] - ETA: 7s - loss: 595696.0509
3584/4524 [======================>.......] - ETA: 6s - loss: 595768.5379
3712/4524 [=======================>......] - ETA: 6s - loss: 595835.0991
3840/4524 [========================>.....] - ETA: 5s - loss: 595941.4167
3968/4524 [=========================>....] - ETA: 4s - loss: 595988.6996
4096/4524 [==========================>...] - ETA: 3s - loss: 595981.6504
4224/4524 [===========================>..] - ETA: 2s - loss: 596024.8466
4352/4524 [===========================>..] - ETA: 1s - loss: 595931.5827
4480/4524 [============================>.] - ETA: 0s - loss: 595784.3054
4524/4524 [==============================] - 34s 7ms/step - loss: 595991.4113
Epoch 19/100

 128/4524 [..............................] - ETA: 31s - loss: 593851.7500
 256/4524 [>.............................] - ETA: 30s - loss: 593231.6875
 384/4524 [=>............................] - ETA: 29s - loss: 592158.8333
 512/4524 [==>...........................] - ETA: 28s - loss: 592186.1875
 640/4524 [===>..........................] - ETA: 28s - loss: 591764.1375
 768/4524 [====>.........................] - ETA: 27s - loss: 591642.3438
 896/4524 [====>.........................] - ETA: 26s - loss: 592996.7232
1024/4524 [=====>........................] - ETA: 25s - loss: 593600.1016
1152/4524 [======>.......................] - ETA: 24s - loss: 593407.6806
1280/4524 [=======>......................] - ETA: 23s - loss: 593428.1375
1408/4524 [========>.....................] - ETA: 22s - loss: 593974.2784
1536/4524 [=========>....................] - ETA: 21s - loss: 593307.2031
1664/4524 [==========>...................] - ETA: 21s - loss: 593956.3413
1792/4524 [==========>...................] - ETA: 20s - loss: 594764.1027
1920/4524 [===========>..................] - ETA: 19s - loss: 594492.2458
2048/4524 [============>.................] - ETA: 18s - loss: 594536.7539
2176/4524 [=============>................] - ETA: 17s - loss: 595551.5625
2304/4524 [==============>...............] - ETA: 16s - loss: 595413.7986
2432/4524 [===============>..............] - ETA: 15s - loss: 595578.2928
2560/4524 [===============>..............] - ETA: 14s - loss: 595505.4219
2688/4524 [================>.............] - ETA: 13s - loss: 595316.1399
2816/4524 [=================>............] - ETA: 12s - loss: 595261.6250
2944/4524 [==================>...........] - ETA: 11s - loss: 595220.6603
3072/4524 [===================>..........] - ETA: 10s - loss: 595291.9115
3200/4524 [====================>.........] - ETA: 9s - loss: 595349.7375 
3328/4524 [=====================>........] - ETA: 8s - loss: 595377.2981
3456/4524 [=====================>........] - ETA: 7s - loss: 595105.1551
3584/4524 [======================>.......] - ETA: 6s - loss: 595268.3214
3712/4524 [=======================>......] - ETA: 6s - loss: 595304.5086
3840/4524 [========================>.....] - ETA: 5s - loss: 595214.8250
3968/4524 [=========================>....] - ETA: 4s - loss: 595272.0766
4096/4524 [==========================>...] - ETA: 3s - loss: 595170.9375
4224/4524 [===========================>..] - ETA: 2s - loss: 595254.2803
4352/4524 [===========================>..] - ETA: 1s - loss: 595217.6801
4480/4524 [============================>.] - ETA: 0s - loss: 595089.0964
4524/4524 [==============================] - 34s 7ms/step - loss: 595309.6930
Epoch 20/100

 128/4524 [..............................] - ETA: 32s - loss: 590151.3750
 256/4524 [>.............................] - ETA: 31s - loss: 590932.6250
 384/4524 [=>............................] - ETA: 30s - loss: 593657.7500
 512/4524 [==>...........................] - ETA: 29s - loss: 592961.8281
 640/4524 [===>..........................] - ETA: 28s - loss: 592060.3750
 768/4524 [====>.........................] - ETA: 27s - loss: 592294.8333
 896/4524 [====>.........................] - ETA: 26s - loss: 593193.4554
1024/4524 [=====>........................] - ETA: 25s - loss: 593175.2812
1152/4524 [======>.......................] - ETA: 24s - loss: 592593.1667
1280/4524 [=======>......................] - ETA: 24s - loss: 593104.0125
1408/4524 [========>.....................] - ETA: 23s - loss: 592724.0170
1536/4524 [=========>....................] - ETA: 22s - loss: 593113.7552
1664/4524 [==========>...................] - ETA: 21s - loss: 592863.7356
1792/4524 [==========>...................] - ETA: 20s - loss: 592645.0625
1920/4524 [===========>..................] - ETA: 19s - loss: 592735.1000
2048/4524 [============>.................] - ETA: 18s - loss: 593842.1641
2176/4524 [=============>................] - ETA: 17s - loss: 593949.4963
2304/4524 [==============>...............] - ETA: 16s - loss: 594234.4896
2432/4524 [===============>..............] - ETA: 15s - loss: 594466.4178
2560/4524 [===============>..............] - ETA: 14s - loss: 594508.8562
2688/4524 [================>.............] - ETA: 13s - loss: 594324.3274
2816/4524 [=================>............] - ETA: 12s - loss: 594299.7557
2944/4524 [==================>...........] - ETA: 11s - loss: 594442.6685
3072/4524 [===================>..........] - ETA: 10s - loss: 594570.5391
3200/4524 [====================>.........] - ETA: 9s - loss: 594500.1225 
3328/4524 [=====================>........] - ETA: 8s - loss: 594417.5577
3456/4524 [=====================>........] - ETA: 7s - loss: 594289.2454
3584/4524 [======================>.......] - ETA: 6s - loss: 594169.6116
3712/4524 [=======================>......] - ETA: 6s - loss: 594227.4289
3840/4524 [========================>.....] - ETA: 5s - loss: 594157.0896
3968/4524 [=========================>....] - ETA: 4s - loss: 594524.4254
4096/4524 [==========================>...] - ETA: 3s - loss: 594520.8105
4224/4524 [===========================>..] - ETA: 2s - loss: 594423.0606
4352/4524 [===========================>..] - ETA: 1s - loss: 594549.1728
4480/4524 [============================>.] - ETA: 0s - loss: 594476.6214
4524/4524 [==============================] - 34s 7ms/step - loss: 594737.0095
Epoch 21/100

 128/4524 [..............................] - ETA: 33s - loss: 586402.0625
 256/4524 [>.............................] - ETA: 31s - loss: 592769.5938
 384/4524 [=>............................] - ETA: 30s - loss: 593997.1875
 512/4524 [==>...........................] - ETA: 29s - loss: 594183.2344
 640/4524 [===>..........................] - ETA: 28s - loss: 593628.1500
 768/4524 [====>.........................] - ETA: 28s - loss: 593316.8333
 896/4524 [====>.........................] - ETA: 27s - loss: 592951.7589
1024/4524 [=====>........................] - ETA: 26s - loss: 593318.2734
1152/4524 [======>.......................] - ETA: 25s - loss: 593896.7639
1280/4524 [=======>......................] - ETA: 24s - loss: 593529.9062
1408/4524 [========>.....................] - ETA: 23s - loss: 593770.7330
1536/4524 [=========>....................] - ETA: 22s - loss: 593678.3958
1664/4524 [==========>...................] - ETA: 21s - loss: 593434.9375
1792/4524 [==========>...................] - ETA: 20s - loss: 593333.1473
1920/4524 [===========>..................] - ETA: 19s - loss: 593387.0250
2048/4524 [============>.................] - ETA: 18s - loss: 593033.5703
2176/4524 [=============>................] - ETA: 17s - loss: 592995.4890
2304/4524 [==============>...............] - ETA: 16s - loss: 592929.8889
2432/4524 [===============>..............] - ETA: 15s - loss: 593210.1875
2560/4524 [===============>..............] - ETA: 14s - loss: 592855.8406
2688/4524 [================>.............] - ETA: 13s - loss: 592658.4435
2816/4524 [=================>............] - ETA: 12s - loss: 592586.5653
2944/4524 [==================>...........] - ETA: 11s - loss: 592879.1332
3072/4524 [===================>..........] - ETA: 10s - loss: 593440.0703
3200/4524 [====================>.........] - ETA: 9s - loss: 593173.1225 
3328/4524 [=====================>........] - ETA: 8s - loss: 593176.2236
3456/4524 [=====================>........] - ETA: 7s - loss: 593062.8079
3584/4524 [======================>.......] - ETA: 6s - loss: 593194.3594
3712/4524 [=======================>......] - ETA: 5s - loss: 593020.5108
3840/4524 [========================>.....] - ETA: 5s - loss: 593165.5604
3968/4524 [=========================>....] - ETA: 4s - loss: 593302.3206
4096/4524 [==========================>...] - ETA: 3s - loss: 593341.2422
4224/4524 [===========================>..] - ETA: 2s - loss: 593812.0341
4352/4524 [===========================>..] - ETA: 1s - loss: 593746.3805
4480/4524 [============================>.] - ETA: 0s - loss: 593743.9804
4524/4524 [==============================] - 34s 7ms/step - loss: 593956.6138
Epoch 22/100

 128/4524 [..............................] - ETA: 32s - loss: 592067.7500
 256/4524 [>.............................] - ETA: 31s - loss: 591289.0625
 384/4524 [=>............................] - ETA: 30s - loss: 592147.4792
 512/4524 [==>...........................] - ETA: 29s - loss: 592637.5625
 640/4524 [===>..........................] - ETA: 28s - loss: 592733.3750
 768/4524 [====>.........................] - ETA: 27s - loss: 591988.6458
 896/4524 [====>.........................] - ETA: 26s - loss: 591654.4821
1024/4524 [=====>........................] - ETA: 25s - loss: 593738.5078
1152/4524 [======>.......................] - ETA: 24s - loss: 593640.2569
1280/4524 [=======>......................] - ETA: 23s - loss: 593369.0563
1408/4524 [========>.....................] - ETA: 22s - loss: 593978.4886
1536/4524 [=========>....................] - ETA: 22s - loss: 593890.4688
1664/4524 [==========>...................] - ETA: 21s - loss: 594074.5673
1792/4524 [==========>...................] - ETA: 20s - loss: 593737.9509
1920/4524 [===========>..................] - ETA: 19s - loss: 593495.4958
2048/4524 [============>.................] - ETA: 18s - loss: 593199.0039
2176/4524 [=============>................] - ETA: 17s - loss: 592777.9485
2304/4524 [==============>...............] - ETA: 16s - loss: 593002.3056
2432/4524 [===============>..............] - ETA: 15s - loss: 592646.6612
2560/4524 [===============>..............] - ETA: 14s - loss: 592547.2344
2688/4524 [================>.............] - ETA: 13s - loss: 592843.2530
2816/4524 [=================>............] - ETA: 12s - loss: 592624.4062
2944/4524 [==================>...........] - ETA: 11s - loss: 592470.2201
3072/4524 [===================>..........] - ETA: 10s - loss: 592548.0495
3200/4524 [====================>.........] - ETA: 9s - loss: 592724.5000 
3328/4524 [=====================>........] - ETA: 8s - loss: 592664.2596
3456/4524 [=====================>........] - ETA: 7s - loss: 592793.3889
3584/4524 [======================>.......] - ETA: 6s - loss: 592902.8750
3712/4524 [=======================>......] - ETA: 5s - loss: 592907.2220
3840/4524 [========================>.....] - ETA: 5s - loss: 592860.1271
3968/4524 [=========================>....] - ETA: 4s - loss: 593024.6613
4096/4524 [==========================>...] - ETA: 3s - loss: 592955.0742
4224/4524 [===========================>..] - ETA: 2s - loss: 593005.9091
4352/4524 [===========================>..] - ETA: 1s - loss: 593218.6507
4480/4524 [============================>.] - ETA: 0s - loss: 593245.9000
4524/4524 [==============================] - 34s 7ms/step - loss: 593496.4810
Epoch 23/100

 128/4524 [..............................] - ETA: 32s - loss: 594592.7500
 256/4524 [>.............................] - ETA: 31s - loss: 594846.8125
 384/4524 [=>............................] - ETA: 30s - loss: 596060.1458
 512/4524 [==>...........................] - ETA: 29s - loss: 595668.3281
 640/4524 [===>..........................] - ETA: 28s - loss: 595238.3875
 768/4524 [====>.........................] - ETA: 27s - loss: 594833.3958
 896/4524 [====>.........................] - ETA: 26s - loss: 594364.6607
1024/4524 [=====>........................] - ETA: 25s - loss: 594594.4375
1152/4524 [======>.......................] - ETA: 24s - loss: 594045.1389
1280/4524 [=======>......................] - ETA: 23s - loss: 594085.7875
1408/4524 [========>.....................] - ETA: 22s - loss: 595100.9318
1536/4524 [=========>....................] - ETA: 22s - loss: 594457.5104
1664/4524 [==========>...................] - ETA: 21s - loss: 594686.8750
1792/4524 [==========>...................] - ETA: 20s - loss: 594413.6696
1920/4524 [===========>..................] - ETA: 19s - loss: 594215.5208
2048/4524 [============>.................] - ETA: 18s - loss: 594283.5977
2176/4524 [=============>................] - ETA: 17s - loss: 593909.6140
2304/4524 [==============>...............] - ETA: 16s - loss: 593969.6181
2432/4524 [===============>..............] - ETA: 15s - loss: 593737.2895
2560/4524 [===============>..............] - ETA: 14s - loss: 593536.4219
2688/4524 [================>.............] - ETA: 13s - loss: 593576.2440
2816/4524 [=================>............] - ETA: 12s - loss: 593224.0028
2944/4524 [==================>...........] - ETA: 11s - loss: 592963.7228
3072/4524 [===================>..........] - ETA: 10s - loss: 592925.1771
3200/4524 [====================>.........] - ETA: 9s - loss: 593042.5900 
3328/4524 [=====================>........] - ETA: 8s - loss: 592879.0481
3456/4524 [=====================>........] - ETA: 7s - loss: 592821.1944
3584/4524 [======================>.......] - ETA: 6s - loss: 593007.3348
3712/4524 [=======================>......] - ETA: 6s - loss: 593162.5453
3840/4524 [========================>.....] - ETA: 5s - loss: 593273.3604
3968/4524 [=========================>....] - ETA: 4s - loss: 593174.2722
4096/4524 [==========================>...] - ETA: 3s - loss: 593233.3652
4224/4524 [===========================>..] - ETA: 2s - loss: 593089.3655
4352/4524 [===========================>..] - ETA: 1s - loss: 592886.0000
4480/4524 [============================>.] - ETA: 0s - loss: 592703.0250
4524/4524 [==============================] - 34s 7ms/step - loss: 592928.9813
Epoch 24/100

 128/4524 [..............................] - ETA: 32s - loss: 588015.1875
 256/4524 [>.............................] - ETA: 30s - loss: 591425.9375
 384/4524 [=>............................] - ETA: 30s - loss: 591138.2500
 512/4524 [==>...........................] - ETA: 29s - loss: 591265.1875
 640/4524 [===>..........................] - ETA: 28s - loss: 594030.8125
 768/4524 [====>.........................] - ETA: 27s - loss: 594986.4479
 896/4524 [====>.........................] - ETA: 26s - loss: 594461.3661
1024/4524 [=====>........................] - ETA: 25s - loss: 593788.8750
1152/4524 [======>.......................] - ETA: 24s - loss: 593166.0208
1280/4524 [=======>......................] - ETA: 23s - loss: 593360.0687
1408/4524 [========>.....................] - ETA: 22s - loss: 592865.2670
1536/4524 [=========>....................] - ETA: 21s - loss: 592934.2344
1664/4524 [==========>...................] - ETA: 21s - loss: 592271.1971
1792/4524 [==========>...................] - ETA: 20s - loss: 592578.2455
1920/4524 [===========>..................] - ETA: 19s - loss: 592143.4625
2048/4524 [============>.................] - ETA: 18s - loss: 592412.4805
2176/4524 [=============>................] - ETA: 17s - loss: 592232.0184
2304/4524 [==============>...............] - ETA: 16s - loss: 592208.0521
2432/4524 [===============>..............] - ETA: 15s - loss: 592318.6809
2560/4524 [===============>..............] - ETA: 14s - loss: 592126.6406
2688/4524 [================>.............] - ETA: 13s - loss: 591966.9732
2816/4524 [=================>............] - ETA: 12s - loss: 591760.2045
2944/4524 [==================>...........] - ETA: 11s - loss: 591963.8451
3072/4524 [===================>..........] - ETA: 10s - loss: 591689.6484
3200/4524 [====================>.........] - ETA: 9s - loss: 591551.2625 
3328/4524 [=====================>........] - ETA: 8s - loss: 591694.0938
3456/4524 [=====================>........] - ETA: 7s - loss: 591411.4954
3584/4524 [======================>.......] - ETA: 6s - loss: 591419.7232
3712/4524 [=======================>......] - ETA: 5s - loss: 591697.8966
3840/4524 [========================>.....] - ETA: 5s - loss: 591771.5708
3968/4524 [=========================>....] - ETA: 4s - loss: 591866.1673
4096/4524 [==========================>...] - ETA: 3s - loss: 591673.0488
4224/4524 [===========================>..] - ETA: 2s - loss: 591801.0076
4352/4524 [===========================>..] - ETA: 1s - loss: 591872.5919
4480/4524 [============================>.] - ETA: 0s - loss: 591811.3000
4524/4524 [==============================] - 34s 7ms/step - loss: 592095.8090
Epoch 25/100

 128/4524 [..............................] - ETA: 32s - loss: 598975.8125
 256/4524 [>.............................] - ETA: 31s - loss: 593401.0625
 384/4524 [=>............................] - ETA: 30s - loss: 593355.7500
 512/4524 [==>...........................] - ETA: 30s - loss: 592942.3594
 640/4524 [===>..........................] - ETA: 28s - loss: 592888.3625
 768/4524 [====>.........................] - ETA: 27s - loss: 592035.9375
 896/4524 [====>.........................] - ETA: 26s - loss: 592234.9286
1024/4524 [=====>........................] - ETA: 26s - loss: 592381.3906
1152/4524 [======>.......................] - ETA: 25s - loss: 591722.8056
1280/4524 [=======>......................] - ETA: 24s - loss: 591701.0500
1408/4524 [========>.....................] - ETA: 23s - loss: 591387.2500
1536/4524 [=========>....................] - ETA: 22s - loss: 591076.4792
1664/4524 [==========>...................] - ETA: 21s - loss: 590745.3173
1792/4524 [==========>...................] - ETA: 20s - loss: 590820.9375
1920/4524 [===========>..................] - ETA: 19s - loss: 591297.5167
2048/4524 [============>.................] - ETA: 18s - loss: 591302.6953
2176/4524 [=============>................] - ETA: 17s - loss: 591151.5956
2304/4524 [==============>...............] - ETA: 16s - loss: 591048.9410
2432/4524 [===============>..............] - ETA: 15s - loss: 591354.1875
2560/4524 [===============>..............] - ETA: 14s - loss: 591190.7625
2688/4524 [================>.............] - ETA: 13s - loss: 591320.9821
2816/4524 [=================>............] - ETA: 12s - loss: 591177.1733
2944/4524 [==================>...........] - ETA: 11s - loss: 591460.8397
3072/4524 [===================>..........] - ETA: 10s - loss: 591337.7318
3200/4524 [====================>.........] - ETA: 9s - loss: 591627.4875 
3328/4524 [=====================>........] - ETA: 8s - loss: 592265.7188
3456/4524 [=====================>........] - ETA: 7s - loss: 592087.4653
3584/4524 [======================>.......] - ETA: 6s - loss: 591981.6406
3712/4524 [=======================>......] - ETA: 6s - loss: 591880.7586
3840/4524 [========================>.....] - ETA: 5s - loss: 591788.0771
3968/4524 [=========================>....] - ETA: 4s - loss: 591834.0262
4096/4524 [==========================>...] - ETA: 3s - loss: 591618.7012
4224/4524 [===========================>..] - ETA: 2s - loss: 591715.0436
4352/4524 [===========================>..] - ETA: 1s - loss: 591785.2629
4480/4524 [============================>.] - ETA: 0s - loss: 591723.7536
4524/4524 [==============================] - 34s 7ms/step - loss: 591937.8432
Epoch 26/100

 128/4524 [..............................] - ETA: 32s - loss: 590677.6875
 256/4524 [>.............................] - ETA: 31s - loss: 593668.6250
 384/4524 [=>............................] - ETA: 30s - loss: 590847.9167
 512/4524 [==>...........................] - ETA: 29s - loss: 591878.1719
 640/4524 [===>..........................] - ETA: 28s - loss: 591327.7875
 768/4524 [====>.........................] - ETA: 27s - loss: 591704.9167
 896/4524 [====>.........................] - ETA: 26s - loss: 591330.7321
1024/4524 [=====>........................] - ETA: 25s - loss: 591162.7969
1152/4524 [======>.......................] - ETA: 24s - loss: 590303.1806
1280/4524 [=======>......................] - ETA: 24s - loss: 590137.4500
1408/4524 [========>.....................] - ETA: 23s - loss: 589937.6591
1536/4524 [=========>....................] - ETA: 22s - loss: 590114.6771
1664/4524 [==========>...................] - ETA: 21s - loss: 590585.2644
1792/4524 [==========>...................] - ETA: 20s - loss: 591107.8348
1920/4524 [===========>..................] - ETA: 19s - loss: 590768.3042
2048/4524 [============>.................] - ETA: 18s - loss: 590638.9805
2176/4524 [=============>................] - ETA: 17s - loss: 590538.6838
2304/4524 [==============>...............] - ETA: 16s - loss: 590469.7917
2432/4524 [===============>..............] - ETA: 15s - loss: 590613.9046
2560/4524 [===============>..............] - ETA: 14s - loss: 591029.3219
2688/4524 [================>.............] - ETA: 13s - loss: 590912.2351
2816/4524 [=================>............] - ETA: 12s - loss: 590911.1960
2944/4524 [==================>...........] - ETA: 11s - loss: 590741.5516
3072/4524 [===================>..........] - ETA: 10s - loss: 590914.1797
3200/4524 [====================>.........] - ETA: 9s - loss: 590705.8075 
3328/4524 [=====================>........] - ETA: 8s - loss: 590743.0433
3456/4524 [=====================>........] - ETA: 7s - loss: 590878.8125
3584/4524 [======================>.......] - ETA: 6s - loss: 590712.0692
3712/4524 [=======================>......] - ETA: 5s - loss: 590651.6272
3840/4524 [========================>.....] - ETA: 5s - loss: 591202.7312
3968/4524 [=========================>....] - ETA: 4s - loss: 591276.3044
4096/4524 [==========================>...] - ETA: 3s - loss: 591123.8047
4224/4524 [===========================>..] - ETA: 2s - loss: 591107.2765
4352/4524 [===========================>..] - ETA: 1s - loss: 591061.8658
4480/4524 [============================>.] - ETA: 0s - loss: 591096.5911
4524/4524 [==============================] - 34s 7ms/step - loss: 591318.2266
Epoch 27/100

 128/4524 [..............................] - ETA: 32s - loss: 583728.4375
 256/4524 [>.............................] - ETA: 31s - loss: 587139.7188
 384/4524 [=>............................] - ETA: 30s - loss: 592149.5625
 512/4524 [==>...........................] - ETA: 29s - loss: 593453.8906
 640/4524 [===>..........................] - ETA: 28s - loss: 592508.7125
 768/4524 [====>.........................] - ETA: 27s - loss: 591591.2396
 896/4524 [====>.........................] - ETA: 26s - loss: 591743.4911
1024/4524 [=====>........................] - ETA: 26s - loss: 592152.8203
1152/4524 [======>.......................] - ETA: 25s - loss: 591818.8125
1280/4524 [=======>......................] - ETA: 24s - loss: 591373.4187
1408/4524 [========>.....................] - ETA: 23s - loss: 591423.3011
1536/4524 [=========>....................] - ETA: 22s - loss: 591428.0208
1664/4524 [==========>...................] - ETA: 21s - loss: 591071.2596
1792/4524 [==========>...................] - ETA: 20s - loss: 590755.0179
1920/4524 [===========>..................] - ETA: 19s - loss: 591069.4667
2048/4524 [============>.................] - ETA: 18s - loss: 590965.0156
2176/4524 [=============>................] - ETA: 17s - loss: 590834.6029
2304/4524 [==============>...............] - ETA: 16s - loss: 590402.1146
2432/4524 [===============>..............] - ETA: 15s - loss: 590012.8125
2560/4524 [===============>..............] - ETA: 14s - loss: 590005.2906
2688/4524 [================>.............] - ETA: 13s - loss: 590161.7113
2816/4524 [=================>............] - ETA: 12s - loss: 590519.0682
2944/4524 [==================>...........] - ETA: 11s - loss: 590330.7147
3072/4524 [===================>..........] - ETA: 10s - loss: 590238.1823
3200/4524 [====================>.........] - ETA: 9s - loss: 590667.7550 
3328/4524 [=====================>........] - ETA: 8s - loss: 590610.4038
3456/4524 [=====================>........] - ETA: 7s - loss: 590640.7778
3584/4524 [======================>.......] - ETA: 6s - loss: 590703.4062
3712/4524 [=======================>......] - ETA: 6s - loss: 590534.8642
3840/4524 [========================>.....] - ETA: 5s - loss: 590427.3063
3968/4524 [=========================>....] - ETA: 4s - loss: 590395.9516
4096/4524 [==========================>...] - ETA: 3s - loss: 590491.5625
4224/4524 [===========================>..] - ETA: 2s - loss: 590563.9205
4352/4524 [===========================>..] - ETA: 1s - loss: 590530.3235
4480/4524 [============================>.] - ETA: 0s - loss: 590643.9393
4524/4524 [==============================] - 34s 7ms/step - loss: 590889.4667
Epoch 28/100

 128/4524 [..............................] - ETA: 32s - loss: 581920.8750
 256/4524 [>.............................] - ETA: 32s - loss: 585688.3750
 384/4524 [=>............................] - ETA: 31s - loss: 589326.3750
 512/4524 [==>...........................] - ETA: 29s - loss: 589421.7031
 640/4524 [===>..........................] - ETA: 28s - loss: 589368.8875
 768/4524 [====>.........................] - ETA: 27s - loss: 588606.8646
 896/4524 [====>.........................] - ETA: 26s - loss: 589369.9821
1024/4524 [=====>........................] - ETA: 25s - loss: 589763.3359
1152/4524 [======>.......................] - ETA: 24s - loss: 589550.4514
1280/4524 [=======>......................] - ETA: 23s - loss: 589425.5437
1408/4524 [========>.....................] - ETA: 22s - loss: 589443.8864
1536/4524 [=========>....................] - ETA: 22s - loss: 589339.9271
1664/4524 [==========>...................] - ETA: 21s - loss: 589290.4519
1792/4524 [==========>...................] - ETA: 20s - loss: 589096.8259
1920/4524 [===========>..................] - ETA: 19s - loss: 590180.3542
2048/4524 [============>.................] - ETA: 18s - loss: 590441.8164
2176/4524 [=============>................] - ETA: 17s - loss: 590493.4743
2304/4524 [==============>...............] - ETA: 16s - loss: 590164.1458
2432/4524 [===============>..............] - ETA: 15s - loss: 590009.7599
2560/4524 [===============>..............] - ETA: 14s - loss: 590170.4563
2688/4524 [================>.............] - ETA: 13s - loss: 590256.6488
2816/4524 [=================>............] - ETA: 12s - loss: 590047.1847
2944/4524 [==================>...........] - ETA: 11s - loss: 590146.3451
3072/4524 [===================>..........] - ETA: 10s - loss: 590046.8151
3200/4524 [====================>.........] - ETA: 9s - loss: 589944.1075 
3328/4524 [=====================>........] - ETA: 8s - loss: 589693.2476
3456/4524 [=====================>........] - ETA: 7s - loss: 589511.9236
3584/4524 [======================>.......] - ETA: 6s - loss: 589303.0781
3712/4524 [=======================>......] - ETA: 5s - loss: 589498.6078
3840/4524 [========================>.....] - ETA: 5s - loss: 589760.0271
3968/4524 [=========================>....] - ETA: 4s - loss: 589503.8528
4096/4524 [==========================>...] - ETA: 3s - loss: 589709.3906
4224/4524 [===========================>..] - ETA: 2s - loss: 589771.1553
4352/4524 [===========================>..] - ETA: 1s - loss: 589680.4614
4480/4524 [============================>.] - ETA: 0s - loss: 589800.6875
4524/4524 [==============================] - 33s 7ms/step - loss: 590078.7791
Epoch 29/100

 128/4524 [..............................] - ETA: 31s - loss: 587430.6250
 256/4524 [>.............................] - ETA: 30s - loss: 587289.1250
 384/4524 [=>............................] - ETA: 29s - loss: 585959.7083
 512/4524 [==>...........................] - ETA: 28s - loss: 587087.1250
 640/4524 [===>..........................] - ETA: 27s - loss: 586783.5625
 768/4524 [====>.........................] - ETA: 27s - loss: 589375.1771
 896/4524 [====>.........................] - ETA: 26s - loss: 589031.8839
1024/4524 [=====>........................] - ETA: 25s - loss: 589674.4766
1152/4524 [======>.......................] - ETA: 24s - loss: 589891.2014
1280/4524 [=======>......................] - ETA: 23s - loss: 589821.9563
1408/4524 [========>.....................] - ETA: 22s - loss: 590078.4432
1536/4524 [=========>....................] - ETA: 21s - loss: 590143.5000
1664/4524 [==========>...................] - ETA: 20s - loss: 589986.9087
1792/4524 [==========>...................] - ETA: 20s - loss: 589741.5670
1920/4524 [===========>..................] - ETA: 19s - loss: 589368.2292
2048/4524 [============>.................] - ETA: 18s - loss: 589630.8086
2176/4524 [=============>................] - ETA: 17s - loss: 589359.4963
2304/4524 [==============>...............] - ETA: 16s - loss: 589512.8993
2432/4524 [===============>..............] - ETA: 15s - loss: 589432.1612
2560/4524 [===============>..............] - ETA: 14s - loss: 589721.6156
2688/4524 [================>.............] - ETA: 13s - loss: 589559.8006
2816/4524 [=================>............] - ETA: 12s - loss: 589420.2131
2944/4524 [==================>...........] - ETA: 11s - loss: 589222.4592
3072/4524 [===================>..........] - ETA: 10s - loss: 589183.7891
3200/4524 [====================>.........] - ETA: 9s - loss: 588919.5375 
3328/4524 [=====================>........] - ETA: 8s - loss: 589273.9760
3456/4524 [=====================>........] - ETA: 7s - loss: 589437.5833
3584/4524 [======================>.......] - ETA: 6s - loss: 589619.9487
3712/4524 [=======================>......] - ETA: 5s - loss: 589817.1228
3840/4524 [========================>.....] - ETA: 5s - loss: 589886.2562
3968/4524 [=========================>....] - ETA: 4s - loss: 589901.8690
4096/4524 [==========================>...] - ETA: 3s - loss: 589768.6641
4224/4524 [===========================>..] - ETA: 2s - loss: 589585.1023
4352/4524 [===========================>..] - ETA: 1s - loss: 589635.9853
4480/4524 [============================>.] - ETA: 0s - loss: 589567.8286
4524/4524 [==============================] - 33s 7ms/step - loss: 589801.5195
Epoch 30/100

 128/4524 [..............................] - ETA: 32s - loss: 590624.5000
 256/4524 [>.............................] - ETA: 31s - loss: 589321.8750
 384/4524 [=>............................] - ETA: 30s - loss: 588858.4167
 512/4524 [==>...........................] - ETA: 29s - loss: 589589.4375
 640/4524 [===>..........................] - ETA: 28s - loss: 588968.1750
 768/4524 [====>.........................] - ETA: 27s - loss: 588594.2292
 896/4524 [====>.........................] - ETA: 26s - loss: 588562.8125
1024/4524 [=====>........................] - ETA: 25s - loss: 588779.1484
1152/4524 [======>.......................] - ETA: 24s - loss: 588323.1597
1280/4524 [=======>......................] - ETA: 23s - loss: 588317.8187
1408/4524 [========>.....................] - ETA: 22s - loss: 588229.8466
1536/4524 [=========>....................] - ETA: 21s - loss: 587886.4635
1664/4524 [==========>...................] - ETA: 20s - loss: 587616.6394
1792/4524 [==========>...................] - ETA: 19s - loss: 587256.2991
1920/4524 [===========>..................] - ETA: 18s - loss: 587291.7083
2048/4524 [============>.................] - ETA: 18s - loss: 587811.3867
2176/4524 [=============>................] - ETA: 17s - loss: 589045.4228
2304/4524 [==============>...............] - ETA: 16s - loss: 588872.4201
2432/4524 [===============>..............] - ETA: 15s - loss: 588921.5954
2560/4524 [===============>..............] - ETA: 14s - loss: 588684.4531
2688/4524 [================>.............] - ETA: 13s - loss: 588843.1518
2816/4524 [=================>............] - ETA: 12s - loss: 588823.9716
2944/4524 [==================>...........] - ETA: 11s - loss: 588510.5435
3072/4524 [===================>..........] - ETA: 10s - loss: 588376.8307
3200/4524 [====================>.........] - ETA: 9s - loss: 588587.7525 
3328/4524 [=====================>........] - ETA: 8s - loss: 588837.4591
3456/4524 [=====================>........] - ETA: 7s - loss: 588971.8380
3584/4524 [======================>.......] - ETA: 6s - loss: 588868.7634
3712/4524 [=======================>......] - ETA: 5s - loss: 588978.5237
3840/4524 [========================>.....] - ETA: 5s - loss: 588803.5583
3968/4524 [=========================>....] - ETA: 4s - loss: 588969.3387
4096/4524 [==========================>...] - ETA: 3s - loss: 588953.0000
4224/4524 [===========================>..] - ETA: 2s - loss: 589175.4716
4352/4524 [===========================>..] - ETA: 1s - loss: 589279.9614
4480/4524 [============================>.] - ETA: 0s - loss: 589304.8214
4524/4524 [==============================] - 33s 7ms/step - loss: 589542.1456
Epoch 31/100

 128/4524 [..............................] - ETA: 32s - loss: 587023.5625
 256/4524 [>.............................] - ETA: 30s - loss: 584674.8125
 384/4524 [=>............................] - ETA: 30s - loss: 587159.0000
 512/4524 [==>...........................] - ETA: 29s - loss: 586419.4375
 640/4524 [===>..........................] - ETA: 28s - loss: 586725.3750
 768/4524 [====>.........................] - ETA: 27s - loss: 587441.0417
 896/4524 [====>.........................] - ETA: 26s - loss: 589258.6071
1024/4524 [=====>........................] - ETA: 25s - loss: 589758.5547
1152/4524 [======>.......................] - ETA: 24s - loss: 589606.0764
1280/4524 [=======>......................] - ETA: 23s - loss: 589321.3812
1408/4524 [========>.....................] - ETA: 22s - loss: 589284.5170
1536/4524 [=========>....................] - ETA: 21s - loss: 589478.7240
1664/4524 [==========>...................] - ETA: 20s - loss: 589919.2163
1792/4524 [==========>...................] - ETA: 19s - loss: 590172.5312
1920/4524 [===========>..................] - ETA: 18s - loss: 590492.8125
2048/4524 [============>.................] - ETA: 18s - loss: 590274.9766
2176/4524 [=============>................] - ETA: 17s - loss: 590010.8162
2304/4524 [==============>...............] - ETA: 16s - loss: 589842.8160
2432/4524 [===============>..............] - ETA: 15s - loss: 589932.1151
2560/4524 [===============>..............] - ETA: 14s - loss: 589946.9844
2688/4524 [================>.............] - ETA: 13s - loss: 589957.8512
2816/4524 [=================>............] - ETA: 12s - loss: 589748.2955
2944/4524 [==================>...........] - ETA: 11s - loss: 589594.1168
3072/4524 [===================>..........] - ETA: 10s - loss: 589404.0807
3200/4524 [====================>.........] - ETA: 9s - loss: 589220.6425 
3328/4524 [=====================>........] - ETA: 8s - loss: 588946.1923
3456/4524 [=====================>........] - ETA: 7s - loss: 589149.9630
3584/4524 [======================>.......] - ETA: 6s - loss: 589554.6138
3712/4524 [=======================>......] - ETA: 5s - loss: 589515.8103
3840/4524 [========================>.....] - ETA: 5s - loss: 589461.5750
3968/4524 [=========================>....] - ETA: 4s - loss: 589614.4254
4096/4524 [==========================>...] - ETA: 3s - loss: 589456.8535
4224/4524 [===========================>..] - ETA: 2s - loss: 589257.8428
4352/4524 [===========================>..] - ETA: 1s - loss: 589305.2463
4480/4524 [============================>.] - ETA: 0s - loss: 589390.8107
4524/4524 [==============================] - 33s 7ms/step - loss: 589648.6822
Epoch 32/100

 128/4524 [..............................] - ETA: 30s - loss: 591742.2500
 256/4524 [>.............................] - ETA: 30s - loss: 586068.4688
 384/4524 [=>............................] - ETA: 29s - loss: 587655.3542
 512/4524 [==>...........................] - ETA: 29s - loss: 587126.7344
 640/4524 [===>..........................] - ETA: 28s - loss: 586438.8000
 768/4524 [====>.........................] - ETA: 27s - loss: 586776.6458
 896/4524 [====>.........................] - ETA: 26s - loss: 586528.0982
1024/4524 [=====>........................] - ETA: 25s - loss: 586642.1016
1152/4524 [======>.......................] - ETA: 24s - loss: 586241.7708
1280/4524 [=======>......................] - ETA: 23s - loss: 586943.2312
1408/4524 [========>.....................] - ETA: 22s - loss: 587070.9261
1536/4524 [=========>....................] - ETA: 21s - loss: 587722.2031
1664/4524 [==========>...................] - ETA: 21s - loss: 587672.7452
1792/4524 [==========>...................] - ETA: 20s - loss: 587917.3661
1920/4524 [===========>..................] - ETA: 19s - loss: 588015.5917
2048/4524 [============>.................] - ETA: 18s - loss: 589106.6016
2176/4524 [=============>................] - ETA: 17s - loss: 589151.0735
2304/4524 [==============>...............] - ETA: 16s - loss: 589000.1250
2432/4524 [===============>..............] - ETA: 15s - loss: 589182.9342
2560/4524 [===============>..............] - ETA: 14s - loss: 589098.8313
2688/4524 [================>.............] - ETA: 13s - loss: 588903.2411
2816/4524 [=================>............] - ETA: 12s - loss: 588751.5881
2944/4524 [==================>...........] - ETA: 11s - loss: 588963.3560
3072/4524 [===================>..........] - ETA: 10s - loss: 588888.0703
3200/4524 [====================>.........] - ETA: 9s - loss: 589157.7175 
3328/4524 [=====================>........] - ETA: 8s - loss: 589179.4111
3456/4524 [=====================>........] - ETA: 7s - loss: 589223.4884
3584/4524 [======================>.......] - ETA: 6s - loss: 589273.1406
3712/4524 [=======================>......] - ETA: 5s - loss: 589193.0884
3840/4524 [========================>.....] - ETA: 5s - loss: 589298.7979
3968/4524 [=========================>....] - ETA: 4s - loss: 589387.0060
4096/4524 [==========================>...] - ETA: 3s - loss: 589240.9512
4224/4524 [===========================>..] - ETA: 2s - loss: 589228.8011
4352/4524 [===========================>..] - ETA: 1s - loss: 589191.7518
4480/4524 [============================>.] - ETA: 0s - loss: 588997.7268
4524/4524 [==============================] - 34s 7ms/step - loss: 589206.1143
Epoch 33/100

 128/4524 [..............................] - ETA: 32s - loss: 594270.2500
 256/4524 [>.............................] - ETA: 31s - loss: 589132.5625
 384/4524 [=>............................] - ETA: 30s - loss: 589492.0000
 512/4524 [==>...........................] - ETA: 29s - loss: 590332.9688
 640/4524 [===>..........................] - ETA: 28s - loss: 590400.2625
 768/4524 [====>.........................] - ETA: 27s - loss: 591188.6771
 896/4524 [====>.........................] - ETA: 26s - loss: 590416.6071
1024/4524 [=====>........................] - ETA: 25s - loss: 590238.5156
1152/4524 [======>.......................] - ETA: 24s - loss: 590359.8611
1280/4524 [=======>......................] - ETA: 23s - loss: 590133.9500
1408/4524 [========>.....................] - ETA: 22s - loss: 589846.8807
1536/4524 [=========>....................] - ETA: 21s - loss: 589433.1823
1664/4524 [==========>...................] - ETA: 20s - loss: 589500.8510
1792/4524 [==========>...................] - ETA: 19s - loss: 588862.3705
1920/4524 [===========>..................] - ETA: 18s - loss: 588500.2958
2048/4524 [============>.................] - ETA: 18s - loss: 588188.6836
2176/4524 [=============>................] - ETA: 17s - loss: 588452.5478
2304/4524 [==============>...............] - ETA: 16s - loss: 588634.9201
2432/4524 [===============>..............] - ETA: 15s - loss: 588899.4572
2560/4524 [===============>..............] - ETA: 14s - loss: 588602.0219
2688/4524 [================>.............] - ETA: 13s - loss: 588403.4375
2816/4524 [=================>............] - ETA: 12s - loss: 588247.1165
2944/4524 [==================>...........] - ETA: 11s - loss: 588382.2772
3072/4524 [===================>..........] - ETA: 10s - loss: 588169.5312
3200/4524 [====================>.........] - ETA: 9s - loss: 587913.2450 
3328/4524 [=====================>........] - ETA: 8s - loss: 587599.7644
3456/4524 [=====================>........] - ETA: 7s - loss: 587634.2361
3584/4524 [======================>.......] - ETA: 6s - loss: 587589.9018
3712/4524 [=======================>......] - ETA: 5s - loss: 587530.1228
3840/4524 [========================>.....] - ETA: 5s - loss: 587586.2167
3968/4524 [=========================>....] - ETA: 4s - loss: 587795.2440
4096/4524 [==========================>...] - ETA: 3s - loss: 587778.5664
4224/4524 [===========================>..] - ETA: 2s - loss: 587770.6458
4352/4524 [===========================>..] - ETA: 1s - loss: 588251.3143
4480/4524 [============================>.] - ETA: 0s - loss: 588095.8750
4524/4524 [==============================] - 33s 7ms/step - loss: 588318.7314
Epoch 34/100

 128/4524 [..............................] - ETA: 32s - loss: 587397.2500
 256/4524 [>.............................] - ETA: 31s - loss: 589276.2500
 384/4524 [=>............................] - ETA: 30s - loss: 587732.1667
 512/4524 [==>...........................] - ETA: 29s - loss: 587289.6875
 640/4524 [===>..........................] - ETA: 28s - loss: 586975.0250
 768/4524 [====>.........................] - ETA: 27s - loss: 586412.4167
 896/4524 [====>.........................] - ETA: 26s - loss: 587699.8214
1024/4524 [=====>........................] - ETA: 25s - loss: 587636.6406
1152/4524 [======>.......................] - ETA: 24s - loss: 587459.3472
1280/4524 [=======>......................] - ETA: 23s - loss: 587464.7125
1408/4524 [========>.....................] - ETA: 22s - loss: 587719.3807
1536/4524 [=========>....................] - ETA: 22s - loss: 587475.2135
1664/4524 [==========>...................] - ETA: 21s - loss: 587876.5144
1792/4524 [==========>...................] - ETA: 20s - loss: 588311.8705
1920/4524 [===========>..................] - ETA: 19s - loss: 587919.3042
2048/4524 [============>.................] - ETA: 18s - loss: 588026.7773
2176/4524 [=============>................] - ETA: 17s - loss: 588207.8125
2304/4524 [==============>...............] - ETA: 16s - loss: 587940.6111
2432/4524 [===============>..............] - ETA: 15s - loss: 588027.6546
2560/4524 [===============>..............] - ETA: 14s - loss: 587657.8594
2688/4524 [================>.............] - ETA: 13s - loss: 587480.0536
2816/4524 [=================>............] - ETA: 12s - loss: 587616.4318
2944/4524 [==================>...........] - ETA: 11s - loss: 587425.7201
3072/4524 [===================>..........] - ETA: 10s - loss: 587913.6849
3200/4524 [====================>.........] - ETA: 9s - loss: 587741.9175 
3328/4524 [=====================>........] - ETA: 8s - loss: 587688.9928
3456/4524 [=====================>........] - ETA: 7s - loss: 587454.1597
3584/4524 [======================>.......] - ETA: 6s - loss: 587655.6362
3712/4524 [=======================>......] - ETA: 5s - loss: 587575.3685
3840/4524 [========================>.....] - ETA: 5s - loss: 587498.2688
3968/4524 [=========================>....] - ETA: 4s - loss: 587266.3569
4096/4524 [==========================>...] - ETA: 3s - loss: 587352.4180
4224/4524 [===========================>..] - ETA: 2s - loss: 587177.0530
4352/4524 [===========================>..] - ETA: 1s - loss: 587236.7040
4480/4524 [============================>.] - ETA: 0s - loss: 587311.4018
4524/4524 [==============================] - 33s 7ms/step - loss: 587553.1256
Epoch 35/100

 128/4524 [..............................] - ETA: 32s - loss: 583130.3125
 256/4524 [>.............................] - ETA: 31s - loss: 581736.5938
 384/4524 [=>............................] - ETA: 30s - loss: 584430.9792
 512/4524 [==>...........................] - ETA: 29s - loss: 583216.1406
 640/4524 [===>..........................] - ETA: 28s - loss: 583816.9875
 768/4524 [====>.........................] - ETA: 27s - loss: 583822.9167
 896/4524 [====>.........................] - ETA: 26s - loss: 583090.6964
1024/4524 [=====>........................] - ETA: 25s - loss: 584134.6484
1152/4524 [======>.......................] - ETA: 24s - loss: 585381.4236
1280/4524 [=======>......................] - ETA: 23s - loss: 585411.3250
1408/4524 [========>.....................] - ETA: 23s - loss: 585156.3523
1536/4524 [=========>....................] - ETA: 22s - loss: 585227.0365
1664/4524 [==========>...................] - ETA: 21s - loss: 584993.8798
1792/4524 [==========>...................] - ETA: 20s - loss: 585218.5223
1920/4524 [===========>..................] - ETA: 19s - loss: 585143.5792
2048/4524 [============>.................] - ETA: 18s - loss: 584711.9688
2176/4524 [=============>................] - ETA: 17s - loss: 584661.5294
2304/4524 [==============>...............] - ETA: 16s - loss: 585121.8750
2432/4524 [===============>..............] - ETA: 15s - loss: 585197.0132
2560/4524 [===============>..............] - ETA: 14s - loss: 585573.5719
2688/4524 [================>.............] - ETA: 13s - loss: 585882.8304
2816/4524 [=================>............] - ETA: 12s - loss: 585837.7528
2944/4524 [==================>...........] - ETA: 11s - loss: 585973.5000
3072/4524 [===================>..........] - ETA: 10s - loss: 586325.9844
3200/4524 [====================>.........] - ETA: 9s - loss: 586457.4350 
3328/4524 [=====================>........] - ETA: 8s - loss: 586344.6082
3456/4524 [=====================>........] - ETA: 7s - loss: 586840.0764
3584/4524 [======================>.......] - ETA: 6s - loss: 586964.7031
3712/4524 [=======================>......] - ETA: 5s - loss: 586906.4677
3840/4524 [========================>.....] - ETA: 5s - loss: 586876.2104
3968/4524 [=========================>....] - ETA: 4s - loss: 586945.0786
4096/4524 [==========================>...] - ETA: 3s - loss: 587026.8086
4224/4524 [===========================>..] - ETA: 2s - loss: 586944.0000
4352/4524 [===========================>..] - ETA: 1s - loss: 587083.4522
4480/4524 [============================>.] - ETA: 0s - loss: 587023.1821
4524/4524 [==============================] - 34s 7ms/step - loss: 587195.0961
Epoch 36/100

 128/4524 [..............................] - ETA: 32s - loss: 587290.5000
 256/4524 [>.............................] - ETA: 31s - loss: 587925.5000
 384/4524 [=>............................] - ETA: 30s - loss: 586767.9792
 512/4524 [==>...........................] - ETA: 29s - loss: 585307.7656
 640/4524 [===>..........................] - ETA: 28s - loss: 586513.1375
 768/4524 [====>.........................] - ETA: 27s - loss: 586655.0104
 896/4524 [====>.........................] - ETA: 26s - loss: 586651.6339
1024/4524 [=====>........................] - ETA: 25s - loss: 585753.7500
1152/4524 [======>.......................] - ETA: 24s - loss: 585284.6389
1280/4524 [=======>......................] - ETA: 23s - loss: 585853.5125
1408/4524 [========>.....................] - ETA: 22s - loss: 586177.8295
1536/4524 [=========>....................] - ETA: 21s - loss: 585808.1406
1664/4524 [==========>...................] - ETA: 20s - loss: 585799.7308
1792/4524 [==========>...................] - ETA: 19s - loss: 586125.4286
1920/4524 [===========>..................] - ETA: 18s - loss: 586242.3667
2048/4524 [============>.................] - ETA: 18s - loss: 585943.6797
2176/4524 [=============>................] - ETA: 17s - loss: 586302.6176
2304/4524 [==============>...............] - ETA: 16s - loss: 586791.0174
2432/4524 [===============>..............] - ETA: 15s - loss: 586532.8586
2560/4524 [===============>..............] - ETA: 14s - loss: 586738.1125
2688/4524 [================>.............] - ETA: 13s - loss: 587035.9762
2816/4524 [=================>............] - ETA: 12s - loss: 586856.6932
2944/4524 [==================>...........] - ETA: 11s - loss: 586818.7663
3072/4524 [===================>..........] - ETA: 10s - loss: 586724.6016
3200/4524 [====================>.........] - ETA: 9s - loss: 586859.7200 
3328/4524 [=====================>........] - ETA: 8s - loss: 587032.9207
3456/4524 [=====================>........] - ETA: 7s - loss: 586958.9190
3584/4524 [======================>.......] - ETA: 6s - loss: 586959.0067
3712/4524 [=======================>......] - ETA: 5s - loss: 586900.4073
3840/4524 [========================>.....] - ETA: 4s - loss: 586788.2438
3968/4524 [=========================>....] - ETA: 4s - loss: 586615.6230
4096/4524 [==========================>...] - ETA: 3s - loss: 586534.1777
4224/4524 [===========================>..] - ETA: 2s - loss: 586687.5170
4352/4524 [===========================>..] - ETA: 1s - loss: 587118.6305
4480/4524 [============================>.] - ETA: 0s - loss: 587037.4054
4524/4524 [==============================] - 33s 7ms/step - loss: 587246.8835
Epoch 37/100

 128/4524 [..............................] - ETA: 32s - loss: 584684.1875
 256/4524 [>.............................] - ETA: 31s - loss: 584454.4688
 384/4524 [=>............................] - ETA: 30s - loss: 583904.4792
 512/4524 [==>...........................] - ETA: 29s - loss: 583675.1406
 640/4524 [===>..........................] - ETA: 28s - loss: 583081.6125
 768/4524 [====>.........................] - ETA: 27s - loss: 584886.7812
 896/4524 [====>.........................] - ETA: 26s - loss: 585798.3304
1024/4524 [=====>........................] - ETA: 26s - loss: 585159.5547
1152/4524 [======>.......................] - ETA: 25s - loss: 586183.1042
1280/4524 [=======>......................] - ETA: 24s - loss: 586587.1312
1408/4524 [========>.....................] - ETA: 23s - loss: 586223.9943
1536/4524 [=========>....................] - ETA: 22s - loss: 586592.5885
1664/4524 [==========>...................] - ETA: 21s - loss: 586816.5673
1792/4524 [==========>...................] - ETA: 20s - loss: 586487.9732
1920/4524 [===========>..................] - ETA: 19s - loss: 586350.3250
2048/4524 [============>.................] - ETA: 18s - loss: 586228.9336
2176/4524 [=============>................] - ETA: 17s - loss: 585968.1287
2304/4524 [==============>...............] - ETA: 16s - loss: 585984.9340
2432/4524 [===============>..............] - ETA: 15s - loss: 585965.2533
2560/4524 [===============>..............] - ETA: 14s - loss: 586180.4594
2688/4524 [================>.............] - ETA: 13s - loss: 586359.3810
2816/4524 [=================>............] - ETA: 12s - loss: 586994.3523
2944/4524 [==================>...........] - ETA: 11s - loss: 587042.4891
3072/4524 [===================>..........] - ETA: 10s - loss: 586855.4323
3200/4524 [====================>.........] - ETA: 9s - loss: 586907.2350 
3328/4524 [=====================>........] - ETA: 8s - loss: 586703.2812
3456/4524 [=====================>........] - ETA: 7s - loss: 586525.9861
3584/4524 [======================>.......] - ETA: 6s - loss: 586675.3415
3712/4524 [=======================>......] - ETA: 6s - loss: 586664.0302
3840/4524 [========================>.....] - ETA: 5s - loss: 586648.8104
3968/4524 [=========================>....] - ETA: 4s - loss: 586486.8125
4096/4524 [==========================>...] - ETA: 3s - loss: 586441.8398
4224/4524 [===========================>..] - ETA: 2s - loss: 586457.7481
4352/4524 [===========================>..] - ETA: 1s - loss: 586202.5202
4480/4524 [============================>.] - ETA: 0s - loss: 586316.1161
4524/4524 [==============================] - 34s 7ms/step - loss: 586522.4221
Epoch 38/100

 128/4524 [..............................] - ETA: 33s - loss: 589271.8750
 256/4524 [>.............................] - ETA: 32s - loss: 588401.0312
 384/4524 [=>............................] - ETA: 31s - loss: 588595.3542
 512/4524 [==>...........................] - ETA: 30s - loss: 585594.3438
 640/4524 [===>..........................] - ETA: 29s - loss: 585266.2250
 768/4524 [====>.........................] - ETA: 28s - loss: 585037.4167
 896/4524 [====>.........................] - ETA: 27s - loss: 585023.6607
1024/4524 [=====>........................] - ETA: 26s - loss: 585437.7812
1152/4524 [======>.......................] - ETA: 25s - loss: 585719.7361
1280/4524 [=======>......................] - ETA: 24s - loss: 585787.7625
1408/4524 [========>.....................] - ETA: 23s - loss: 585973.6705
1536/4524 [=========>....................] - ETA: 22s - loss: 586147.1042
1664/4524 [==========>...................] - ETA: 21s - loss: 585913.7067
1792/4524 [==========>...................] - ETA: 20s - loss: 585639.4955
1920/4524 [===========>..................] - ETA: 19s - loss: 585334.8250
2048/4524 [============>.................] - ETA: 18s - loss: 585049.9141
2176/4524 [=============>................] - ETA: 17s - loss: 585479.7243
2304/4524 [==============>...............] - ETA: 16s - loss: 585245.7674
2432/4524 [===============>..............] - ETA: 15s - loss: 585177.6349
2560/4524 [===============>..............] - ETA: 14s - loss: 585154.8500
2688/4524 [================>.............] - ETA: 13s - loss: 585582.8512
2816/4524 [=================>............] - ETA: 12s - loss: 585440.0341
2944/4524 [==================>...........] - ETA: 11s - loss: 585428.0326
3072/4524 [===================>..........] - ETA: 10s - loss: 585653.1641
3200/4524 [====================>.........] - ETA: 9s - loss: 586006.9325 
3328/4524 [=====================>........] - ETA: 8s - loss: 585766.2260
3456/4524 [=====================>........] - ETA: 7s - loss: 585727.8125
3584/4524 [======================>.......] - ETA: 6s - loss: 585722.6897
3712/4524 [=======================>......] - ETA: 6s - loss: 586123.4461
3840/4524 [========================>.....] - ETA: 5s - loss: 585993.8521
3968/4524 [=========================>....] - ETA: 4s - loss: 585923.1472
4096/4524 [==========================>...] - ETA: 3s - loss: 585972.1230
4224/4524 [===========================>..] - ETA: 2s - loss: 585878.5057
4352/4524 [===========================>..] - ETA: 1s - loss: 585875.3879
4480/4524 [============================>.] - ETA: 0s - loss: 585713.9250
4524/4524 [==============================] - 34s 7ms/step - loss: 585923.4297
Epoch 39/100

 128/4524 [..............................] - ETA: 31s - loss: 585757.5000
 256/4524 [>.............................] - ETA: 31s - loss: 581891.8750
 384/4524 [=>............................] - ETA: 30s - loss: 580461.6042
 512/4524 [==>...........................] - ETA: 29s - loss: 581058.0156
 640/4524 [===>..........................] - ETA: 28s - loss: 583007.9500
 768/4524 [====>.........................] - ETA: 27s - loss: 582442.8646
 896/4524 [====>.........................] - ETA: 26s - loss: 582352.5804
1024/4524 [=====>........................] - ETA: 25s - loss: 583672.1172
1152/4524 [======>.......................] - ETA: 25s - loss: 583245.8889
1280/4524 [=======>......................] - ETA: 24s - loss: 582995.0500
1408/4524 [========>.....................] - ETA: 23s - loss: 583565.0852
1536/4524 [=========>....................] - ETA: 22s - loss: 583836.4010
1664/4524 [==========>...................] - ETA: 21s - loss: 584296.8510
1792/4524 [==========>...................] - ETA: 20s - loss: 584126.2143
1920/4524 [===========>..................] - ETA: 19s - loss: 584195.0333
2048/4524 [============>.................] - ETA: 18s - loss: 584458.4062
2176/4524 [=============>................] - ETA: 17s - loss: 584608.5956
2304/4524 [==============>...............] - ETA: 16s - loss: 584595.3854
2432/4524 [===============>..............] - ETA: 15s - loss: 584715.3388
2560/4524 [===============>..............] - ETA: 14s - loss: 584516.8313
2688/4524 [================>.............] - ETA: 13s - loss: 584696.1190
2816/4524 [=================>............] - ETA: 12s - loss: 584858.4545
2944/4524 [==================>...........] - ETA: 11s - loss: 584837.1522
3072/4524 [===================>..........] - ETA: 10s - loss: 585104.8281
3200/4524 [====================>.........] - ETA: 9s - loss: 585220.2200 
3328/4524 [=====================>........] - ETA: 8s - loss: 585013.2115
3456/4524 [=====================>........] - ETA: 7s - loss: 584901.7454
3584/4524 [======================>.......] - ETA: 6s - loss: 584856.4219
3712/4524 [=======================>......] - ETA: 5s - loss: 584690.2737
3840/4524 [========================>.....] - ETA: 5s - loss: 584703.8604
3968/4524 [=========================>....] - ETA: 4s - loss: 584441.1230
4096/4524 [==========================>...] - ETA: 3s - loss: 584249.6680
4224/4524 [===========================>..] - ETA: 2s - loss: 584486.8220
4352/4524 [===========================>..] - ETA: 1s - loss: 584975.9963
4480/4524 [============================>.] - ETA: 0s - loss: 584956.0714
4524/4524 [==============================] - 33s 7ms/step - loss: 585179.9082
Epoch 40/100

 128/4524 [..............................] - ETA: 33s - loss: 589647.2500
 256/4524 [>.............................] - ETA: 32s - loss: 588349.1875
 384/4524 [=>............................] - ETA: 31s - loss: 589280.5417
 512/4524 [==>...........................] - ETA: 30s - loss: 589050.9375
 640/4524 [===>..........................] - ETA: 28s - loss: 588777.6750
 768/4524 [====>.........................] - ETA: 27s - loss: 587851.8750
 896/4524 [====>.........................] - ETA: 26s - loss: 587599.7857
1024/4524 [=====>........................] - ETA: 25s - loss: 586816.4062
1152/4524 [======>.......................] - ETA: 24s - loss: 586756.6250
1280/4524 [=======>......................] - ETA: 23s - loss: 586229.1750
1408/4524 [========>.....................] - ETA: 23s - loss: 585703.9545
1536/4524 [=========>....................] - ETA: 22s - loss: 585148.2656
1664/4524 [==========>...................] - ETA: 21s - loss: 584863.7163
1792/4524 [==========>...................] - ETA: 20s - loss: 585743.4152
1920/4524 [===========>..................] - ETA: 19s - loss: 585712.8583
2048/4524 [============>.................] - ETA: 18s - loss: 585310.1406
2176/4524 [=============>................] - ETA: 17s - loss: 585563.9559
2304/4524 [==============>...............] - ETA: 16s - loss: 585263.9479
2432/4524 [===============>..............] - ETA: 15s - loss: 585218.9836
2560/4524 [===============>..............] - ETA: 14s - loss: 584847.5312
2688/4524 [================>.............] - ETA: 13s - loss: 584541.9940
2816/4524 [=================>............] - ETA: 12s - loss: 584194.8977
2944/4524 [==================>...........] - ETA: 11s - loss: 584425.9293
3072/4524 [===================>..........] - ETA: 10s - loss: 584643.3229
3200/4524 [====================>.........] - ETA: 9s - loss: 584427.2325 
3328/4524 [=====================>........] - ETA: 8s - loss: 584615.8534
3456/4524 [=====================>........] - ETA: 7s - loss: 584846.1898
3584/4524 [======================>.......] - ETA: 6s - loss: 584873.4196
3712/4524 [=======================>......] - ETA: 5s - loss: 584869.5647
3840/4524 [========================>.....] - ETA: 5s - loss: 584792.9125
3968/4524 [=========================>....] - ETA: 4s - loss: 584713.8145
4096/4524 [==========================>...] - ETA: 3s - loss: 584636.3164
4224/4524 [===========================>..] - ETA: 2s - loss: 584590.2008
4352/4524 [===========================>..] - ETA: 1s - loss: 584860.1452
4480/4524 [============================>.] - ETA: 0s - loss: 584813.0036
4524/4524 [==============================] - 34s 7ms/step - loss: 585021.1768
Epoch 41/100

 128/4524 [..............................] - ETA: 31s - loss: 578417.8750
 256/4524 [>.............................] - ETA: 31s - loss: 580244.5625
 384/4524 [=>............................] - ETA: 30s - loss: 581795.5625
 512/4524 [==>...........................] - ETA: 29s - loss: 583855.3125
 640/4524 [===>..........................] - ETA: 28s - loss: 583324.8250
 768/4524 [====>.........................] - ETA: 27s - loss: 582719.4583
 896/4524 [====>.........................] - ETA: 26s - loss: 582312.9018
1024/4524 [=====>........................] - ETA: 25s - loss: 581715.4766
1152/4524 [======>.......................] - ETA: 24s - loss: 581726.1597
1280/4524 [=======>......................] - ETA: 23s - loss: 581742.5687
1408/4524 [========>.....................] - ETA: 22s - loss: 582301.1591
1536/4524 [=========>....................] - ETA: 22s - loss: 581902.7500
1664/4524 [==========>...................] - ETA: 21s - loss: 581568.3510
1792/4524 [==========>...................] - ETA: 20s - loss: 581193.8616
1920/4524 [===========>..................] - ETA: 19s - loss: 581221.8625
2048/4524 [============>.................] - ETA: 18s - loss: 582307.6094
2176/4524 [=============>................] - ETA: 17s - loss: 582209.0294
2304/4524 [==============>...............] - ETA: 16s - loss: 582326.4965
2432/4524 [===============>..............] - ETA: 15s - loss: 582811.1053
2560/4524 [===============>..............] - ETA: 14s - loss: 582858.9469
2688/4524 [================>.............] - ETA: 13s - loss: 583280.6220
2816/4524 [=================>............] - ETA: 12s - loss: 583226.9915
2944/4524 [==================>...........] - ETA: 11s - loss: 583471.4837
3072/4524 [===================>..........] - ETA: 10s - loss: 583615.3880
3200/4524 [====================>.........] - ETA: 9s - loss: 583683.4975 
3328/4524 [=====================>........] - ETA: 8s - loss: 583608.2909
3456/4524 [=====================>........] - ETA: 7s - loss: 583692.3449
3584/4524 [======================>.......] - ETA: 6s - loss: 583836.8929
3712/4524 [=======================>......] - ETA: 5s - loss: 583941.3922
3840/4524 [========================>.....] - ETA: 5s - loss: 584005.5021
3968/4524 [=========================>....] - ETA: 4s - loss: 583976.3810
4096/4524 [==========================>...] - ETA: 3s - loss: 583846.6504
4224/4524 [===========================>..] - ETA: 2s - loss: 583967.3542
4352/4524 [===========================>..] - ETA: 1s - loss: 584098.8768
4480/4524 [============================>.] - ETA: 0s - loss: 584043.8518
4524/4524 [==============================] - 34s 7ms/step - loss: 584263.6903
Epoch 42/100

 128/4524 [..............................] - ETA: 32s - loss: 579694.3750
 256/4524 [>.............................] - ETA: 32s - loss: 579868.8438
 384/4524 [=>............................] - ETA: 31s - loss: 579826.7708
 512/4524 [==>...........................] - ETA: 30s - loss: 581499.4844
 640/4524 [===>..........................] - ETA: 29s - loss: 582803.6750
 768/4524 [====>.........................] - ETA: 28s - loss: 582285.9062
 896/4524 [====>.........................] - ETA: 27s - loss: 582345.6518
1024/4524 [=====>........................] - ETA: 26s - loss: 582269.7656
1152/4524 [======>.......................] - ETA: 25s - loss: 581800.4306
1280/4524 [=======>......................] - ETA: 24s - loss: 581347.0750
1408/4524 [========>.....................] - ETA: 23s - loss: 581145.3523
1536/4524 [=========>....................] - ETA: 22s - loss: 581463.2396
1664/4524 [==========>...................] - ETA: 21s - loss: 582088.1058
1792/4524 [==========>...................] - ETA: 20s - loss: 582518.6875
1920/4524 [===========>..................] - ETA: 19s - loss: 582082.9917
2048/4524 [============>.................] - ETA: 18s - loss: 581706.7969
2176/4524 [=============>................] - ETA: 17s - loss: 581773.6618
2304/4524 [==============>...............] - ETA: 16s - loss: 581866.0660
2432/4524 [===============>..............] - ETA: 15s - loss: 581882.1480
2560/4524 [===============>..............] - ETA: 14s - loss: 582324.2469
2688/4524 [================>.............] - ETA: 13s - loss: 582827.3958
2816/4524 [=================>............] - ETA: 12s - loss: 582882.0994
2944/4524 [==================>...........] - ETA: 11s - loss: 583135.8451
3072/4524 [===================>..........] - ETA: 10s - loss: 583299.9818
3200/4524 [====================>.........] - ETA: 9s - loss: 583472.5575 
3328/4524 [=====================>........] - ETA: 8s - loss: 583575.0505
3456/4524 [=====================>........] - ETA: 7s - loss: 583977.4977
3584/4524 [======================>.......] - ETA: 7s - loss: 584013.4978
3712/4524 [=======================>......] - ETA: 6s - loss: 584142.6034
3840/4524 [========================>.....] - ETA: 5s - loss: 584053.2875
3968/4524 [=========================>....] - ETA: 4s - loss: 584038.5766
4096/4524 [==========================>...] - ETA: 3s - loss: 583774.7051
4224/4524 [===========================>..] - ETA: 2s - loss: 583992.3958
4352/4524 [===========================>..] - ETA: 1s - loss: 584028.8015
4480/4524 [============================>.] - ETA: 0s - loss: 584126.1393
4524/4524 [==============================] - 34s 8ms/step - loss: 584309.6153
Epoch 43/100

 128/4524 [..............................] - ETA: 31s - loss: 587337.6250
 256/4524 [>.............................] - ETA: 30s - loss: 584198.6250
 384/4524 [=>............................] - ETA: 30s - loss: 582234.8542
 512/4524 [==>...........................] - ETA: 29s - loss: 584128.9844
 640/4524 [===>..........................] - ETA: 28s - loss: 584875.8000
 768/4524 [====>.........................] - ETA: 27s - loss: 585250.1354
 896/4524 [====>.........................] - ETA: 26s - loss: 585706.6518
1024/4524 [=====>........................] - ETA: 25s - loss: 584738.4141
1152/4524 [======>.......................] - ETA: 24s - loss: 584912.0139
1280/4524 [=======>......................] - ETA: 23s - loss: 584907.2375
1408/4524 [========>.....................] - ETA: 22s - loss: 584481.5341
1536/4524 [=========>....................] - ETA: 21s - loss: 584572.7396
1664/4524 [==========>...................] - ETA: 21s - loss: 585360.4663
1792/4524 [==========>...................] - ETA: 20s - loss: 584905.6518
1920/4524 [===========>..................] - ETA: 19s - loss: 585020.2167
2048/4524 [============>.................] - ETA: 18s - loss: 584866.5586
2176/4524 [=============>................] - ETA: 17s - loss: 584675.6140
2304/4524 [==============>...............] - ETA: 16s - loss: 584383.9583
2432/4524 [===============>..............] - ETA: 15s - loss: 584405.9605
2560/4524 [===============>..............] - ETA: 14s - loss: 584178.0281
2688/4524 [================>.............] - ETA: 13s - loss: 584106.3810
2816/4524 [=================>............] - ETA: 12s - loss: 584568.2074
2944/4524 [==================>...........] - ETA: 11s - loss: 584389.1984
3072/4524 [===================>..........] - ETA: 10s - loss: 584095.3620
3200/4524 [====================>.........] - ETA: 9s - loss: 584007.1300 
3328/4524 [=====================>........] - ETA: 8s - loss: 583945.0865
3456/4524 [=====================>........] - ETA: 7s - loss: 583934.7222
3584/4524 [======================>.......] - ETA: 6s - loss: 584104.0045
3712/4524 [=======================>......] - ETA: 6s - loss: 583912.6940
3840/4524 [========================>.....] - ETA: 5s - loss: 583626.9375
3968/4524 [=========================>....] - ETA: 4s - loss: 583695.2984
4096/4524 [==========================>...] - ETA: 3s - loss: 583720.2539
4224/4524 [===========================>..] - ETA: 2s - loss: 583723.9394
4352/4524 [===========================>..] - ETA: 1s - loss: 583575.4191
4480/4524 [============================>.] - ETA: 0s - loss: 583701.9589
4524/4524 [==============================] - 34s 7ms/step - loss: 583904.9062
Epoch 44/100

 128/4524 [..............................] - ETA: 32s - loss: 582887.7500
 256/4524 [>.............................] - ETA: 31s - loss: 588226.1875
 384/4524 [=>............................] - ETA: 30s - loss: 588082.4167
 512/4524 [==>...........................] - ETA: 29s - loss: 588928.1406
 640/4524 [===>..........................] - ETA: 28s - loss: 588759.6875
 768/4524 [====>.........................] - ETA: 27s - loss: 587438.0521
 896/4524 [====>.........................] - ETA: 26s - loss: 586793.5804
1024/4524 [=====>........................] - ETA: 25s - loss: 586597.1875
1152/4524 [======>.......................] - ETA: 24s - loss: 586247.8958
1280/4524 [=======>......................] - ETA: 23s - loss: 585664.3812
1408/4524 [========>.....................] - ETA: 23s - loss: 585640.1761
1536/4524 [=========>....................] - ETA: 22s - loss: 585218.8542
1664/4524 [==========>...................] - ETA: 21s - loss: 585355.8990
1792/4524 [==========>...................] - ETA: 20s - loss: 584704.5938
1920/4524 [===========>..................] - ETA: 19s - loss: 584780.4125
2048/4524 [============>.................] - ETA: 18s - loss: 585116.7148
2176/4524 [=============>................] - ETA: 17s - loss: 585237.0147
2304/4524 [==============>...............] - ETA: 16s - loss: 584884.5417
2432/4524 [===============>..............] - ETA: 15s - loss: 584776.2500
2560/4524 [===============>..............] - ETA: 14s - loss: 584340.9000
2688/4524 [================>.............] - ETA: 13s - loss: 584157.9643
2816/4524 [=================>............] - ETA: 12s - loss: 584170.1136
2944/4524 [==================>...........] - ETA: 11s - loss: 583906.7092
3072/4524 [===================>..........] - ETA: 10s - loss: 583930.7812
3200/4524 [====================>.........] - ETA: 9s - loss: 583883.6450 
3328/4524 [=====================>........] - ETA: 8s - loss: 584212.6154
3456/4524 [=====================>........] - ETA: 7s - loss: 583906.3218
3584/4524 [======================>.......] - ETA: 6s - loss: 583681.4554
3712/4524 [=======================>......] - ETA: 5s - loss: 583891.6121
3840/4524 [========================>.....] - ETA: 5s - loss: 583984.4875
3968/4524 [=========================>....] - ETA: 4s - loss: 583866.7218
4096/4524 [==========================>...] - ETA: 3s - loss: 583772.7422
4224/4524 [===========================>..] - ETA: 2s - loss: 583633.8277
4352/4524 [===========================>..] - ETA: 1s - loss: 583657.4173
4480/4524 [============================>.] - ETA: 0s - loss: 583774.4232
4524/4524 [==============================] - 34s 7ms/step - loss: 583992.2125
Epoch 45/100

 128/4524 [..............................] - ETA: 33s - loss: 587110.6250
 256/4524 [>.............................] - ETA: 31s - loss: 583567.1250
 384/4524 [=>............................] - ETA: 30s - loss: 581891.5208
 512/4524 [==>...........................] - ETA: 29s - loss: 583751.2500
 640/4524 [===>..........................] - ETA: 28s - loss: 583041.3500
 768/4524 [====>.........................] - ETA: 27s - loss: 582997.0104
 896/4524 [====>.........................] - ETA: 26s - loss: 582394.1339
1024/4524 [=====>........................] - ETA: 25s - loss: 582969.4141
1152/4524 [======>.......................] - ETA: 24s - loss: 583400.2639
1280/4524 [=======>......................] - ETA: 23s - loss: 584168.8875
1408/4524 [========>.....................] - ETA: 22s - loss: 583620.3125
1536/4524 [=========>....................] - ETA: 21s - loss: 584520.1094
1664/4524 [==========>...................] - ETA: 20s - loss: 584603.3125
1792/4524 [==========>...................] - ETA: 20s - loss: 584869.8973
1920/4524 [===========>..................] - ETA: 19s - loss: 584697.1208
2048/4524 [============>.................] - ETA: 18s - loss: 584395.4492
2176/4524 [=============>................] - ETA: 17s - loss: 584563.9154
2304/4524 [==============>...............] - ETA: 16s - loss: 584722.4132
2432/4524 [===============>..............] - ETA: 15s - loss: 584490.3092
2560/4524 [===============>..............] - ETA: 14s - loss: 584226.1438
2688/4524 [================>.............] - ETA: 13s - loss: 584281.7619
2816/4524 [=================>............] - ETA: 12s - loss: 584173.4318
2944/4524 [==================>...........] - ETA: 11s - loss: 584323.5707
3072/4524 [===================>..........] - ETA: 10s - loss: 584342.5677
3200/4524 [====================>.........] - ETA: 9s - loss: 584289.9125 
3328/4524 [=====================>........] - ETA: 8s - loss: 584038.1755
3456/4524 [=====================>........] - ETA: 7s - loss: 583732.8079
3584/4524 [======================>.......] - ETA: 6s - loss: 583723.5469
3712/4524 [=======================>......] - ETA: 5s - loss: 583441.0927
3840/4524 [========================>.....] - ETA: 5s - loss: 583383.2812
3968/4524 [=========================>....] - ETA: 4s - loss: 583341.3226
4096/4524 [==========================>...] - ETA: 3s - loss: 583463.4668
4224/4524 [===========================>..] - ETA: 2s - loss: 583396.1875
4352/4524 [===========================>..] - ETA: 1s - loss: 583317.5570
4480/4524 [============================>.] - ETA: 0s - loss: 583151.6268
4524/4524 [==============================] - 33s 7ms/step - loss: 583346.3054
Epoch 46/100

 128/4524 [..............................] - ETA: 31s - loss: 588254.6250
 256/4524 [>.............................] - ETA: 30s - loss: 587554.1250
 384/4524 [=>............................] - ETA: 29s - loss: 586633.5417
 512/4524 [==>...........................] - ETA: 28s - loss: 585053.6562
 640/4524 [===>..........................] - ETA: 28s - loss: 584544.4000
 768/4524 [====>.........................] - ETA: 27s - loss: 584093.3542
 896/4524 [====>.........................] - ETA: 26s - loss: 584120.2143
1024/4524 [=====>........................] - ETA: 25s - loss: 584089.7266
1152/4524 [======>.......................] - ETA: 24s - loss: 583815.2569
1280/4524 [=======>......................] - ETA: 23s - loss: 584194.0062
1408/4524 [========>.....................] - ETA: 22s - loss: 583729.1761
1536/4524 [=========>....................] - ETA: 21s - loss: 583506.4792
1664/4524 [==========>...................] - ETA: 20s - loss: 583631.1442
1792/4524 [==========>...................] - ETA: 19s - loss: 583135.6161
1920/4524 [===========>..................] - ETA: 18s - loss: 583442.4208
2048/4524 [============>.................] - ETA: 18s - loss: 583167.1445
2176/4524 [=============>................] - ETA: 17s - loss: 583687.5919
2304/4524 [==============>...............] - ETA: 16s - loss: 584253.5660
2432/4524 [===============>..............] - ETA: 15s - loss: 584027.0888
2560/4524 [===============>..............] - ETA: 14s - loss: 583873.3812
2688/4524 [================>.............] - ETA: 13s - loss: 583646.7321
2816/4524 [=================>............] - ETA: 12s - loss: 583799.8068
2944/4524 [==================>...........] - ETA: 11s - loss: 583428.7935
3072/4524 [===================>..........] - ETA: 10s - loss: 583406.7135
3200/4524 [====================>.........] - ETA: 9s - loss: 583523.2550 
3328/4524 [=====================>........] - ETA: 8s - loss: 583417.4471
3456/4524 [=====================>........] - ETA: 7s - loss: 583080.1204
3584/4524 [======================>.......] - ETA: 6s - loss: 582932.5112
3712/4524 [=======================>......] - ETA: 5s - loss: 582978.7845
3840/4524 [========================>.....] - ETA: 5s - loss: 583255.7208
3968/4524 [=========================>....] - ETA: 4s - loss: 583457.2782
4096/4524 [==========================>...] - ETA: 3s - loss: 583276.3125
4224/4524 [===========================>..] - ETA: 2s - loss: 583336.2311
4352/4524 [===========================>..] - ETA: 1s - loss: 583504.6691
4480/4524 [============================>.] - ETA: 0s - loss: 583269.1286
4524/4524 [==============================] - 33s 7ms/step - loss: 583476.4605
Epoch 47/100

 128/4524 [..............................] - ETA: 32s - loss: 578212.8125
 256/4524 [>.............................] - ETA: 32s - loss: 580466.2812
 384/4524 [=>............................] - ETA: 31s - loss: 582087.3958
 512/4524 [==>...........................] - ETA: 30s - loss: 582006.7344
 640/4524 [===>..........................] - ETA: 29s - loss: 581225.1625
 768/4524 [====>.........................] - ETA: 28s - loss: 581574.8333
 896/4524 [====>.........................] - ETA: 27s - loss: 581224.5179
1024/4524 [=====>........................] - ETA: 26s - loss: 581299.9141
1152/4524 [======>.......................] - ETA: 25s - loss: 581352.7569
1280/4524 [=======>......................] - ETA: 24s - loss: 581884.5687
1408/4524 [========>.....................] - ETA: 23s - loss: 582509.8011
1536/4524 [=========>....................] - ETA: 22s - loss: 583212.9740
1664/4524 [==========>...................] - ETA: 21s - loss: 582840.8221
1792/4524 [==========>...................] - ETA: 20s - loss: 583302.4688
1920/4524 [===========>..................] - ETA: 19s - loss: 583196.0958
2048/4524 [============>.................] - ETA: 18s - loss: 583410.2500
2176/4524 [=============>................] - ETA: 17s - loss: 583575.5331
2304/4524 [==============>...............] - ETA: 16s - loss: 583707.2257
2432/4524 [===============>..............] - ETA: 15s - loss: 583862.0164
2560/4524 [===============>..............] - ETA: 14s - loss: 583661.9719
2688/4524 [================>.............] - ETA: 13s - loss: 584125.8333
2816/4524 [=================>............] - ETA: 12s - loss: 583968.7557
2944/4524 [==================>...........] - ETA: 11s - loss: 583795.9293
3072/4524 [===================>..........] - ETA: 10s - loss: 583657.9219
3200/4524 [====================>.........] - ETA: 9s - loss: 583343.1400 
3328/4524 [=====================>........] - ETA: 8s - loss: 583362.8125
3456/4524 [=====================>........] - ETA: 7s - loss: 583560.4954
3584/4524 [======================>.......] - ETA: 6s - loss: 583238.5134
3712/4524 [=======================>......] - ETA: 6s - loss: 583150.1466
3840/4524 [========================>.....] - ETA: 5s - loss: 583306.9333
3968/4524 [=========================>....] - ETA: 4s - loss: 583307.4073
4096/4524 [==========================>...] - ETA: 3s - loss: 583321.4805
4224/4524 [===========================>..] - ETA: 2s - loss: 583178.7822
4352/4524 [===========================>..] - ETA: 1s - loss: 583434.2665
4480/4524 [============================>.] - ETA: 0s - loss: 583346.3054
4524/4524 [==============================] - 34s 7ms/step - loss: 583537.3168
Epoch 48/100

 128/4524 [..............................] - ETA: 31s - loss: 583499.3750
 256/4524 [>.............................] - ETA: 31s - loss: 584862.5000
 384/4524 [=>............................] - ETA: 29s - loss: 584321.6667
 512/4524 [==>...........................] - ETA: 28s - loss: 585328.9375
 640/4524 [===>..........................] - ETA: 27s - loss: 584810.8625
 768/4524 [====>.........................] - ETA: 26s - loss: 583895.4792
 896/4524 [====>.........................] - ETA: 26s - loss: 582592.7500
1024/4524 [=====>........................] - ETA: 25s - loss: 582057.0312
1152/4524 [======>.......................] - ETA: 24s - loss: 582885.2778
1280/4524 [=======>......................] - ETA: 23s - loss: 582460.3875
1408/4524 [========>.....................] - ETA: 22s - loss: 582434.1591
1536/4524 [=========>....................] - ETA: 21s - loss: 581858.4583
1664/4524 [==========>...................] - ETA: 20s - loss: 582887.6058
1792/4524 [==========>...................] - ETA: 19s - loss: 583239.8393
1920/4524 [===========>..................] - ETA: 19s - loss: 582987.7083
2048/4524 [============>.................] - ETA: 18s - loss: 582590.8750
2176/4524 [=============>................] - ETA: 17s - loss: 582547.0294
2304/4524 [==============>...............] - ETA: 16s - loss: 582953.3889
2432/4524 [===============>..............] - ETA: 15s - loss: 582754.2829
2560/4524 [===============>..............] - ETA: 14s - loss: 582793.6219
2688/4524 [================>.............] - ETA: 13s - loss: 582579.6786
2816/4524 [=================>............] - ETA: 12s - loss: 582719.2557
2944/4524 [==================>...........] - ETA: 11s - loss: 582785.9728
3072/4524 [===================>..........] - ETA: 10s - loss: 582882.2396
3200/4524 [====================>.........] - ETA: 9s - loss: 583027.4450 
3328/4524 [=====================>........] - ETA: 8s - loss: 582981.1875
3456/4524 [=====================>........] - ETA: 7s - loss: 582804.6343
3584/4524 [======================>.......] - ETA: 6s - loss: 582929.8929
3712/4524 [=======================>......] - ETA: 5s - loss: 583042.0819
3840/4524 [========================>.....] - ETA: 5s - loss: 583049.3250
3968/4524 [=========================>....] - ETA: 4s - loss: 583167.4274
4096/4524 [==========================>...] - ETA: 3s - loss: 583039.1523
4224/4524 [===========================>..] - ETA: 2s - loss: 582874.9205
4352/4524 [===========================>..] - ETA: 1s - loss: 582854.9559
4480/4524 [============================>.] - ETA: 0s - loss: 582729.2429
4524/4524 [==============================] - 34s 7ms/step - loss: 582903.4795
Epoch 49/100

 128/4524 [..............................] - ETA: 30s - loss: 580552.3750
 256/4524 [>.............................] - ETA: 30s - loss: 585166.9375
 384/4524 [=>............................] - ETA: 30s - loss: 585347.9167
 512/4524 [==>...........................] - ETA: 29s - loss: 583537.7188
 640/4524 [===>..........................] - ETA: 28s - loss: 583170.3500
 768/4524 [====>.........................] - ETA: 27s - loss: 583945.1354
 896/4524 [====>.........................] - ETA: 26s - loss: 583193.9554
1024/4524 [=====>........................] - ETA: 25s - loss: 582490.3984
1152/4524 [======>.......................] - ETA: 24s - loss: 582065.5764
1280/4524 [=======>......................] - ETA: 23s - loss: 583136.8187
1408/4524 [========>.....................] - ETA: 22s - loss: 582733.0057
1536/4524 [=========>....................] - ETA: 21s - loss: 582865.5885
1664/4524 [==========>...................] - ETA: 21s - loss: 582650.4808
1792/4524 [==========>...................] - ETA: 20s - loss: 582234.0000
1920/4524 [===========>..................] - ETA: 19s - loss: 581824.5917
2048/4524 [============>.................] - ETA: 18s - loss: 581485.1523
2176/4524 [=============>................] - ETA: 17s - loss: 582002.5037
2304/4524 [==============>...............] - ETA: 16s - loss: 582246.2153
2432/4524 [===============>..............] - ETA: 15s - loss: 582748.2237
2560/4524 [===============>..............] - ETA: 14s - loss: 582675.1125
2688/4524 [================>.............] - ETA: 13s - loss: 582529.3631
2816/4524 [=================>............] - ETA: 12s - loss: 582696.8949
2944/4524 [==================>...........] - ETA: 11s - loss: 582716.0462
3072/4524 [===================>..........] - ETA: 10s - loss: 582658.5182
3200/4524 [====================>.........] - ETA: 9s - loss: 582647.7025 
3328/4524 [=====================>........] - ETA: 8s - loss: 582791.7909
3456/4524 [=====================>........] - ETA: 7s - loss: 582908.5347
3584/4524 [======================>.......] - ETA: 6s - loss: 582862.9554
3712/4524 [=======================>......] - ETA: 5s - loss: 582716.4397
3840/4524 [========================>.....] - ETA: 5s - loss: 582555.7292
3968/4524 [=========================>....] - ETA: 4s - loss: 582290.4536
4096/4524 [==========================>...] - ETA: 3s - loss: 582103.6055
4224/4524 [===========================>..] - ETA: 2s - loss: 582196.5890
4352/4524 [===========================>..] - ETA: 1s - loss: 582354.2482
4480/4524 [============================>.] - ETA: 0s - loss: 582499.4304
4524/4524 [==============================] - 34s 7ms/step - loss: 582695.0397
Epoch 50/100

 128/4524 [..............................] - ETA: 32s - loss: 585669.0625
 256/4524 [>.............................] - ETA: 32s - loss: 584022.2812
 384/4524 [=>............................] - ETA: 31s - loss: 583580.6458
 512/4524 [==>...........................] - ETA: 30s - loss: 581148.2969
 640/4524 [===>..........................] - ETA: 29s - loss: 582505.5500
 768/4524 [====>.........................] - ETA: 28s - loss: 581844.7188
 896/4524 [====>.........................] - ETA: 27s - loss: 581274.9018
1024/4524 [=====>........................] - ETA: 26s - loss: 581754.1719
1152/4524 [======>.......................] - ETA: 25s - loss: 581687.0556
1280/4524 [=======>......................] - ETA: 24s - loss: 582078.7000
1408/4524 [========>.....................] - ETA: 23s - loss: 582408.4091
1536/4524 [=========>....................] - ETA: 22s - loss: 582619.8229
1664/4524 [==========>...................] - ETA: 21s - loss: 582547.7115
1792/4524 [==========>...................] - ETA: 20s - loss: 582910.7098
1920/4524 [===========>..................] - ETA: 19s - loss: 583098.8542
2048/4524 [============>.................] - ETA: 18s - loss: 583099.5039
2176/4524 [=============>................] - ETA: 17s - loss: 582971.4007
2304/4524 [==============>...............] - ETA: 16s - loss: 583059.7396
2432/4524 [===============>..............] - ETA: 15s - loss: 582804.9638
2560/4524 [===============>..............] - ETA: 14s - loss: 582716.6406
2688/4524 [================>.............] - ETA: 13s - loss: 583063.1339
2816/4524 [=================>............] - ETA: 12s - loss: 583503.7415
2944/4524 [==================>...........] - ETA: 11s - loss: 583305.9130
3072/4524 [===================>..........] - ETA: 10s - loss: 583247.5000
3200/4524 [====================>.........] - ETA: 9s - loss: 583055.2500 
3328/4524 [=====================>........] - ETA: 8s - loss: 583134.2788
3456/4524 [=====================>........] - ETA: 7s - loss: 583141.1181
3584/4524 [======================>.......] - ETA: 6s - loss: 582919.9397
3712/4524 [=======================>......] - ETA: 6s - loss: 582693.6832
3840/4524 [========================>.....] - ETA: 5s - loss: 582680.1396
3968/4524 [=========================>....] - ETA: 4s - loss: 582775.1028
4096/4524 [==========================>...] - ETA: 3s - loss: 582664.6367
4224/4524 [===========================>..] - ETA: 2s - loss: 582372.4451
4352/4524 [===========================>..] - ETA: 1s - loss: 582168.2923
4480/4524 [============================>.] - ETA: 0s - loss: 582126.4589
4524/4524 [==============================] - 34s 7ms/step - loss: 582347.7310
Epoch 51/100

 128/4524 [..............................] - ETA: 32s - loss: 582786.3125
 256/4524 [>.............................] - ETA: 31s - loss: 585156.3750
 384/4524 [=>............................] - ETA: 30s - loss: 586919.0000
 512/4524 [==>...........................] - ETA: 29s - loss: 587898.3125
 640/4524 [===>..........................] - ETA: 28s - loss: 587734.8375
 768/4524 [====>.........................] - ETA: 27s - loss: 587037.5521
 896/4524 [====>.........................] - ETA: 26s - loss: 585752.8304
1024/4524 [=====>........................] - ETA: 25s - loss: 585110.7500
1152/4524 [======>.......................] - ETA: 24s - loss: 585399.3958
1280/4524 [=======>......................] - ETA: 23s - loss: 584896.4750
1408/4524 [========>.....................] - ETA: 22s - loss: 584771.4773
1536/4524 [=========>....................] - ETA: 21s - loss: 584595.5781
1664/4524 [==========>...................] - ETA: 21s - loss: 584652.2500
1792/4524 [==========>...................] - ETA: 20s - loss: 584085.0089
1920/4524 [===========>..................] - ETA: 19s - loss: 583895.8333
2048/4524 [============>.................] - ETA: 18s - loss: 583807.5391
2176/4524 [=============>................] - ETA: 17s - loss: 583462.5515
2304/4524 [==============>...............] - ETA: 16s - loss: 583717.0069
2432/4524 [===============>..............] - ETA: 15s - loss: 583821.5461
2560/4524 [===============>..............] - ETA: 14s - loss: 583982.6469
2688/4524 [================>.............] - ETA: 13s - loss: 583909.5982
2816/4524 [=================>............] - ETA: 12s - loss: 584055.9972
2944/4524 [==================>...........] - ETA: 11s - loss: 583602.6848
3072/4524 [===================>..........] - ETA: 10s - loss: 583442.6745
3200/4524 [====================>.........] - ETA: 9s - loss: 583243.5525 
3328/4524 [=====================>........] - ETA: 8s - loss: 583175.0024
3456/4524 [=====================>........] - ETA: 7s - loss: 582838.3819
3584/4524 [======================>.......] - ETA: 6s - loss: 582525.6763
3712/4524 [=======================>......] - ETA: 5s - loss: 582440.8254
3840/4524 [========================>.....] - ETA: 5s - loss: 582220.1188
3968/4524 [=========================>....] - ETA: 4s - loss: 582336.5383
4096/4524 [==========================>...] - ETA: 3s - loss: 582730.8457
4224/4524 [===========================>..] - ETA: 2s - loss: 582642.4848
4352/4524 [===========================>..] - ETA: 1s - loss: 582678.6360
4480/4524 [============================>.] - ETA: 0s - loss: 582509.6714
4524/4524 [==============================] - 34s 7ms/step - loss: 582692.6992
Epoch 52/100

 128/4524 [..............................] - ETA: 31s - loss: 584861.3750
 256/4524 [>.............................] - ETA: 31s - loss: 581529.8125
 384/4524 [=>............................] - ETA: 30s - loss: 583461.4167
 512/4524 [==>...........................] - ETA: 29s - loss: 583330.5938
 640/4524 [===>..........................] - ETA: 28s - loss: 581554.4500
 768/4524 [====>.........................] - ETA: 27s - loss: 581515.9688
 896/4524 [====>.........................] - ETA: 26s - loss: 580949.4107
1024/4524 [=====>........................] - ETA: 25s - loss: 581244.2812
1152/4524 [======>.......................] - ETA: 24s - loss: 581664.1389
1280/4524 [=======>......................] - ETA: 24s - loss: 581114.1375
1408/4524 [========>.....................] - ETA: 23s - loss: 581723.4318
1536/4524 [=========>....................] - ETA: 22s - loss: 582192.0000
1664/4524 [==========>...................] - ETA: 21s - loss: 582853.3317
1792/4524 [==========>...................] - ETA: 20s - loss: 582702.1875
1920/4524 [===========>..................] - ETA: 19s - loss: 583050.6917
2048/4524 [============>.................] - ETA: 18s - loss: 583544.4844
2176/4524 [=============>................] - ETA: 17s - loss: 583280.3015
2304/4524 [==============>...............] - ETA: 16s - loss: 583128.0833
2432/4524 [===============>..............] - ETA: 15s - loss: 582920.1546
2560/4524 [===============>..............] - ETA: 14s - loss: 583098.0500
2688/4524 [================>.............] - ETA: 13s - loss: 583040.2738
2816/4524 [=================>............] - ETA: 12s - loss: 583114.7955
2944/4524 [==================>...........] - ETA: 11s - loss: 583058.8832
3072/4524 [===================>..........] - ETA: 10s - loss: 582696.0182
3200/4524 [====================>.........] - ETA: 9s - loss: 582813.6425 
3328/4524 [=====================>........] - ETA: 8s - loss: 582744.9303
3456/4524 [=====================>........] - ETA: 7s - loss: 582466.9097
3584/4524 [======================>.......] - ETA: 6s - loss: 582348.4219
3712/4524 [=======================>......] - ETA: 5s - loss: 582517.2112
3840/4524 [========================>.....] - ETA: 5s - loss: 582595.7646
3968/4524 [=========================>....] - ETA: 4s - loss: 582562.6875
4096/4524 [==========================>...] - ETA: 3s - loss: 582426.9258
4224/4524 [===========================>..] - ETA: 2s - loss: 582249.8485
4352/4524 [===========================>..] - ETA: 1s - loss: 582106.3438
4480/4524 [============================>.] - ETA: 0s - loss: 582277.9089
4524/4524 [==============================] - 34s 7ms/step - loss: 582469.4087
Epoch 53/100

 128/4524 [..............................] - ETA: 30s - loss: 591939.8750
 256/4524 [>.............................] - ETA: 30s - loss: 587822.3438
 384/4524 [=>............................] - ETA: 29s - loss: 587273.6667
 512/4524 [==>...........................] - ETA: 28s - loss: 584637.6562
 640/4524 [===>..........................] - ETA: 28s - loss: 584024.3500
 768/4524 [====>.........................] - ETA: 27s - loss: 584394.3750
 896/4524 [====>.........................] - ETA: 26s - loss: 584552.9286
1024/4524 [=====>........................] - ETA: 25s - loss: 584831.9375
1152/4524 [======>.......................] - ETA: 24s - loss: 584519.8194
1280/4524 [=======>......................] - ETA: 23s - loss: 584152.5375
1408/4524 [========>.....................] - ETA: 22s - loss: 583620.6250
1536/4524 [=========>....................] - ETA: 21s - loss: 583062.0312
1664/4524 [==========>...................] - ETA: 20s - loss: 582808.2212
1792/4524 [==========>...................] - ETA: 19s - loss: 582939.4330
1920/4524 [===========>..................] - ETA: 18s - loss: 582910.0500
2048/4524 [============>.................] - ETA: 17s - loss: 583154.9141
2176/4524 [=============>................] - ETA: 17s - loss: 582719.2279
2304/4524 [==============>...............] - ETA: 16s - loss: 582959.5035
2432/4524 [===============>..............] - ETA: 15s - loss: 582753.4803
2560/4524 [===============>..............] - ETA: 14s - loss: 582506.6312
2688/4524 [================>.............] - ETA: 13s - loss: 582452.3690
2816/4524 [=================>............] - ETA: 12s - loss: 582443.4176
2944/4524 [==================>...........] - ETA: 11s - loss: 582171.7147
3072/4524 [===================>..........] - ETA: 10s - loss: 582517.8620
3200/4524 [====================>.........] - ETA: 9s - loss: 582749.9175 
3328/4524 [=====================>........] - ETA: 8s - loss: 582401.0577
3456/4524 [=====================>........] - ETA: 7s - loss: 582476.2130
3584/4524 [======================>.......] - ETA: 6s - loss: 582186.5781
3712/4524 [=======================>......] - ETA: 5s - loss: 582001.5151
3840/4524 [========================>.....] - ETA: 4s - loss: 582047.5292
3968/4524 [=========================>....] - ETA: 4s - loss: 581922.4556
4096/4524 [==========================>...] - ETA: 3s - loss: 581741.2656
4224/4524 [===========================>..] - ETA: 2s - loss: 581788.8826
4352/4524 [===========================>..] - ETA: 1s - loss: 581790.7169
4480/4524 [============================>.] - ETA: 0s - loss: 581953.7286
4524/4524 [==============================] - 33s 7ms/step - loss: 582133.8690
Epoch 54/100

 128/4524 [..............................] - ETA: 32s - loss: 576186.5625
 256/4524 [>.............................] - ETA: 31s - loss: 581399.7188
 384/4524 [=>............................] - ETA: 30s - loss: 580538.7292
 512/4524 [==>...........................] - ETA: 29s - loss: 580486.5312
 640/4524 [===>..........................] - ETA: 28s - loss: 579863.4375
 768/4524 [====>.........................] - ETA: 27s - loss: 579663.9479
 896/4524 [====>.........................] - ETA: 26s - loss: 580041.9732
1024/4524 [=====>........................] - ETA: 25s - loss: 579569.3984
1152/4524 [======>.......................] - ETA: 24s - loss: 579344.5139
1280/4524 [=======>......................] - ETA: 23s - loss: 580305.3125
1408/4524 [========>.....................] - ETA: 22s - loss: 579726.1705
1536/4524 [=========>....................] - ETA: 22s - loss: 580151.3021
1664/4524 [==========>...................] - ETA: 21s - loss: 580327.0913
1792/4524 [==========>...................] - ETA: 20s - loss: 580761.6027
1920/4524 [===========>..................] - ETA: 19s - loss: 581117.6708
2048/4524 [============>.................] - ETA: 18s - loss: 581342.3945
2176/4524 [=============>................] - ETA: 17s - loss: 581376.2500
2304/4524 [==============>...............] - ETA: 16s - loss: 581525.8646
2432/4524 [===============>..............] - ETA: 15s - loss: 581709.9276
2560/4524 [===============>..............] - ETA: 14s - loss: 581411.2188
2688/4524 [================>.............] - ETA: 13s - loss: 581390.6726
2816/4524 [=================>............] - ETA: 12s - loss: 581415.5824
2944/4524 [==================>...........] - ETA: 11s - loss: 581204.5625
3072/4524 [===================>..........] - ETA: 10s - loss: 580925.4896
3200/4524 [====================>.........] - ETA: 9s - loss: 581096.9575 
3328/4524 [=====================>........] - ETA: 8s - loss: 581548.4832
3456/4524 [=====================>........] - ETA: 7s - loss: 581377.7940
3584/4524 [======================>.......] - ETA: 6s - loss: 581319.7567
3712/4524 [=======================>......] - ETA: 5s - loss: 581485.2047
3840/4524 [========================>.....] - ETA: 5s - loss: 581375.5938
3968/4524 [=========================>....] - ETA: 4s - loss: 581663.3165
4096/4524 [==========================>...] - ETA: 3s - loss: 581885.7188
4224/4524 [===========================>..] - ETA: 2s - loss: 581867.1894
4352/4524 [===========================>..] - ETA: 1s - loss: 581842.6397
4480/4524 [============================>.] - ETA: 0s - loss: 581711.9750
4524/4524 [==============================] - 33s 7ms/step - loss: 581882.8691
Epoch 55/100

 128/4524 [..............................] - ETA: 32s - loss: 585772.5625
 256/4524 [>.............................] - ETA: 32s - loss: 582726.2812
 384/4524 [=>............................] - ETA: 31s - loss: 580288.6875
 512/4524 [==>...........................] - ETA: 29s - loss: 580927.5781
 640/4524 [===>..........................] - ETA: 28s - loss: 580711.5625
 768/4524 [====>.........................] - ETA: 28s - loss: 581414.9688
 896/4524 [====>.........................] - ETA: 27s - loss: 581929.7411
1024/4524 [=====>........................] - ETA: 26s - loss: 580694.9922
1152/4524 [======>.......................] - ETA: 25s - loss: 580577.8542
1280/4524 [=======>......................] - ETA: 24s - loss: 580061.5250
1408/4524 [========>.....................] - ETA: 23s - loss: 579907.9148
1536/4524 [=========>....................] - ETA: 22s - loss: 579590.1510
1664/4524 [==========>...................] - ETA: 21s - loss: 579390.6154
1792/4524 [==========>...................] - ETA: 20s - loss: 579334.2411
1920/4524 [===========>..................] - ETA: 19s - loss: 579588.6167
2048/4524 [============>.................] - ETA: 18s - loss: 579566.1562
2176/4524 [=============>................] - ETA: 17s - loss: 580117.7426
2304/4524 [==============>...............] - ETA: 16s - loss: 579886.8542
2432/4524 [===============>..............] - ETA: 15s - loss: 580207.8684
2560/4524 [===============>..............] - ETA: 14s - loss: 580400.4437
2688/4524 [================>.............] - ETA: 13s - loss: 580712.9345
2816/4524 [=================>............] - ETA: 12s - loss: 580642.4915
2944/4524 [==================>...........] - ETA: 11s - loss: 580540.1332
3072/4524 [===================>..........] - ETA: 10s - loss: 580542.5182
3200/4524 [====================>.........] - ETA: 9s - loss: 580374.6925 
3328/4524 [=====================>........] - ETA: 8s - loss: 580544.2380
3456/4524 [=====================>........] - ETA: 7s - loss: 580945.2569
3584/4524 [======================>.......] - ETA: 6s - loss: 580692.5915
3712/4524 [=======================>......] - ETA: 5s - loss: 580976.6315
3840/4524 [========================>.....] - ETA: 5s - loss: 581047.0813
3968/4524 [=========================>....] - ETA: 4s - loss: 581075.2601
4096/4524 [==========================>...] - ETA: 3s - loss: 581219.7090
4224/4524 [===========================>..] - ETA: 2s - loss: 581353.6610
4352/4524 [===========================>..] - ETA: 1s - loss: 581359.7261
4480/4524 [============================>.] - ETA: 0s - loss: 581496.6625
4524/4524 [==============================] - 34s 7ms/step - loss: 581645.8132
Epoch 56/100

 128/4524 [..............................] - ETA: 31s - loss: 584430.2500
 256/4524 [>.............................] - ETA: 31s - loss: 581847.3750
 384/4524 [=>............................] - ETA: 29s - loss: 580705.9167
 512/4524 [==>...........................] - ETA: 29s - loss: 579885.0312
 640/4524 [===>..........................] - ETA: 28s - loss: 580048.7375
 768/4524 [====>.........................] - ETA: 27s - loss: 579507.3229
 896/4524 [====>.........................] - ETA: 26s - loss: 578957.4375
1024/4524 [=====>........................] - ETA: 25s - loss: 580137.2812
1152/4524 [======>.......................] - ETA: 24s - loss: 580176.1667
1280/4524 [=======>......................] - ETA: 23s - loss: 579670.3125
1408/4524 [========>.....................] - ETA: 22s - loss: 580047.5568
1536/4524 [=========>....................] - ETA: 21s - loss: 580202.6979
1664/4524 [==========>...................] - ETA: 21s - loss: 580106.2500
1792/4524 [==========>...................] - ETA: 20s - loss: 580360.8750
1920/4524 [===========>..................] - ETA: 19s - loss: 580449.8667
2048/4524 [============>.................] - ETA: 18s - loss: 580168.3828
2176/4524 [=============>................] - ETA: 17s - loss: 580785.8051
2304/4524 [==============>...............] - ETA: 16s - loss: 581038.3021
2432/4524 [===============>..............] - ETA: 15s - loss: 581288.5921
2560/4524 [===============>..............] - ETA: 14s - loss: 581143.8844
2688/4524 [================>.............] - ETA: 13s - loss: 581329.1845
2816/4524 [=================>............] - ETA: 12s - loss: 581599.4006
2944/4524 [==================>...........] - ETA: 11s - loss: 581755.3234
3072/4524 [===================>..........] - ETA: 10s - loss: 581795.5339
3200/4524 [====================>.........] - ETA: 9s - loss: 581884.1075 
3328/4524 [=====================>........] - ETA: 8s - loss: 581581.5120
3456/4524 [=====================>........] - ETA: 7s - loss: 581739.8542
3584/4524 [======================>.......] - ETA: 6s - loss: 581615.0714
3712/4524 [=======================>......] - ETA: 5s - loss: 581544.4957
3840/4524 [========================>.....] - ETA: 5s - loss: 581438.2167
3968/4524 [=========================>....] - ETA: 4s - loss: 581567.2419
4096/4524 [==========================>...] - ETA: 3s - loss: 581664.0645
4224/4524 [===========================>..] - ETA: 2s - loss: 581689.0814
4352/4524 [===========================>..] - ETA: 1s - loss: 582043.0570
4480/4524 [============================>.] - ETA: 0s - loss: 581922.8393
4524/4524 [==============================] - 34s 7ms/step - loss: 582088.7277
Epoch 57/100

 128/4524 [..............................] - ETA: 32s - loss: 586840.5000
 256/4524 [>.............................] - ETA: 31s - loss: 584330.7500
 384/4524 [=>............................] - ETA: 30s - loss: 583273.1667
 512/4524 [==>...........................] - ETA: 29s - loss: 583134.0625
 640/4524 [===>..........................] - ETA: 29s - loss: 583679.8500
 768/4524 [====>.........................] - ETA: 27s - loss: 583038.5625
 896/4524 [====>.........................] - ETA: 26s - loss: 583267.5982
1024/4524 [=====>........................] - ETA: 25s - loss: 582985.9922
1152/4524 [======>.......................] - ETA: 24s - loss: 582163.5278
1280/4524 [=======>......................] - ETA: 23s - loss: 581784.6500
1408/4524 [========>.....................] - ETA: 22s - loss: 582016.7898
1536/4524 [=========>....................] - ETA: 22s - loss: 582547.0156
1664/4524 [==========>...................] - ETA: 21s - loss: 582156.3894
1792/4524 [==========>...................] - ETA: 20s - loss: 582557.3482
1920/4524 [===========>..................] - ETA: 19s - loss: 582463.4417
2048/4524 [============>.................] - ETA: 18s - loss: 582360.4844
2176/4524 [=============>................] - ETA: 17s - loss: 582241.0404
2304/4524 [==============>...............] - ETA: 16s - loss: 582666.3646
2432/4524 [===============>..............] - ETA: 15s - loss: 582801.1283
2560/4524 [===============>..............] - ETA: 14s - loss: 582531.9219
2688/4524 [================>.............] - ETA: 13s - loss: 582280.4911
2816/4524 [=================>............] - ETA: 12s - loss: 582391.3778
2944/4524 [==================>...........] - ETA: 11s - loss: 582383.1957
3072/4524 [===================>..........] - ETA: 10s - loss: 582142.1250
3200/4524 [====================>.........] - ETA: 9s - loss: 581810.6225 
3328/4524 [=====================>........] - ETA: 8s - loss: 581967.3990
3456/4524 [=====================>........] - ETA: 7s - loss: 581790.9398
3584/4524 [======================>.......] - ETA: 6s - loss: 581702.0312
3712/4524 [=======================>......] - ETA: 5s - loss: 581573.7888
3840/4524 [========================>.....] - ETA: 5s - loss: 581892.8708
3968/4524 [=========================>....] - ETA: 4s - loss: 582056.3790
4096/4524 [==========================>...] - ETA: 3s - loss: 581744.6699
4224/4524 [===========================>..] - ETA: 2s - loss: 581713.1875
4352/4524 [===========================>..] - ETA: 1s - loss: 581825.9430
4480/4524 [============================>.] - ETA: 0s - loss: 581594.6446
4524/4524 [==============================] - 34s 7ms/step - loss: 581775.2083
Epoch 58/100

 128/4524 [..............................] - ETA: 33s - loss: 583878.0625
 256/4524 [>.............................] - ETA: 31s - loss: 581516.8438
 384/4524 [=>............................] - ETA: 30s - loss: 580152.2708
 512/4524 [==>...........................] - ETA: 29s - loss: 579026.2188
 640/4524 [===>..........................] - ETA: 28s - loss: 579484.4000
 768/4524 [====>.........................] - ETA: 27s - loss: 579800.8125
 896/4524 [====>.........................] - ETA: 26s - loss: 579572.6964
1024/4524 [=====>........................] - ETA: 25s - loss: 580379.4766
1152/4524 [======>.......................] - ETA: 24s - loss: 580505.4306
1280/4524 [=======>......................] - ETA: 24s - loss: 581125.3000
1408/4524 [========>.....................] - ETA: 23s - loss: 580797.9261
1536/4524 [=========>....................] - ETA: 22s - loss: 580762.5781
1664/4524 [==========>...................] - ETA: 21s - loss: 581562.8221
1792/4524 [==========>...................] - ETA: 20s - loss: 581223.9196
1920/4524 [===========>..................] - ETA: 19s - loss: 581236.7083
2048/4524 [============>.................] - ETA: 18s - loss: 581341.0078
2176/4524 [=============>................] - ETA: 17s - loss: 580932.2757
2304/4524 [==============>...............] - ETA: 16s - loss: 580727.5382
2432/4524 [===============>..............] - ETA: 15s - loss: 581176.8750
2560/4524 [===============>..............] - ETA: 14s - loss: 580730.9125
2688/4524 [================>.............] - ETA: 13s - loss: 580581.7560
2816/4524 [=================>............] - ETA: 12s - loss: 580774.5426
2944/4524 [==================>...........] - ETA: 11s - loss: 581013.4049
3072/4524 [===================>..........] - ETA: 10s - loss: 580988.6693
3200/4524 [====================>.........] - ETA: 9s - loss: 580900.1325 
3328/4524 [=====================>........] - ETA: 8s - loss: 581162.8365
3456/4524 [=====================>........] - ETA: 7s - loss: 580874.2130
3584/4524 [======================>.......] - ETA: 6s - loss: 581023.2812
3712/4524 [=======================>......] - ETA: 5s - loss: 581116.1315
3840/4524 [========================>.....] - ETA: 5s - loss: 581262.6271
3968/4524 [=========================>....] - ETA: 4s - loss: 581134.5222
4096/4524 [==========================>...] - ETA: 3s - loss: 581256.8887
4224/4524 [===========================>..] - ETA: 2s - loss: 581144.5436
4352/4524 [===========================>..] - ETA: 1s - loss: 581141.9062
4480/4524 [============================>.] - ETA: 0s - loss: 581310.9036
4524/4524 [==============================] - 34s 7ms/step - loss: 581485.6037
Epoch 59/100

 128/4524 [..............................] - ETA: 32s - loss: 584084.6250
 256/4524 [>.............................] - ETA: 31s - loss: 583791.7188
 384/4524 [=>............................] - ETA: 30s - loss: 582472.8333
 512/4524 [==>...........................] - ETA: 30s - loss: 583234.6875
 640/4524 [===>..........................] - ETA: 29s - loss: 583132.3500
 768/4524 [====>.........................] - ETA: 28s - loss: 583238.3333
 896/4524 [====>.........................] - ETA: 27s - loss: 581779.1429
1024/4524 [=====>........................] - ETA: 26s - loss: 581948.0469
1152/4524 [======>.......................] - ETA: 25s - loss: 581463.0625
1280/4524 [=======>......................] - ETA: 24s - loss: 581225.8313
1408/4524 [========>.....................] - ETA: 23s - loss: 581418.8011
1536/4524 [=========>....................] - ETA: 22s - loss: 580878.9323
1664/4524 [==========>...................] - ETA: 21s - loss: 580733.2740
1792/4524 [==========>...................] - ETA: 20s - loss: 581186.3080
1920/4524 [===========>..................] - ETA: 19s - loss: 581042.3417
2048/4524 [============>.................] - ETA: 18s - loss: 581526.2578
2176/4524 [=============>................] - ETA: 17s - loss: 581193.1838
2304/4524 [==============>...............] - ETA: 16s - loss: 580901.9722
2432/4524 [===============>..............] - ETA: 15s - loss: 580697.5592
2560/4524 [===============>..............] - ETA: 14s - loss: 581265.8125
2688/4524 [================>.............] - ETA: 13s - loss: 581215.0774
2816/4524 [=================>............] - ETA: 12s - loss: 581417.5938
2944/4524 [==================>...........] - ETA: 11s - loss: 581613.2636
3072/4524 [===================>..........] - ETA: 10s - loss: 581433.2161
3200/4524 [====================>.........] - ETA: 9s - loss: 581409.3325 
3328/4524 [=====================>........] - ETA: 8s - loss: 581669.2812
3456/4524 [=====================>........] - ETA: 7s - loss: 581777.9560
3584/4524 [======================>.......] - ETA: 6s - loss: 581710.9152
3712/4524 [=======================>......] - ETA: 6s - loss: 581590.9828
3840/4524 [========================>.....] - ETA: 5s - loss: 581554.8854
3968/4524 [=========================>....] - ETA: 4s - loss: 581339.3972
4096/4524 [==========================>...] - ETA: 3s - loss: 581185.8770
4224/4524 [===========================>..] - ETA: 2s - loss: 581326.4470
4352/4524 [===========================>..] - ETA: 1s - loss: 581326.9890
4480/4524 [============================>.] - ETA: 0s - loss: 581354.7857
4524/4524 [==============================] - 34s 7ms/step - loss: 581528.6043
Epoch 60/100

 128/4524 [..............................] - ETA: 32s - loss: 582089.5625
 256/4524 [>.............................] - ETA: 31s - loss: 578959.8438
 384/4524 [=>............................] - ETA: 31s - loss: 579480.3125
 512/4524 [==>...........................] - ETA: 29s - loss: 580898.5156
 640/4524 [===>..........................] - ETA: 28s - loss: 579009.5750
 768/4524 [====>.........................] - ETA: 27s - loss: 579742.6875
 896/4524 [====>.........................] - ETA: 26s - loss: 578938.0893
1024/4524 [=====>........................] - ETA: 25s - loss: 579369.8906
1152/4524 [======>.......................] - ETA: 24s - loss: 579526.7500
1280/4524 [=======>......................] - ETA: 23s - loss: 579604.4125
1408/4524 [========>.....................] - ETA: 22s - loss: 579903.3807
1536/4524 [=========>....................] - ETA: 21s - loss: 579654.3385
1664/4524 [==========>...................] - ETA: 20s - loss: 579398.8413
1792/4524 [==========>...................] - ETA: 20s - loss: 578943.8348
1920/4524 [===========>..................] - ETA: 19s - loss: 579433.1292
2048/4524 [============>.................] - ETA: 18s - loss: 579421.4375
2176/4524 [=============>................] - ETA: 17s - loss: 579815.5809
2304/4524 [==============>...............] - ETA: 16s - loss: 579860.9097
2432/4524 [===============>..............] - ETA: 15s - loss: 579713.0987
2560/4524 [===============>..............] - ETA: 14s - loss: 579664.8906
2688/4524 [================>.............] - ETA: 13s - loss: 579903.0863
2816/4524 [=================>............] - ETA: 12s - loss: 579821.4517
2944/4524 [==================>...........] - ETA: 11s - loss: 579607.9592
3072/4524 [===================>..........] - ETA: 10s - loss: 579477.3464
3200/4524 [====================>.........] - ETA: 9s - loss: 579424.8425 
3328/4524 [=====================>........] - ETA: 8s - loss: 579771.6707
3456/4524 [=====================>........] - ETA: 7s - loss: 579987.7014
3584/4524 [======================>.......] - ETA: 6s - loss: 580242.9375
3712/4524 [=======================>......] - ETA: 5s - loss: 580403.4698
3840/4524 [========================>.....] - ETA: 5s - loss: 580743.5792
3968/4524 [=========================>....] - ETA: 4s - loss: 580873.5423
4096/4524 [==========================>...] - ETA: 3s - loss: 581069.0117
4224/4524 [===========================>..] - ETA: 2s - loss: 581184.7500
4352/4524 [===========================>..] - ETA: 1s - loss: 581140.1434
4480/4524 [============================>.] - ETA: 0s - loss: 581100.9179
4524/4524 [==============================] - 34s 7ms/step - loss: 581250.8587
Epoch 61/100

 128/4524 [..............................] - ETA: 32s - loss: 583460.3750
 256/4524 [>.............................] - ETA: 31s - loss: 583073.7500
 384/4524 [=>............................] - ETA: 30s - loss: 584233.7917
 512/4524 [==>...........................] - ETA: 29s - loss: 584741.6250
 640/4524 [===>..........................] - ETA: 28s - loss: 584708.4250
 768/4524 [====>.........................] - ETA: 27s - loss: 584157.9271
 896/4524 [====>.........................] - ETA: 26s - loss: 584607.3929
1024/4524 [=====>........................] - ETA: 25s - loss: 583491.8906
1152/4524 [======>.......................] - ETA: 24s - loss: 582448.9653
1280/4524 [=======>......................] - ETA: 23s - loss: 583116.9313
1408/4524 [========>.....................] - ETA: 22s - loss: 582981.6136
1536/4524 [=========>....................] - ETA: 21s - loss: 582269.1146
1664/4524 [==========>...................] - ETA: 21s - loss: 582484.7788
1792/4524 [==========>...................] - ETA: 20s - loss: 581974.0357
1920/4524 [===========>..................] - ETA: 19s - loss: 581912.1583
2048/4524 [============>.................] - ETA: 18s - loss: 582022.4727
2176/4524 [=============>................] - ETA: 17s - loss: 581835.8824
2304/4524 [==============>...............] - ETA: 16s - loss: 581673.3889
2432/4524 [===============>..............] - ETA: 15s - loss: 581326.4737
2560/4524 [===============>..............] - ETA: 14s - loss: 581392.5375
2688/4524 [================>.............] - ETA: 13s - loss: 581166.1756
2816/4524 [=================>............] - ETA: 12s - loss: 581098.1619
2944/4524 [==================>...........] - ETA: 11s - loss: 580885.2636
3072/4524 [===================>..........] - ETA: 10s - loss: 580867.0391
3200/4524 [====================>.........] - ETA: 9s - loss: 580886.0025 
3328/4524 [=====================>........] - ETA: 8s - loss: 580631.4832
3456/4524 [=====================>........] - ETA: 7s - loss: 580911.6366
3584/4524 [======================>.......] - ETA: 6s - loss: 581083.4643
3712/4524 [=======================>......] - ETA: 5s - loss: 581050.3685
3840/4524 [========================>.....] - ETA: 5s - loss: 580961.2104
3968/4524 [=========================>....] - ETA: 4s - loss: 580768.9617
4096/4524 [==========================>...] - ETA: 3s - loss: 580659.9961
4224/4524 [===========================>..] - ETA: 2s - loss: 580812.2917
4352/4524 [===========================>..] - ETA: 1s - loss: 580688.4596
4480/4524 [============================>.] - ETA: 0s - loss: 580825.5750
4524/4524 [==============================] - 33s 7ms/step - loss: 580972.7667
Epoch 62/100

 128/4524 [..............................] - ETA: 32s - loss: 583255.6250
 256/4524 [>.............................] - ETA: 31s - loss: 580197.2500
 384/4524 [=>............................] - ETA: 30s - loss: 580275.5000
 512/4524 [==>...........................] - ETA: 29s - loss: 579739.2500
 640/4524 [===>..........................] - ETA: 28s - loss: 578681.5375
 768/4524 [====>.........................] - ETA: 27s - loss: 579681.9375
 896/4524 [====>.........................] - ETA: 26s - loss: 580522.3214
1024/4524 [=====>........................] - ETA: 25s - loss: 581527.6406
1152/4524 [======>.......................] - ETA: 24s - loss: 581723.1528
1280/4524 [=======>......................] - ETA: 23s - loss: 581017.0625
1408/4524 [========>.....................] - ETA: 22s - loss: 580935.5966
1536/4524 [=========>....................] - ETA: 21s - loss: 580623.7031
1664/4524 [==========>...................] - ETA: 20s - loss: 580191.0192
1792/4524 [==========>...................] - ETA: 20s - loss: 580568.5179
1920/4524 [===========>..................] - ETA: 19s - loss: 581071.9500
2048/4524 [============>.................] - ETA: 18s - loss: 581669.2500
2176/4524 [=============>................] - ETA: 17s - loss: 581167.5515
2304/4524 [==============>...............] - ETA: 16s - loss: 580890.2188
2432/4524 [===============>..............] - ETA: 15s - loss: 580716.0395
2560/4524 [===============>..............] - ETA: 14s - loss: 580703.7688
2688/4524 [================>.............] - ETA: 13s - loss: 580814.0595
2816/4524 [=================>............] - ETA: 12s - loss: 580693.6591
2944/4524 [==================>...........] - ETA: 11s - loss: 580910.8424
3072/4524 [===================>..........] - ETA: 10s - loss: 581090.7552
3200/4524 [====================>.........] - ETA: 9s - loss: 581079.9300 
3328/4524 [=====================>........] - ETA: 8s - loss: 581352.7380
3456/4524 [=====================>........] - ETA: 7s - loss: 581382.7755
3584/4524 [======================>.......] - ETA: 6s - loss: 581389.0067
3712/4524 [=======================>......] - ETA: 5s - loss: 581365.6746
3840/4524 [========================>.....] - ETA: 5s - loss: 581086.0729
3968/4524 [=========================>....] - ETA: 4s - loss: 580897.1109
4096/4524 [==========================>...] - ETA: 3s - loss: 581063.2090
4224/4524 [===========================>..] - ETA: 2s - loss: 580960.4981
4352/4524 [===========================>..] - ETA: 1s - loss: 581142.9357
4480/4524 [============================>.] - ETA: 0s - loss: 581066.7893
4524/4524 [==============================] - 34s 7ms/step - loss: 581205.0931
Epoch 63/100

 128/4524 [..............................] - ETA: 31s - loss: 579071.5000
 256/4524 [>.............................] - ETA: 30s - loss: 577809.7188
 384/4524 [=>............................] - ETA: 30s - loss: 581285.5000
 512/4524 [==>...........................] - ETA: 29s - loss: 579701.3438
 640/4524 [===>..........................] - ETA: 28s - loss: 580612.7750
 768/4524 [====>.........................] - ETA: 27s - loss: 581345.8125
 896/4524 [====>.........................] - ETA: 26s - loss: 581775.5268
1024/4524 [=====>........................] - ETA: 25s - loss: 582390.9844
1152/4524 [======>.......................] - ETA: 24s - loss: 582471.1736
1280/4524 [=======>......................] - ETA: 23s - loss: 581799.1750
1408/4524 [========>.....................] - ETA: 22s - loss: 581993.8523
1536/4524 [=========>....................] - ETA: 21s - loss: 582027.9792
1664/4524 [==========>...................] - ETA: 20s - loss: 581511.2404
1792/4524 [==========>...................] - ETA: 20s - loss: 581255.4196
1920/4524 [===========>..................] - ETA: 19s - loss: 581462.2500
2048/4524 [============>.................] - ETA: 18s - loss: 580987.0742
2176/4524 [=============>................] - ETA: 17s - loss: 580615.8787
2304/4524 [==============>...............] - ETA: 16s - loss: 580621.3993
2432/4524 [===============>..............] - ETA: 15s - loss: 580224.0099
2560/4524 [===============>..............] - ETA: 14s - loss: 580429.2937
2688/4524 [================>.............] - ETA: 13s - loss: 580619.7679
2816/4524 [=================>............] - ETA: 12s - loss: 580837.1335
2944/4524 [==================>...........] - ETA: 11s - loss: 580687.4755
3072/4524 [===================>..........] - ETA: 10s - loss: 581022.2266
3200/4524 [====================>.........] - ETA: 9s - loss: 580878.4450 
3328/4524 [=====================>........] - ETA: 8s - loss: 580835.4111
3456/4524 [=====================>........] - ETA: 7s - loss: 581148.7801
3584/4524 [======================>.......] - ETA: 6s - loss: 581016.2656
3712/4524 [=======================>......] - ETA: 5s - loss: 580866.1228
3840/4524 [========================>.....] - ETA: 5s - loss: 580856.7688
3968/4524 [=========================>....] - ETA: 4s - loss: 580847.8125
4096/4524 [==========================>...] - ETA: 3s - loss: 580838.0254
4224/4524 [===========================>..] - ETA: 2s - loss: 580959.5777
4352/4524 [===========================>..] - ETA: 1s - loss: 580823.3548
4480/4524 [============================>.] - ETA: 0s - loss: 580745.4018
4524/4524 [==============================] - 34s 7ms/step - loss: 580885.8454
Epoch 64/100

 128/4524 [..............................] - ETA: 31s - loss: 588410.1250
 256/4524 [>.............................] - ETA: 31s - loss: 587765.3125
 384/4524 [=>............................] - ETA: 30s - loss: 586978.2708
 512/4524 [==>...........................] - ETA: 29s - loss: 584152.4219
 640/4524 [===>..........................] - ETA: 28s - loss: 584193.5125
 768/4524 [====>.........................] - ETA: 27s - loss: 583021.8125
 896/4524 [====>.........................] - ETA: 26s - loss: 581933.0536
1024/4524 [=====>........................] - ETA: 25s - loss: 581363.6094
1152/4524 [======>.......................] - ETA: 24s - loss: 580767.1389
1280/4524 [=======>......................] - ETA: 23s - loss: 579930.1250
1408/4524 [========>.....................] - ETA: 22s - loss: 580138.2670
1536/4524 [=========>....................] - ETA: 22s - loss: 579449.6823
1664/4524 [==========>...................] - ETA: 21s - loss: 579771.4519
1792/4524 [==========>...................] - ETA: 20s - loss: 579593.5625
1920/4524 [===========>..................] - ETA: 19s - loss: 580001.2167
2048/4524 [============>.................] - ETA: 18s - loss: 579991.3203
2176/4524 [=============>................] - ETA: 17s - loss: 579938.5441
2304/4524 [==============>...............] - ETA: 16s - loss: 580184.1806
2432/4524 [===============>..............] - ETA: 15s - loss: 580434.0066
2560/4524 [===============>..............] - ETA: 14s - loss: 580650.3438
2688/4524 [================>.............] - ETA: 13s - loss: 580830.0030
2816/4524 [=================>............] - ETA: 12s - loss: 580798.1080
2944/4524 [==================>...........] - ETA: 11s - loss: 580794.3424
3072/4524 [===================>..........] - ETA: 10s - loss: 581044.2969
3200/4524 [====================>.........] - ETA: 9s - loss: 580895.7425 
3328/4524 [=====================>........] - ETA: 8s - loss: 580979.9639
3456/4524 [=====================>........] - ETA: 7s - loss: 580915.4051
3584/4524 [======================>.......] - ETA: 6s - loss: 580846.5737
3712/4524 [=======================>......] - ETA: 5s - loss: 580664.9418
3840/4524 [========================>.....] - ETA: 5s - loss: 580638.4250
3968/4524 [=========================>....] - ETA: 4s - loss: 580654.0484
4096/4524 [==========================>...] - ETA: 3s - loss: 580492.8105
4224/4524 [===========================>..] - ETA: 2s - loss: 580614.1989
4352/4524 [===========================>..] - ETA: 1s - loss: 580458.9835
4480/4524 [============================>.] - ETA: 0s - loss: 580721.0554
4524/4524 [==============================] - 34s 7ms/step - loss: 580880.9347
Epoch 65/100

 128/4524 [..............................] - ETA: 31s - loss: 580899.0000
 256/4524 [>.............................] - ETA: 30s - loss: 582056.6562
 384/4524 [=>............................] - ETA: 29s - loss: 583318.3542
 512/4524 [==>...........................] - ETA: 29s - loss: 583537.2969
 640/4524 [===>..........................] - ETA: 28s - loss: 582057.3375
 768/4524 [====>.........................] - ETA: 27s - loss: 580684.6667
 896/4524 [====>.........................] - ETA: 26s - loss: 581078.1875
1024/4524 [=====>........................] - ETA: 25s - loss: 581726.2812
1152/4524 [======>.......................] - ETA: 24s - loss: 581087.4583
1280/4524 [=======>......................] - ETA: 23s - loss: 580986.7500
1408/4524 [========>.....................] - ETA: 22s - loss: 581320.7727
1536/4524 [=========>....................] - ETA: 21s - loss: 580675.0208
1664/4524 [==========>...................] - ETA: 20s - loss: 580901.2596
1792/4524 [==========>...................] - ETA: 19s - loss: 580781.3795
1920/4524 [===========>..................] - ETA: 18s - loss: 580982.6792
2048/4524 [============>.................] - ETA: 18s - loss: 581227.3945
2176/4524 [=============>................] - ETA: 17s - loss: 580972.2243
2304/4524 [==============>...............] - ETA: 16s - loss: 581449.9757
2432/4524 [===============>..............] - ETA: 15s - loss: 581515.0066
2560/4524 [===============>..............] - ETA: 14s - loss: 581450.0406
2688/4524 [================>.............] - ETA: 13s - loss: 581187.7470
2816/4524 [=================>............] - ETA: 12s - loss: 580760.6449
2944/4524 [==================>...........] - ETA: 11s - loss: 580652.2228
3072/4524 [===================>..........] - ETA: 10s - loss: 580455.5885
3200/4524 [====================>.........] - ETA: 9s - loss: 580322.7850 
3328/4524 [=====================>........] - ETA: 8s - loss: 580182.9856
3456/4524 [=====================>........] - ETA: 7s - loss: 580499.8241
3584/4524 [======================>.......] - ETA: 6s - loss: 580470.6250
3712/4524 [=======================>......] - ETA: 5s - loss: 580386.3922
3840/4524 [========================>.....] - ETA: 5s - loss: 580498.1875
3968/4524 [=========================>....] - ETA: 4s - loss: 580438.4698
4096/4524 [==========================>...] - ETA: 3s - loss: 580391.6074
4224/4524 [===========================>..] - ETA: 2s - loss: 580251.9110
4352/4524 [===========================>..] - ETA: 1s - loss: 580388.8842
4480/4524 [============================>.] - ETA: 0s - loss: 580235.7571
4524/4524 [==============================] - 33s 7ms/step - loss: 580398.6174
Epoch 66/100

 128/4524 [..............................] - ETA: 32s - loss: 571356.5000
 256/4524 [>.............................] - ETA: 31s - loss: 573050.4375
 384/4524 [=>............................] - ETA: 30s - loss: 572759.3333
 512/4524 [==>...........................] - ETA: 29s - loss: 573839.3125
 640/4524 [===>..........................] - ETA: 28s - loss: 576806.5500
 768/4524 [====>.........................] - ETA: 27s - loss: 578454.7917
 896/4524 [====>.........................] - ETA: 26s - loss: 579375.7143
1024/4524 [=====>........................] - ETA: 25s - loss: 579956.4531
1152/4524 [======>.......................] - ETA: 24s - loss: 579559.4028
1280/4524 [=======>......................] - ETA: 23s - loss: 580233.5000
1408/4524 [========>.....................] - ETA: 22s - loss: 580246.5852
1536/4524 [=========>....................] - ETA: 22s - loss: 580499.1510
1664/4524 [==========>...................] - ETA: 21s - loss: 580584.4567
1792/4524 [==========>...................] - ETA: 20s - loss: 580646.6920
1920/4524 [===========>..................] - ETA: 19s - loss: 580548.3125
2048/4524 [============>.................] - ETA: 18s - loss: 580694.7148
2176/4524 [=============>................] - ETA: 17s - loss: 580588.3493
2304/4524 [==============>...............] - ETA: 16s - loss: 580224.7361
2432/4524 [===============>..............] - ETA: 15s - loss: 580408.4211
2560/4524 [===============>..............] - ETA: 14s - loss: 580582.4688
2688/4524 [================>.............] - ETA: 13s - loss: 580278.4077
2816/4524 [=================>............] - ETA: 12s - loss: 580306.4460
2944/4524 [==================>...........] - ETA: 11s - loss: 580102.9864
3072/4524 [===================>..........] - ETA: 10s - loss: 580118.9818
3200/4524 [====================>.........] - ETA: 9s - loss: 579973.2475 
3328/4524 [=====================>........] - ETA: 8s - loss: 580175.8077
3456/4524 [=====================>........] - ETA: 7s - loss: 579930.1111
3584/4524 [======================>.......] - ETA: 6s - loss: 580110.6875
3712/4524 [=======================>......] - ETA: 5s - loss: 579942.4612
3840/4524 [========================>.....] - ETA: 5s - loss: 579950.8479
3968/4524 [=========================>....] - ETA: 4s - loss: 580132.8004
4096/4524 [==========================>...] - ETA: 3s - loss: 580262.1211
4224/4524 [===========================>..] - ETA: 2s - loss: 580217.9337
4352/4524 [===========================>..] - ETA: 1s - loss: 580123.0312
4480/4524 [============================>.] - ETA: 0s - loss: 580157.7696
4524/4524 [==============================] - 33s 7ms/step - loss: 580299.4729
Epoch 67/100

 128/4524 [..............................] - ETA: 32s - loss: 579917.1250
 256/4524 [>.............................] - ETA: 31s - loss: 583142.8125
 384/4524 [=>............................] - ETA: 30s - loss: 580926.5000
 512/4524 [==>...........................] - ETA: 29s - loss: 579860.1250
 640/4524 [===>..........................] - ETA: 28s - loss: 579679.4250
 768/4524 [====>.........................] - ETA: 27s - loss: 578904.2083
 896/4524 [====>.........................] - ETA: 26s - loss: 578874.4821
1024/4524 [=====>........................] - ETA: 25s - loss: 578748.4688
1152/4524 [======>.......................] - ETA: 24s - loss: 578993.3403
1280/4524 [=======>......................] - ETA: 23s - loss: 579291.5625
1408/4524 [========>.....................] - ETA: 23s - loss: 578888.7045
1536/4524 [=========>....................] - ETA: 22s - loss: 579407.2865
1664/4524 [==========>...................] - ETA: 21s - loss: 579020.6490
1792/4524 [==========>...................] - ETA: 20s - loss: 578779.0312
1920/4524 [===========>..................] - ETA: 19s - loss: 579109.8792
2048/4524 [============>.................] - ETA: 18s - loss: 579222.1055
2176/4524 [=============>................] - ETA: 17s - loss: 579702.7169
2304/4524 [==============>...............] - ETA: 16s - loss: 579912.7465
2432/4524 [===============>..............] - ETA: 15s - loss: 580115.4868
2560/4524 [===============>..............] - ETA: 14s - loss: 579962.2406
2688/4524 [================>.............] - ETA: 13s - loss: 579770.1756
2816/4524 [=================>............] - ETA: 12s - loss: 579979.2102
2944/4524 [==================>...........] - ETA: 11s - loss: 580324.6332
3072/4524 [===================>..........] - ETA: 10s - loss: 579993.4141
3200/4524 [====================>.........] - ETA: 9s - loss: 580088.8500 
3328/4524 [=====================>........] - ETA: 8s - loss: 580287.3510
3456/4524 [=====================>........] - ETA: 7s - loss: 580023.2963
3584/4524 [======================>.......] - ETA: 6s - loss: 580011.3326
3712/4524 [=======================>......] - ETA: 5s - loss: 580074.4116
3840/4524 [========================>.....] - ETA: 5s - loss: 580188.8104
3968/4524 [=========================>....] - ETA: 4s - loss: 580118.2117
4096/4524 [==========================>...] - ETA: 3s - loss: 580065.2812
4224/4524 [===========================>..] - ETA: 2s - loss: 579944.2405
4352/4524 [===========================>..] - ETA: 1s - loss: 580008.9761
4480/4524 [============================>.] - ETA: 0s - loss: 580103.9554
4524/4524 [==============================] - 34s 7ms/step - loss: 580239.2249
Epoch 68/100

 128/4524 [..............................] - ETA: 32s - loss: 574733.2500
 256/4524 [>.............................] - ETA: 31s - loss: 578794.2812
 384/4524 [=>............................] - ETA: 30s - loss: 577778.3542
 512/4524 [==>...........................] - ETA: 29s - loss: 577623.7656
 640/4524 [===>..........................] - ETA: 28s - loss: 578988.6625
 768/4524 [====>.........................] - ETA: 27s - loss: 578438.9375
 896/4524 [====>.........................] - ETA: 26s - loss: 579351.4911
1024/4524 [=====>........................] - ETA: 25s - loss: 579879.8594
1152/4524 [======>.......................] - ETA: 24s - loss: 579825.5139
1280/4524 [=======>......................] - ETA: 24s - loss: 579255.2125
1408/4524 [========>.....................] - ETA: 23s - loss: 579099.3523
1536/4524 [=========>....................] - ETA: 22s - loss: 578722.4062
1664/4524 [==========>...................] - ETA: 21s - loss: 578754.5962
1792/4524 [==========>...................] - ETA: 20s - loss: 579322.8571
1920/4524 [===========>..................] - ETA: 19s - loss: 579886.1417
2048/4524 [============>.................] - ETA: 18s - loss: 579838.6992
2176/4524 [=============>................] - ETA: 17s - loss: 579983.3272
2304/4524 [==============>...............] - ETA: 16s - loss: 580080.1458
2432/4524 [===============>..............] - ETA: 15s - loss: 580147.0000
2560/4524 [===============>..............] - ETA: 14s - loss: 579991.8688
2688/4524 [================>.............] - ETA: 13s - loss: 579602.5357
2816/4524 [=================>............] - ETA: 12s - loss: 579637.8125
2944/4524 [==================>...........] - ETA: 11s - loss: 579449.6766
3072/4524 [===================>..........] - ETA: 10s - loss: 579244.3516
3200/4524 [====================>.........] - ETA: 9s - loss: 579447.0425 
3328/4524 [=====================>........] - ETA: 8s - loss: 579805.9712
3456/4524 [=====================>........] - ETA: 7s - loss: 579805.3750
3584/4524 [======================>.......] - ETA: 6s - loss: 579658.4598
3712/4524 [=======================>......] - ETA: 5s - loss: 579380.5302
3840/4524 [========================>.....] - ETA: 5s - loss: 579537.5708
3968/4524 [=========================>....] - ETA: 4s - loss: 579691.4556
4096/4524 [==========================>...] - ETA: 3s - loss: 579881.0781
4224/4524 [===========================>..] - ETA: 2s - loss: 579836.3712
4352/4524 [===========================>..] - ETA: 1s - loss: 579899.5478
4480/4524 [============================>.] - ETA: 0s - loss: 579927.5696
4524/4524 [==============================] - 34s 7ms/step - loss: 580073.0764
Epoch 69/100

 128/4524 [..............................] - ETA: 31s - loss: 581227.6250
 256/4524 [>.............................] - ETA: 31s - loss: 583466.7188
 384/4524 [=>............................] - ETA: 30s - loss: 581279.2292
 512/4524 [==>...........................] - ETA: 29s - loss: 581498.9531
 640/4524 [===>..........................] - ETA: 28s - loss: 581176.6250
 768/4524 [====>.........................] - ETA: 27s - loss: 580480.7083
 896/4524 [====>.........................] - ETA: 26s - loss: 580314.4911
1024/4524 [=====>........................] - ETA: 25s - loss: 580544.0938
1152/4524 [======>.......................] - ETA: 24s - loss: 580166.3611
1280/4524 [=======>......................] - ETA: 23s - loss: 579617.5312
1408/4524 [========>.....................] - ETA: 22s - loss: 579259.5739
1536/4524 [=========>....................] - ETA: 22s - loss: 579297.2552
1664/4524 [==========>...................] - ETA: 21s - loss: 578659.2740
1792/4524 [==========>...................] - ETA: 20s - loss: 578661.4062
1920/4524 [===========>..................] - ETA: 19s - loss: 578518.7667
2048/4524 [============>.................] - ETA: 18s - loss: 578582.5156
2176/4524 [=============>................] - ETA: 17s - loss: 578718.7647
2304/4524 [==============>...............] - ETA: 16s - loss: 578825.9444
2432/4524 [===============>..............] - ETA: 15s - loss: 579250.1020
2560/4524 [===============>..............] - ETA: 14s - loss: 579632.2531
2688/4524 [================>.............] - ETA: 13s - loss: 580027.2321
2816/4524 [=================>............] - ETA: 12s - loss: 580382.8580
2944/4524 [==================>...........] - ETA: 11s - loss: 580442.3859
3072/4524 [===================>..........] - ETA: 10s - loss: 580637.8385
3200/4524 [====================>.........] - ETA: 9s - loss: 580797.3575 
3328/4524 [=====================>........] - ETA: 8s - loss: 580508.5889
3456/4524 [=====================>........] - ETA: 7s - loss: 580387.0023
3584/4524 [======================>.......] - ETA: 6s - loss: 580335.6451
3712/4524 [=======================>......] - ETA: 5s - loss: 580233.0582
3840/4524 [========================>.....] - ETA: 5s - loss: 580342.1250
3968/4524 [=========================>....] - ETA: 4s - loss: 580574.1734
4096/4524 [==========================>...] - ETA: 3s - loss: 580677.2715
4224/4524 [===========================>..] - ETA: 2s - loss: 580526.9981
4352/4524 [===========================>..] - ETA: 1s - loss: 580467.9393
4480/4524 [============================>.] - ETA: 0s - loss: 580248.6375
4524/4524 [==============================] - 34s 7ms/step - loss: 580386.1277
Epoch 70/100

 128/4524 [..............................] - ETA: 31s - loss: 580978.4375
 256/4524 [>.............................] - ETA: 31s - loss: 577696.4062
 384/4524 [=>............................] - ETA: 29s - loss: 578832.7500
 512/4524 [==>...........................] - ETA: 29s - loss: 579632.6875
 640/4524 [===>..........................] - ETA: 28s - loss: 579517.3250
 768/4524 [====>.........................] - ETA: 27s - loss: 579113.8229
 896/4524 [====>.........................] - ETA: 26s - loss: 580396.5357
1024/4524 [=====>........................] - ETA: 25s - loss: 581210.6562
1152/4524 [======>.......................] - ETA: 24s - loss: 581633.1389
1280/4524 [=======>......................] - ETA: 23s - loss: 581798.2625
1408/4524 [========>.....................] - ETA: 22s - loss: 581784.5511
1536/4524 [=========>....................] - ETA: 21s - loss: 582141.0312
1664/4524 [==========>...................] - ETA: 21s - loss: 582033.7500
1792/4524 [==========>...................] - ETA: 20s - loss: 581964.0268
1920/4524 [===========>..................] - ETA: 19s - loss: 581589.2083
2048/4524 [============>.................] - ETA: 18s - loss: 581185.1484
2176/4524 [=============>................] - ETA: 17s - loss: 581337.3235
2304/4524 [==============>...............] - ETA: 16s - loss: 581498.9306
2432/4524 [===============>..............] - ETA: 15s - loss: 581134.8421
2560/4524 [===============>..............] - ETA: 14s - loss: 581284.3281
2688/4524 [================>.............] - ETA: 13s - loss: 581225.1756
2816/4524 [=================>............] - ETA: 12s - loss: 581397.6932
2944/4524 [==================>...........] - ETA: 11s - loss: 581456.2609
3072/4524 [===================>..........] - ETA: 10s - loss: 581290.4479
3200/4524 [====================>.........] - ETA: 9s - loss: 581128.5875 
3328/4524 [=====================>........] - ETA: 8s - loss: 581307.9183
3456/4524 [=====================>........] - ETA: 7s - loss: 581374.3079
3584/4524 [======================>.......] - ETA: 6s - loss: 581034.3080
3712/4524 [=======================>......] - ETA: 5s - loss: 580844.8427
3840/4524 [========================>.....] - ETA: 5s - loss: 580716.4062
3968/4524 [=========================>....] - ETA: 4s - loss: 580761.2440
4096/4524 [==========================>...] - ETA: 3s - loss: 580618.7090
4224/4524 [===========================>..] - ETA: 2s - loss: 580483.7519
4352/4524 [===========================>..] - ETA: 1s - loss: 580401.2978
4480/4524 [============================>.] - ETA: 0s - loss: 580169.5750
4524/4524 [==============================] - 34s 7ms/step - loss: 580300.5786
Epoch 71/100

 128/4524 [..............................] - ETA: 31s - loss: 582046.5000
 256/4524 [>.............................] - ETA: 30s - loss: 578715.2500
 384/4524 [=>............................] - ETA: 29s - loss: 579149.9167
 512/4524 [==>...........................] - ETA: 28s - loss: 580555.2344
 640/4524 [===>..........................] - ETA: 28s - loss: 580593.7375
 768/4524 [====>.........................] - ETA: 27s - loss: 580027.7188
 896/4524 [====>.........................] - ETA: 26s - loss: 578696.9732
1024/4524 [=====>........................] - ETA: 25s - loss: 578733.3359
1152/4524 [======>.......................] - ETA: 24s - loss: 578230.7639
1280/4524 [=======>......................] - ETA: 23s - loss: 578936.4875
1408/4524 [========>.....................] - ETA: 22s - loss: 578683.7955
1536/4524 [=========>....................] - ETA: 21s - loss: 578768.2604
1664/4524 [==========>...................] - ETA: 21s - loss: 578405.9038
1792/4524 [==========>...................] - ETA: 20s - loss: 578469.4911
1920/4524 [===========>..................] - ETA: 19s - loss: 579081.8250
2048/4524 [============>.................] - ETA: 18s - loss: 579338.4375
2176/4524 [=============>................] - ETA: 17s - loss: 579199.0588
2304/4524 [==============>...............] - ETA: 16s - loss: 578751.1076
2432/4524 [===============>..............] - ETA: 15s - loss: 579047.3125
2560/4524 [===============>..............] - ETA: 14s - loss: 579246.2094
2688/4524 [================>.............] - ETA: 13s - loss: 579251.4107
2816/4524 [=================>............] - ETA: 12s - loss: 579481.6591
2944/4524 [==================>...........] - ETA: 11s - loss: 579365.9457
3072/4524 [===================>..........] - ETA: 10s - loss: 579211.3229
3200/4524 [====================>.........] - ETA: 9s - loss: 578948.0800 
3328/4524 [=====================>........] - ETA: 8s - loss: 579053.6827
3456/4524 [=====================>........] - ETA: 7s - loss: 579324.2407
3584/4524 [======================>.......] - ETA: 6s - loss: 579129.1272
3712/4524 [=======================>......] - ETA: 6s - loss: 579405.6142
3840/4524 [========================>.....] - ETA: 5s - loss: 579540.7937
3968/4524 [=========================>....] - ETA: 4s - loss: 579686.8851
4096/4524 [==========================>...] - ETA: 3s - loss: 579568.5293
4224/4524 [===========================>..] - ETA: 2s - loss: 579453.5777
4352/4524 [===========================>..] - ETA: 1s - loss: 579473.8621
4480/4524 [============================>.] - ETA: 0s - loss: 579553.1804
4524/4524 [==============================] - 34s 7ms/step - loss: 579702.2062
Epoch 72/100

 128/4524 [..............................] - ETA: 33s - loss: 579327.1875
 256/4524 [>.............................] - ETA: 32s - loss: 581004.9688
 384/4524 [=>............................] - ETA: 30s - loss: 582336.3125
 512/4524 [==>...........................] - ETA: 29s - loss: 580164.5938
 640/4524 [===>..........................] - ETA: 28s - loss: 580452.3125
 768/4524 [====>.........................] - ETA: 27s - loss: 580257.8229
 896/4524 [====>.........................] - ETA: 26s - loss: 581225.1518
1024/4524 [=====>........................] - ETA: 25s - loss: 580941.0312
1152/4524 [======>.......................] - ETA: 24s - loss: 580715.3542
1280/4524 [=======>......................] - ETA: 23s - loss: 580710.3313
1408/4524 [========>.....................] - ETA: 23s - loss: 580960.4773
1536/4524 [=========>....................] - ETA: 22s - loss: 580591.5677
1664/4524 [==========>...................] - ETA: 21s - loss: 580131.4471
1792/4524 [==========>...................] - ETA: 20s - loss: 580134.2321
1920/4524 [===========>..................] - ETA: 19s - loss: 580123.3333
2048/4524 [============>.................] - ETA: 18s - loss: 579797.2031
2176/4524 [=============>................] - ETA: 17s - loss: 579518.2096
2304/4524 [==============>...............] - ETA: 16s - loss: 579074.0174
2432/4524 [===============>..............] - ETA: 15s - loss: 579350.1283
2560/4524 [===============>..............] - ETA: 14s - loss: 579560.8031
2688/4524 [================>.............] - ETA: 13s - loss: 579377.6577
2816/4524 [=================>............] - ETA: 12s - loss: 579699.9176
2944/4524 [==================>...........] - ETA: 11s - loss: 579448.5571
3072/4524 [===================>..........] - ETA: 10s - loss: 579286.2109
3200/4524 [====================>.........] - ETA: 9s - loss: 579229.6250 
3328/4524 [=====================>........] - ETA: 8s - loss: 579305.2043
3456/4524 [=====================>........] - ETA: 7s - loss: 579507.6782
3584/4524 [======================>.......] - ETA: 6s - loss: 579493.5201
3712/4524 [=======================>......] - ETA: 5s - loss: 579637.1940
3840/4524 [========================>.....] - ETA: 5s - loss: 579571.4875
3968/4524 [=========================>....] - ETA: 4s - loss: 579673.6331
4096/4524 [==========================>...] - ETA: 3s - loss: 579536.6641
4224/4524 [===========================>..] - ETA: 2s - loss: 579642.1402
4352/4524 [===========================>..] - ETA: 1s - loss: 579506.8566
4480/4524 [============================>.] - ETA: 0s - loss: 579277.6679
4524/4524 [==============================] - 34s 7ms/step - loss: 579421.7586
Epoch 73/100

 128/4524 [..............................] - ETA: 31s - loss: 576149.6250
 256/4524 [>.............................] - ETA: 30s - loss: 579674.0312
 384/4524 [=>............................] - ETA: 29s - loss: 579422.5208
 512/4524 [==>...........................] - ETA: 29s - loss: 578131.4531
 640/4524 [===>..........................] - ETA: 28s - loss: 577826.2625
 768/4524 [====>.........................] - ETA: 27s - loss: 579428.8646
 896/4524 [====>.........................] - ETA: 26s - loss: 578886.3482
1024/4524 [=====>........................] - ETA: 25s - loss: 578820.7109
1152/4524 [======>.......................] - ETA: 24s - loss: 578261.2431
1280/4524 [=======>......................] - ETA: 23s - loss: 578689.1438
1408/4524 [========>.....................] - ETA: 22s - loss: 578253.6136
1536/4524 [=========>....................] - ETA: 21s - loss: 579095.0833
1664/4524 [==========>...................] - ETA: 20s - loss: 579438.2981
1792/4524 [==========>...................] - ETA: 19s - loss: 579097.8750
1920/4524 [===========>..................] - ETA: 19s - loss: 579177.9333
2048/4524 [============>.................] - ETA: 18s - loss: 579222.0352
2176/4524 [=============>................] - ETA: 17s - loss: 579239.2610
2304/4524 [==============>...............] - ETA: 16s - loss: 579440.9792
2432/4524 [===============>..............] - ETA: 15s - loss: 579529.6382
2560/4524 [===============>..............] - ETA: 14s - loss: 579383.1312
2688/4524 [================>.............] - ETA: 13s - loss: 579186.4256
2816/4524 [=================>............] - ETA: 12s - loss: 579407.6080
2944/4524 [==================>...........] - ETA: 11s - loss: 579691.0761
3072/4524 [===================>..........] - ETA: 10s - loss: 579412.9375
3200/4524 [====================>.........] - ETA: 9s - loss: 579489.6150 
3328/4524 [=====================>........] - ETA: 8s - loss: 579689.9159
3456/4524 [=====================>........] - ETA: 7s - loss: 579403.9884
3584/4524 [======================>.......] - ETA: 6s - loss: 579100.8549
3712/4524 [=======================>......] - ETA: 5s - loss: 579116.2478
3840/4524 [========================>.....] - ETA: 5s - loss: 579241.5437
3968/4524 [=========================>....] - ETA: 4s - loss: 579147.5746
4096/4524 [==========================>...] - ETA: 3s - loss: 579290.8379
4224/4524 [===========================>..] - ETA: 2s - loss: 579276.7027
4352/4524 [===========================>..] - ETA: 1s - loss: 579128.5901
4480/4524 [============================>.] - ETA: 0s - loss: 579201.2982
4524/4524 [==============================] - 33s 7ms/step - loss: 579325.9662
Epoch 74/100

 128/4524 [..............................] - ETA: 31s - loss: 570246.5000
 256/4524 [>.............................] - ETA: 31s - loss: 574479.3750
 384/4524 [=>............................] - ETA: 30s - loss: 573116.3125
 512/4524 [==>...........................] - ETA: 29s - loss: 573868.6406
 640/4524 [===>..........................] - ETA: 28s - loss: 574045.4875
 768/4524 [====>.........................] - ETA: 27s - loss: 576364.3646
 896/4524 [====>.........................] - ETA: 26s - loss: 575869.6875
1024/4524 [=====>........................] - ETA: 25s - loss: 576298.0703
1152/4524 [======>.......................] - ETA: 24s - loss: 576716.2361
1280/4524 [=======>......................] - ETA: 23s - loss: 576493.3625
1408/4524 [========>.....................] - ETA: 22s - loss: 577013.3182
1536/4524 [=========>....................] - ETA: 21s - loss: 576591.3073
1664/4524 [==========>...................] - ETA: 20s - loss: 577156.9231
1792/4524 [==========>...................] - ETA: 19s - loss: 576982.9554
1920/4524 [===========>..................] - ETA: 19s - loss: 576861.1042
2048/4524 [============>.................] - ETA: 18s - loss: 577247.0508
2176/4524 [=============>................] - ETA: 17s - loss: 577319.2132
2304/4524 [==============>...............] - ETA: 16s - loss: 577550.3160
2432/4524 [===============>..............] - ETA: 15s - loss: 577491.5625
2560/4524 [===============>..............] - ETA: 14s - loss: 577743.1781
2688/4524 [================>.............] - ETA: 13s - loss: 577981.9494
2816/4524 [=================>............] - ETA: 12s - loss: 578130.7614
2944/4524 [==================>...........] - ETA: 11s - loss: 578095.6793
3072/4524 [===================>..........] - ETA: 10s - loss: 578369.8984
3200/4524 [====================>.........] - ETA: 9s - loss: 578431.0775 
3328/4524 [=====================>........] - ETA: 8s - loss: 578480.7861
3456/4524 [=====================>........] - ETA: 7s - loss: 578747.9606
3584/4524 [======================>.......] - ETA: 6s - loss: 578763.6406
3712/4524 [=======================>......] - ETA: 5s - loss: 578740.2047
3840/4524 [========================>.....] - ETA: 5s - loss: 578910.6750
3968/4524 [=========================>....] - ETA: 4s - loss: 579085.5060
4096/4524 [==========================>...] - ETA: 3s - loss: 578958.4980
4224/4524 [===========================>..] - ETA: 2s - loss: 579102.0303
4352/4524 [===========================>..] - ETA: 1s - loss: 579213.3254
4480/4524 [============================>.] - ETA: 0s - loss: 579065.5089
4524/4524 [==============================] - 33s 7ms/step - loss: 579193.1346
Epoch 75/100

 128/4524 [..............................] - ETA: 31s - loss: 573329.5000
 256/4524 [>.............................] - ETA: 31s - loss: 574452.7812
 384/4524 [=>............................] - ETA: 30s - loss: 577106.1042
 512/4524 [==>...........................] - ETA: 29s - loss: 577455.2500
 640/4524 [===>..........................] - ETA: 28s - loss: 578523.2375
 768/4524 [====>.........................] - ETA: 27s - loss: 578233.2708
 896/4524 [====>.........................] - ETA: 26s - loss: 578987.8482
1024/4524 [=====>........................] - ETA: 25s - loss: 578935.5547
1152/4524 [======>.......................] - ETA: 24s - loss: 579560.5972
1280/4524 [=======>......................] - ETA: 23s - loss: 580095.2250
1408/4524 [========>.....................] - ETA: 22s - loss: 579665.5114
1536/4524 [=========>....................] - ETA: 21s - loss: 579343.7760
1664/4524 [==========>...................] - ETA: 21s - loss: 579385.8558
1792/4524 [==========>...................] - ETA: 20s - loss: 578932.0000
1920/4524 [===========>..................] - ETA: 19s - loss: 579050.7500
2048/4524 [============>.................] - ETA: 18s - loss: 579213.5781
2176/4524 [=============>................] - ETA: 17s - loss: 578734.5000
2304/4524 [==============>...............] - ETA: 16s - loss: 578746.5799
2432/4524 [===============>..............] - ETA: 15s - loss: 578634.5691
2560/4524 [===============>..............] - ETA: 14s - loss: 578883.2469
2688/4524 [================>.............] - ETA: 13s - loss: 578939.3780
2816/4524 [=================>............] - ETA: 12s - loss: 579213.9347
2944/4524 [==================>...........] - ETA: 11s - loss: 579173.6902
3072/4524 [===================>..........] - ETA: 10s - loss: 578921.0521
3200/4524 [====================>.........] - ETA: 9s - loss: 579106.0800 
3328/4524 [=====================>........] - ETA: 8s - loss: 578779.9038
3456/4524 [=====================>........] - ETA: 7s - loss: 578639.0648
3584/4524 [======================>.......] - ETA: 6s - loss: 578822.8817
3712/4524 [=======================>......] - ETA: 5s - loss: 578712.3405
3840/4524 [========================>.....] - ETA: 5s - loss: 579041.1667
3968/4524 [=========================>....] - ETA: 4s - loss: 578963.2702
4096/4524 [==========================>...] - ETA: 3s - loss: 579061.7578
4224/4524 [===========================>..] - ETA: 2s - loss: 579075.0833
4352/4524 [===========================>..] - ETA: 1s - loss: 578980.8309
4480/4524 [============================>.] - ETA: 0s - loss: 579094.5161
4524/4524 [==============================] - 34s 7ms/step - loss: 579205.9499
Epoch 76/100

 128/4524 [..............................] - ETA: 32s - loss: 579356.5000
 256/4524 [>.............................] - ETA: 31s - loss: 577303.6875
 384/4524 [=>............................] - ETA: 30s - loss: 578318.7083
 512/4524 [==>...........................] - ETA: 29s - loss: 579368.9844
 640/4524 [===>..........................] - ETA: 28s - loss: 580506.1250
 768/4524 [====>.........................] - ETA: 27s - loss: 581315.7604
 896/4524 [====>.........................] - ETA: 26s - loss: 580437.0625
1024/4524 [=====>........................] - ETA: 25s - loss: 579927.0781
1152/4524 [======>.......................] - ETA: 24s - loss: 579748.6458
1280/4524 [=======>......................] - ETA: 23s - loss: 580011.7188
1408/4524 [========>.....................] - ETA: 22s - loss: 580193.1989
1536/4524 [=========>....................] - ETA: 21s - loss: 580477.2031
1664/4524 [==========>...................] - ETA: 21s - loss: 580038.5721
1792/4524 [==========>...................] - ETA: 20s - loss: 580064.0357
1920/4524 [===========>..................] - ETA: 19s - loss: 579971.4250
2048/4524 [============>.................] - ETA: 18s - loss: 580191.3242
2176/4524 [=============>................] - ETA: 17s - loss: 580099.9890
2304/4524 [==============>...............] - ETA: 16s - loss: 579902.9479
2432/4524 [===============>..............] - ETA: 15s - loss: 579643.1414
2560/4524 [===============>..............] - ETA: 14s - loss: 579205.8844
2688/4524 [================>.............] - ETA: 13s - loss: 579490.5417
2816/4524 [=================>............] - ETA: 12s - loss: 579209.6676
2944/4524 [==================>...........] - ETA: 11s - loss: 579341.3777
3072/4524 [===================>..........] - ETA: 10s - loss: 579189.2474
3200/4524 [====================>.........] - ETA: 9s - loss: 578846.2775 
3328/4524 [=====================>........] - ETA: 8s - loss: 578894.0889
3456/4524 [=====================>........] - ETA: 7s - loss: 578868.2361
3584/4524 [======================>.......] - ETA: 6s - loss: 578781.5402
3712/4524 [=======================>......] - ETA: 5s - loss: 578929.8190
3840/4524 [========================>.....] - ETA: 5s - loss: 578747.9437
3968/4524 [=========================>....] - ETA: 4s - loss: 578702.1673
4096/4524 [==========================>...] - ETA: 3s - loss: 578534.1738
4224/4524 [===========================>..] - ETA: 2s - loss: 578691.8958
4352/4524 [===========================>..] - ETA: 1s - loss: 578973.8327
4480/4524 [============================>.] - ETA: 0s - loss: 579028.4268
4524/4524 [==============================] - 34s 7ms/step - loss: 579166.4162
Epoch 77/100

 128/4524 [..............................] - ETA: 32s - loss: 572722.2500
 256/4524 [>.............................] - ETA: 31s - loss: 571265.4062
 384/4524 [=>............................] - ETA: 30s - loss: 572279.0208
 512/4524 [==>...........................] - ETA: 29s - loss: 573750.7344
 640/4524 [===>..........................] - ETA: 28s - loss: 575660.4625
 768/4524 [====>.........................] - ETA: 27s - loss: 575017.8438
 896/4524 [====>.........................] - ETA: 26s - loss: 576082.9821
1024/4524 [=====>........................] - ETA: 25s - loss: 577402.5938
1152/4524 [======>.......................] - ETA: 24s - loss: 577307.1250
1280/4524 [=======>......................] - ETA: 23s - loss: 577213.5875
1408/4524 [========>.....................] - ETA: 22s - loss: 577826.9659
1536/4524 [=========>....................] - ETA: 21s - loss: 577619.1771
1664/4524 [==========>...................] - ETA: 20s - loss: 577768.0144
1792/4524 [==========>...................] - ETA: 20s - loss: 578079.3259
1920/4524 [===========>..................] - ETA: 19s - loss: 578425.1917
2048/4524 [============>.................] - ETA: 18s - loss: 578479.3203
2176/4524 [=============>................] - ETA: 17s - loss: 578729.5074
2304/4524 [==============>...............] - ETA: 16s - loss: 579079.4167
2432/4524 [===============>..............] - ETA: 15s - loss: 579323.9704
2560/4524 [===============>..............] - ETA: 14s - loss: 579278.1750
2688/4524 [================>.............] - ETA: 13s - loss: 579428.9107
2816/4524 [=================>............] - ETA: 12s - loss: 579394.8750
2944/4524 [==================>...........] - ETA: 11s - loss: 579277.8587
3072/4524 [===================>..........] - ETA: 10s - loss: 579145.1250
3200/4524 [====================>.........] - ETA: 9s - loss: 579204.8075 
3328/4524 [=====================>........] - ETA: 8s - loss: 578992.0120
3456/4524 [=====================>........] - ETA: 7s - loss: 578973.1227
3584/4524 [======================>.......] - ETA: 6s - loss: 579063.4420
3712/4524 [=======================>......] - ETA: 5s - loss: 578920.9741
3840/4524 [========================>.....] - ETA: 5s - loss: 578727.2000
3968/4524 [=========================>....] - ETA: 4s - loss: 579005.4516
4096/4524 [==========================>...] - ETA: 3s - loss: 579219.4766
4224/4524 [===========================>..] - ETA: 2s - loss: 579290.5265
4352/4524 [===========================>..] - ETA: 1s - loss: 579185.2868
4480/4524 [============================>.] - ETA: 0s - loss: 578967.7482
4524/4524 [==============================] - 34s 7ms/step - loss: 579088.4832
Epoch 78/100

 128/4524 [..............................] - ETA: 33s - loss: 582689.9375
 256/4524 [>.............................] - ETA: 31s - loss: 583674.5938
 384/4524 [=>............................] - ETA: 30s - loss: 580723.1875
 512/4524 [==>...........................] - ETA: 29s - loss: 580517.1719
 640/4524 [===>..........................] - ETA: 28s - loss: 581365.2375
 768/4524 [====>.........................] - ETA: 27s - loss: 580149.6042
 896/4524 [====>.........................] - ETA: 26s - loss: 578671.2321
1024/4524 [=====>........................] - ETA: 25s - loss: 578337.0469
1152/4524 [======>.......................] - ETA: 24s - loss: 577898.6389
1280/4524 [=======>......................] - ETA: 23s - loss: 577946.6312
1408/4524 [========>.....................] - ETA: 22s - loss: 577576.8807
1536/4524 [=========>....................] - ETA: 21s - loss: 578049.6615
1664/4524 [==========>...................] - ETA: 21s - loss: 578574.6538
1792/4524 [==========>...................] - ETA: 20s - loss: 578668.8750
1920/4524 [===========>..................] - ETA: 19s - loss: 578477.6583
2048/4524 [============>.................] - ETA: 18s - loss: 578927.8008
2176/4524 [=============>................] - ETA: 17s - loss: 578718.4779
2304/4524 [==============>...............] - ETA: 16s - loss: 579000.8958
2432/4524 [===============>..............] - ETA: 15s - loss: 579190.6842
2560/4524 [===============>..............] - ETA: 14s - loss: 578999.5969
2688/4524 [================>.............] - ETA: 13s - loss: 578907.9970
2816/4524 [=================>............] - ETA: 12s - loss: 578602.6250
2944/4524 [==================>...........] - ETA: 11s - loss: 578554.9130
3072/4524 [===================>..........] - ETA: 10s - loss: 578381.0052
3200/4524 [====================>.........] - ETA: 9s - loss: 578614.9150 
3328/4524 [=====================>........] - ETA: 8s - loss: 578695.8630
3456/4524 [=====================>........] - ETA: 7s - loss: 578744.1157
3584/4524 [======================>.......] - ETA: 6s - loss: 578790.6696
3712/4524 [=======================>......] - ETA: 5s - loss: 578795.0905
3840/4524 [========================>.....] - ETA: 5s - loss: 578845.9396
3968/4524 [=========================>....] - ETA: 4s - loss: 578999.4617
4096/4524 [==========================>...] - ETA: 3s - loss: 579174.0410
4224/4524 [===========================>..] - ETA: 2s - loss: 579038.5890
4352/4524 [===========================>..] - ETA: 1s - loss: 579156.9154
4480/4524 [============================>.] - ETA: 0s - loss: 579214.9125
4524/4524 [==============================] - 34s 7ms/step - loss: 579334.9195
Epoch 79/100

 128/4524 [..............................] - ETA: 32s - loss: 579919.0000
 256/4524 [>.............................] - ETA: 32s - loss: 579636.3125
 384/4524 [=>............................] - ETA: 30s - loss: 578857.4583
 512/4524 [==>...........................] - ETA: 29s - loss: 578923.8438
 640/4524 [===>..........................] - ETA: 28s - loss: 580023.2125
 768/4524 [====>.........................] - ETA: 27s - loss: 579138.3229
 896/4524 [====>.........................] - ETA: 26s - loss: 578727.5357
1024/4524 [=====>........................] - ETA: 25s - loss: 579190.2344
1152/4524 [======>.......................] - ETA: 24s - loss: 579970.6944
1280/4524 [=======>......................] - ETA: 23s - loss: 580137.2312
1408/4524 [========>.....................] - ETA: 23s - loss: 579607.4318
1536/4524 [=========>....................] - ETA: 22s - loss: 579167.1979
1664/4524 [==========>...................] - ETA: 21s - loss: 579144.2981
1792/4524 [==========>...................] - ETA: 20s - loss: 578752.7857
1920/4524 [===========>..................] - ETA: 19s - loss: 578180.3167
2048/4524 [============>.................] - ETA: 18s - loss: 578216.6406
2176/4524 [=============>................] - ETA: 17s - loss: 578086.8199
2304/4524 [==============>...............] - ETA: 16s - loss: 578088.4479
2432/4524 [===============>..............] - ETA: 15s - loss: 578473.1217
2560/4524 [===============>..............] - ETA: 14s - loss: 578285.4969
2688/4524 [================>.............] - ETA: 13s - loss: 578502.2411
2816/4524 [=================>............] - ETA: 12s - loss: 578849.0938
2944/4524 [==================>...........] - ETA: 11s - loss: 578592.1332
3072/4524 [===================>..........] - ETA: 10s - loss: 578781.8698
3200/4524 [====================>.........] - ETA: 9s - loss: 578633.9550 
3328/4524 [=====================>........] - ETA: 8s - loss: 578558.1707
3456/4524 [=====================>........] - ETA: 7s - loss: 578707.5162
3584/4524 [======================>.......] - ETA: 6s - loss: 578408.1964
3712/4524 [=======================>......] - ETA: 5s - loss: 578435.5733
3840/4524 [========================>.....] - ETA: 5s - loss: 578572.5958
3968/4524 [=========================>....] - ETA: 4s - loss: 578744.2500
4096/4524 [==========================>...] - ETA: 3s - loss: 578549.6211
4224/4524 [===========================>..] - ETA: 2s - loss: 578626.4470
4352/4524 [===========================>..] - ETA: 1s - loss: 578762.2739
4480/4524 [============================>.] - ETA: 0s - loss: 578844.7304
4524/4524 [==============================] - 34s 7ms/step - loss: 578960.9193
Epoch 80/100

 128/4524 [..............................] - ETA: 33s - loss: 576822.7500
 256/4524 [>.............................] - ETA: 31s - loss: 574260.3750
 384/4524 [=>............................] - ETA: 30s - loss: 578042.5833
 512/4524 [==>...........................] - ETA: 29s - loss: 578254.7656
 640/4524 [===>..........................] - ETA: 28s - loss: 579283.4375
 768/4524 [====>.........................] - ETA: 27s - loss: 579879.8229
 896/4524 [====>.........................] - ETA: 26s - loss: 579799.7946
1024/4524 [=====>........................] - ETA: 25s - loss: 579675.7812
1152/4524 [======>.......................] - ETA: 24s - loss: 579222.6667
1280/4524 [=======>......................] - ETA: 23s - loss: 578720.0625
1408/4524 [========>.....................] - ETA: 22s - loss: 578482.8636
1536/4524 [=========>....................] - ETA: 22s - loss: 578779.8854
1664/4524 [==========>...................] - ETA: 21s - loss: 578443.6154
1792/4524 [==========>...................] - ETA: 20s - loss: 578846.6786
1920/4524 [===========>..................] - ETA: 19s - loss: 578846.9750
2048/4524 [============>.................] - ETA: 18s - loss: 578573.8047
2176/4524 [=============>................] - ETA: 17s - loss: 578792.3603
2304/4524 [==============>...............] - ETA: 16s - loss: 578446.7674
2432/4524 [===============>..............] - ETA: 15s - loss: 578466.4671
2560/4524 [===============>..............] - ETA: 14s - loss: 578867.2125
2688/4524 [================>.............] - ETA: 13s - loss: 578656.1190
2816/4524 [=================>............] - ETA: 12s - loss: 578776.3523
2944/4524 [==================>...........] - ETA: 11s - loss: 578676.6929
3072/4524 [===================>..........] - ETA: 10s - loss: 578381.1016
3200/4524 [====================>.........] - ETA: 9s - loss: 578056.4975 
3328/4524 [=====================>........] - ETA: 8s - loss: 578250.2091
3456/4524 [=====================>........] - ETA: 7s - loss: 578289.6875
3584/4524 [======================>.......] - ETA: 6s - loss: 578110.2589
3712/4524 [=======================>......] - ETA: 5s - loss: 578349.8578
3840/4524 [========================>.....] - ETA: 5s - loss: 578486.1979
3968/4524 [=========================>....] - ETA: 4s - loss: 578542.7097
4096/4524 [==========================>...] - ETA: 3s - loss: 578542.0273
4224/4524 [===========================>..] - ETA: 2s - loss: 578646.8939
4352/4524 [===========================>..] - ETA: 1s - loss: 578792.3051
4480/4524 [============================>.] - ETA: 0s - loss: 578707.6179
4524/4524 [==============================] - 33s 7ms/step - loss: 578823.7045
Epoch 81/100

 128/4524 [..............................] - ETA: 31s - loss: 575321.5000
 256/4524 [>.............................] - ETA: 31s - loss: 576867.5938
 384/4524 [=>............................] - ETA: 30s - loss: 576280.6458
 512/4524 [==>...........................] - ETA: 29s - loss: 576935.5156
 640/4524 [===>..........................] - ETA: 28s - loss: 576734.0375
 768/4524 [====>.........................] - ETA: 27s - loss: 577936.7708
 896/4524 [====>.........................] - ETA: 26s - loss: 578174.2500
1024/4524 [=====>........................] - ETA: 26s - loss: 577305.4609
1152/4524 [======>.......................] - ETA: 25s - loss: 578070.1875
1280/4524 [=======>......................] - ETA: 24s - loss: 578504.1250
1408/4524 [========>.....................] - ETA: 23s - loss: 577947.0682
1536/4524 [=========>....................] - ETA: 22s - loss: 577355.7448
1664/4524 [==========>...................] - ETA: 21s - loss: 577404.0240
1792/4524 [==========>...................] - ETA: 20s - loss: 577048.7902
1920/4524 [===========>..................] - ETA: 19s - loss: 577312.2250
2048/4524 [============>.................] - ETA: 18s - loss: 577111.2656
2176/4524 [=============>................] - ETA: 17s - loss: 577253.8015
2304/4524 [==============>...............] - ETA: 16s - loss: 577811.5139
2432/4524 [===============>..............] - ETA: 15s - loss: 578070.9539
2560/4524 [===============>..............] - ETA: 14s - loss: 578398.7312
2688/4524 [================>.............] - ETA: 13s - loss: 578583.4821
2816/4524 [=================>............] - ETA: 12s - loss: 578368.6619
2944/4524 [==================>...........] - ETA: 11s - loss: 578635.6875
3072/4524 [===================>..........] - ETA: 10s - loss: 578749.5703
3200/4524 [====================>.........] - ETA: 9s - loss: 578788.3975 
3328/4524 [=====================>........] - ETA: 8s - loss: 578920.5505
3456/4524 [=====================>........] - ETA: 7s - loss: 578821.4213
3584/4524 [======================>.......] - ETA: 6s - loss: 578679.2232
3712/4524 [=======================>......] - ETA: 5s - loss: 578632.9095
3840/4524 [========================>.....] - ETA: 5s - loss: 578790.9812
3968/4524 [=========================>....] - ETA: 4s - loss: 578697.7460
4096/4524 [==========================>...] - ETA: 3s - loss: 578730.3008
4224/4524 [===========================>..] - ETA: 2s - loss: 578530.7386
4352/4524 [===========================>..] - ETA: 1s - loss: 578685.5478
4480/4524 [============================>.] - ETA: 0s - loss: 578658.3571
4524/4524 [==============================] - 34s 7ms/step - loss: 578760.5243
Epoch 82/100

 128/4524 [..............................] - ETA: 32s - loss: 581883.8750
 256/4524 [>.............................] - ETA: 31s - loss: 583617.5000
 384/4524 [=>............................] - ETA: 30s - loss: 581873.1250
 512/4524 [==>...........................] - ETA: 29s - loss: 579613.8906
 640/4524 [===>..........................] - ETA: 28s - loss: 579353.1750
 768/4524 [====>.........................] - ETA: 27s - loss: 578791.8750
 896/4524 [====>.........................] - ETA: 26s - loss: 577983.5446
1024/4524 [=====>........................] - ETA: 25s - loss: 578237.1797
1152/4524 [======>.......................] - ETA: 24s - loss: 578967.9375
1280/4524 [=======>......................] - ETA: 23s - loss: 578451.1438
1408/4524 [========>.....................] - ETA: 22s - loss: 578127.4943
1536/4524 [=========>....................] - ETA: 21s - loss: 578176.8021
1664/4524 [==========>...................] - ETA: 21s - loss: 577948.9856
1792/4524 [==========>...................] - ETA: 20s - loss: 577951.8750
1920/4524 [===========>..................] - ETA: 19s - loss: 578395.5750
2048/4524 [============>.................] - ETA: 18s - loss: 578848.3164
2176/4524 [=============>................] - ETA: 17s - loss: 579098.8419
2304/4524 [==============>...............] - ETA: 16s - loss: 578829.6007
2432/4524 [===============>..............] - ETA: 15s - loss: 578963.8914
2560/4524 [===============>..............] - ETA: 14s - loss: 579104.7219
2688/4524 [================>.............] - ETA: 13s - loss: 579292.9970
2816/4524 [=================>............] - ETA: 12s - loss: 579301.0909
2944/4524 [==================>...........] - ETA: 11s - loss: 579118.8533
3072/4524 [===================>..........] - ETA: 10s - loss: 578816.3490
3200/4524 [====================>.........] - ETA: 9s - loss: 578645.6000 
3328/4524 [=====================>........] - ETA: 8s - loss: 578716.3173
3456/4524 [=====================>........] - ETA: 7s - loss: 578641.6458
3584/4524 [======================>.......] - ETA: 6s - loss: 578665.0871
3712/4524 [=======================>......] - ETA: 5s - loss: 578840.7586
3840/4524 [========================>.....] - ETA: 5s - loss: 578752.8250
3968/4524 [=========================>....] - ETA: 4s - loss: 578913.5685
4096/4524 [==========================>...] - ETA: 3s - loss: 578874.0664
4224/4524 [===========================>..] - ETA: 2s - loss: 578687.2727
4352/4524 [===========================>..] - ETA: 1s - loss: 578439.4596
4480/4524 [============================>.] - ETA: 0s - loss: 578547.7500
4524/4524 [==============================] - 34s 7ms/step - loss: 578651.6294
Epoch 83/100

 128/4524 [..............................] - ETA: 31s - loss: 573769.5625
 256/4524 [>.............................] - ETA: 31s - loss: 574012.5312
 384/4524 [=>............................] - ETA: 30s - loss: 574175.9375
 512/4524 [==>...........................] - ETA: 29s - loss: 576864.4219
 640/4524 [===>..........................] - ETA: 28s - loss: 576067.2250
 768/4524 [====>.........................] - ETA: 27s - loss: 576485.0000
 896/4524 [====>.........................] - ETA: 26s - loss: 576681.7143
1024/4524 [=====>........................] - ETA: 25s - loss: 576352.0312
1152/4524 [======>.......................] - ETA: 24s - loss: 576299.5139
1280/4524 [=======>......................] - ETA: 23s - loss: 576240.3063
1408/4524 [========>.....................] - ETA: 22s - loss: 576518.0739
1536/4524 [=========>....................] - ETA: 21s - loss: 577073.4792
1664/4524 [==========>...................] - ETA: 20s - loss: 577762.3365
1792/4524 [==========>...................] - ETA: 20s - loss: 577816.4643
1920/4524 [===========>..................] - ETA: 19s - loss: 578076.9917
2048/4524 [============>.................] - ETA: 18s - loss: 578387.2266
2176/4524 [=============>................] - ETA: 17s - loss: 578485.0588
2304/4524 [==============>...............] - ETA: 16s - loss: 578697.3333
2432/4524 [===============>..............] - ETA: 15s - loss: 578971.9572
2560/4524 [===============>..............] - ETA: 14s - loss: 578975.5719
2688/4524 [================>.............] - ETA: 13s - loss: 578824.8244
2816/4524 [=================>............] - ETA: 12s - loss: 578809.6136
2944/4524 [==================>...........] - ETA: 11s - loss: 578781.1467
3072/4524 [===================>..........] - ETA: 10s - loss: 578954.5625
3200/4524 [====================>.........] - ETA: 9s - loss: 578759.2450 
3328/4524 [=====================>........] - ETA: 8s - loss: 578478.7019
3456/4524 [=====================>........] - ETA: 7s - loss: 578576.7685
3584/4524 [======================>.......] - ETA: 6s - loss: 578441.9196
3712/4524 [=======================>......] - ETA: 5s - loss: 578534.5280
3840/4524 [========================>.....] - ETA: 5s - loss: 578702.7229
3968/4524 [=========================>....] - ETA: 4s - loss: 578866.1915
4096/4524 [==========================>...] - ETA: 3s - loss: 578771.3926
4224/4524 [===========================>..] - ETA: 2s - loss: 579039.9640
4352/4524 [===========================>..] - ETA: 1s - loss: 578823.9393
4480/4524 [============================>.] - ETA: 0s - loss: 578575.8161
4524/4524 [==============================] - 34s 7ms/step - loss: 578665.3856
Epoch 84/100

 128/4524 [..............................] - ETA: 31s - loss: 581909.1250
 256/4524 [>.............................] - ETA: 30s - loss: 583063.4375
 384/4524 [=>............................] - ETA: 30s - loss: 581597.6667
 512/4524 [==>...........................] - ETA: 29s - loss: 580902.3750
 640/4524 [===>..........................] - ETA: 28s - loss: 578509.7250
 768/4524 [====>.........................] - ETA: 27s - loss: 579202.6250
 896/4524 [====>.........................] - ETA: 26s - loss: 579199.3839
1024/4524 [=====>........................] - ETA: 25s - loss: 578765.1797
1152/4524 [======>.......................] - ETA: 24s - loss: 578876.0972
1280/4524 [=======>......................] - ETA: 23s - loss: 578334.3500
1408/4524 [========>.....................] - ETA: 22s - loss: 578585.3636
1536/4524 [=========>....................] - ETA: 21s - loss: 578087.7292
1664/4524 [==========>...................] - ETA: 21s - loss: 577756.8606
1792/4524 [==========>...................] - ETA: 20s - loss: 578356.2723
1920/4524 [===========>..................] - ETA: 19s - loss: 578833.3125
2048/4524 [============>.................] - ETA: 18s - loss: 578682.1836
2176/4524 [=============>................] - ETA: 17s - loss: 578549.8125
2304/4524 [==============>...............] - ETA: 16s - loss: 578845.5729
2432/4524 [===============>..............] - ETA: 15s - loss: 579031.4836
2560/4524 [===============>..............] - ETA: 14s - loss: 579033.0656
2688/4524 [================>.............] - ETA: 13s - loss: 578988.1071
2816/4524 [=================>............] - ETA: 12s - loss: 579146.0028
2944/4524 [==================>...........] - ETA: 11s - loss: 579272.8614
3072/4524 [===================>..........] - ETA: 10s - loss: 579046.6458
3200/4524 [====================>.........] - ETA: 9s - loss: 578743.9275 
3328/4524 [=====================>........] - ETA: 8s - loss: 578766.4688
3456/4524 [=====================>........] - ETA: 7s - loss: 578947.3009
3584/4524 [======================>.......] - ETA: 6s - loss: 578790.2054
3712/4524 [=======================>......] - ETA: 5s - loss: 578786.8750
3840/4524 [========================>.....] - ETA: 5s - loss: 578555.7167
3968/4524 [=========================>....] - ETA: 4s - loss: 578441.1411
4096/4524 [==========================>...] - ETA: 3s - loss: 578720.8672
4224/4524 [===========================>..] - ETA: 2s - loss: 578818.4053
4352/4524 [===========================>..] - ETA: 1s - loss: 578719.1434
4480/4524 [============================>.] - ETA: 0s - loss: 578582.5357
4524/4524 [==============================] - 34s 7ms/step - loss: 578683.0216
Epoch 85/100

 128/4524 [..............................] - ETA: 31s - loss: 581389.4375
 256/4524 [>.............................] - ETA: 30s - loss: 582073.0312
 384/4524 [=>............................] - ETA: 30s - loss: 581744.2292
 512/4524 [==>...........................] - ETA: 29s - loss: 581893.8281
 640/4524 [===>..........................] - ETA: 28s - loss: 580989.3625
 768/4524 [====>.........................] - ETA: 27s - loss: 579848.7292
 896/4524 [====>.........................] - ETA: 26s - loss: 579595.4732
1024/4524 [=====>........................] - ETA: 25s - loss: 579109.7266
1152/4524 [======>.......................] - ETA: 24s - loss: 578547.3056
1280/4524 [=======>......................] - ETA: 23s - loss: 577686.3750
1408/4524 [========>.....................] - ETA: 22s - loss: 577809.0341
1536/4524 [=========>....................] - ETA: 21s - loss: 578575.1354
1664/4524 [==========>...................] - ETA: 20s - loss: 577988.1923
1792/4524 [==========>...................] - ETA: 20s - loss: 578375.2946
1920/4524 [===========>..................] - ETA: 19s - loss: 578104.7083
2048/4524 [============>.................] - ETA: 18s - loss: 577718.5234
2176/4524 [=============>................] - ETA: 17s - loss: 577708.3860
2304/4524 [==============>...............] - ETA: 16s - loss: 578080.0382
2432/4524 [===============>..............] - ETA: 15s - loss: 578502.9145
2560/4524 [===============>..............] - ETA: 14s - loss: 578629.5375
2688/4524 [================>.............] - ETA: 13s - loss: 578702.4107
2816/4524 [=================>............] - ETA: 12s - loss: 578492.1165
2944/4524 [==================>...........] - ETA: 11s - loss: 578483.6005
3072/4524 [===================>..........] - ETA: 10s - loss: 578662.5495
3200/4524 [====================>.........] - ETA: 9s - loss: 578557.9350 
3328/4524 [=====================>........] - ETA: 8s - loss: 578376.6442
3456/4524 [=====================>........] - ETA: 7s - loss: 578583.3056
3584/4524 [======================>.......] - ETA: 6s - loss: 578566.5491
3712/4524 [=======================>......] - ETA: 5s - loss: 578437.3879
3840/4524 [========================>.....] - ETA: 5s - loss: 578509.8917
3968/4524 [=========================>....] - ETA: 4s - loss: 578251.1008
4096/4524 [==========================>...] - ETA: 3s - loss: 578363.0566
4224/4524 [===========================>..] - ETA: 2s - loss: 578365.7102
4352/4524 [===========================>..] - ETA: 1s - loss: 578279.2776
4480/4524 [============================>.] - ETA: 0s - loss: 578317.6375
4524/4524 [==============================] - 34s 7ms/step - loss: 578410.7556
Epoch 86/100

 128/4524 [..............................] - ETA: 31s - loss: 572200.0000
 256/4524 [>.............................] - ETA: 30s - loss: 574634.8125
 384/4524 [=>............................] - ETA: 29s - loss: 575953.1042
 512/4524 [==>...........................] - ETA: 29s - loss: 578172.7344
 640/4524 [===>..........................] - ETA: 28s - loss: 579632.3625
 768/4524 [====>.........................] - ETA: 27s - loss: 578435.0417
 896/4524 [====>.........................] - ETA: 26s - loss: 577899.4107
1024/4524 [=====>........................] - ETA: 25s - loss: 578495.3594
1152/4524 [======>.......................] - ETA: 24s - loss: 578058.1389
1280/4524 [=======>......................] - ETA: 23s - loss: 577770.3500
1408/4524 [========>.....................] - ETA: 23s - loss: 578154.5682
1536/4524 [=========>....................] - ETA: 22s - loss: 577842.4479
1664/4524 [==========>...................] - ETA: 21s - loss: 578210.9135
1792/4524 [==========>...................] - ETA: 20s - loss: 577604.1429
1920/4524 [===========>..................] - ETA: 19s - loss: 578090.6000
2048/4524 [============>.................] - ETA: 18s - loss: 577955.2266
2176/4524 [=============>................] - ETA: 17s - loss: 577951.5515
2304/4524 [==============>...............] - ETA: 16s - loss: 578115.9965
2432/4524 [===============>..............] - ETA: 15s - loss: 578284.0724
2560/4524 [===============>..............] - ETA: 14s - loss: 578480.1531
2688/4524 [================>.............] - ETA: 13s - loss: 578408.4435
2816/4524 [=================>............] - ETA: 12s - loss: 578073.4972
2944/4524 [==================>...........] - ETA: 11s - loss: 578122.1658
3072/4524 [===================>..........] - ETA: 10s - loss: 577856.0078
3200/4524 [====================>.........] - ETA: 9s - loss: 577717.0425 
3328/4524 [=====================>........] - ETA: 8s - loss: 577884.6226
3456/4524 [=====================>........] - ETA: 7s - loss: 577971.9514
3584/4524 [======================>.......] - ETA: 6s - loss: 578058.3862
3712/4524 [=======================>......] - ETA: 5s - loss: 578080.5797
3840/4524 [========================>.....] - ETA: 5s - loss: 578254.0625
3968/4524 [=========================>....] - ETA: 4s - loss: 578263.2218
4096/4524 [==========================>...] - ETA: 3s - loss: 578076.5508
4224/4524 [===========================>..] - ETA: 2s - loss: 577939.4299
4352/4524 [===========================>..] - ETA: 1s - loss: 578053.2335
4480/4524 [============================>.] - ETA: 0s - loss: 578046.7179
4524/4524 [==============================] - 34s 7ms/step - loss: 578146.3722
Epoch 87/100

 128/4524 [..............................] - ETA: 30s - loss: 574621.7500
 256/4524 [>.............................] - ETA: 30s - loss: 574580.4062
 384/4524 [=>............................] - ETA: 30s - loss: 574385.5833
 512/4524 [==>...........................] - ETA: 29s - loss: 576293.8750
 640/4524 [===>..........................] - ETA: 28s - loss: 577952.4375
 768/4524 [====>.........................] - ETA: 27s - loss: 577992.4271
 896/4524 [====>.........................] - ETA: 26s - loss: 577490.5893
1024/4524 [=====>........................] - ETA: 25s - loss: 577841.3906
1152/4524 [======>.......................] - ETA: 24s - loss: 578026.4375
1280/4524 [=======>......................] - ETA: 23s - loss: 578004.3688
1408/4524 [========>.....................] - ETA: 22s - loss: 577382.5398
1536/4524 [=========>....................] - ETA: 21s - loss: 577037.5365
1664/4524 [==========>...................] - ETA: 21s - loss: 577375.8606
1792/4524 [==========>...................] - ETA: 20s - loss: 577126.9330
1920/4524 [===========>..................] - ETA: 19s - loss: 576754.9833
2048/4524 [============>.................] - ETA: 18s - loss: 576378.0312
2176/4524 [=============>................] - ETA: 17s - loss: 576748.4265
2304/4524 [==============>...............] - ETA: 16s - loss: 577110.8056
2432/4524 [===============>..............] - ETA: 15s - loss: 577045.3618
2560/4524 [===============>..............] - ETA: 14s - loss: 577005.3000
2688/4524 [================>.............] - ETA: 13s - loss: 576655.3780
2816/4524 [=================>............] - ETA: 12s - loss: 576448.0824
2944/4524 [==================>...........] - ETA: 11s - loss: 576493.1902
3072/4524 [===================>..........] - ETA: 10s - loss: 576577.2083
3200/4524 [====================>.........] - ETA: 9s - loss: 576785.9925 
3328/4524 [=====================>........] - ETA: 8s - loss: 576994.2452
3456/4524 [=====================>........] - ETA: 7s - loss: 577240.6343
3584/4524 [======================>.......] - ETA: 6s - loss: 577258.5223
3712/4524 [=======================>......] - ETA: 5s - loss: 577403.3685
3840/4524 [========================>.....] - ETA: 5s - loss: 577456.6417
3968/4524 [=========================>....] - ETA: 4s - loss: 577587.1895
4096/4524 [==========================>...] - ETA: 3s - loss: 577435.0859
4224/4524 [===========================>..] - ETA: 2s - loss: 577499.1572
4352/4524 [===========================>..] - ETA: 1s - loss: 577658.3401
4480/4524 [============================>.] - ETA: 0s - loss: 577880.2482
4524/4524 [==============================] - 33s 7ms/step - loss: 577967.0586
Epoch 88/100

 128/4524 [..............................] - ETA: 33s - loss: 568701.6250
 256/4524 [>.............................] - ETA: 32s - loss: 576107.9688
 384/4524 [=>............................] - ETA: 30s - loss: 577032.2917
 512/4524 [==>...........................] - ETA: 30s - loss: 578677.9688
 640/4524 [===>..........................] - ETA: 29s - loss: 578564.9500
 768/4524 [====>.........................] - ETA: 28s - loss: 579537.4583
 896/4524 [====>.........................] - ETA: 27s - loss: 579996.6607
1024/4524 [=====>........................] - ETA: 26s - loss: 580124.3984
1152/4524 [======>.......................] - ETA: 25s - loss: 580136.4583
1280/4524 [=======>......................] - ETA: 24s - loss: 580042.7063
1408/4524 [========>.....................] - ETA: 23s - loss: 579593.0966
1536/4524 [=========>....................] - ETA: 22s - loss: 578931.6979
1664/4524 [==========>...................] - ETA: 21s - loss: 579019.5577
1792/4524 [==========>...................] - ETA: 20s - loss: 578675.9286
1920/4524 [===========>..................] - ETA: 19s - loss: 579053.5333
2048/4524 [============>.................] - ETA: 18s - loss: 579055.5977
2176/4524 [=============>................] - ETA: 17s - loss: 579135.3235
2304/4524 [==============>...............] - ETA: 16s - loss: 578892.1944
2432/4524 [===============>..............] - ETA: 15s - loss: 579110.6316
2560/4524 [===============>..............] - ETA: 14s - loss: 579037.2594
2688/4524 [================>.............] - ETA: 13s - loss: 578869.6696
2816/4524 [=================>............] - ETA: 12s - loss: 578572.5000
2944/4524 [==================>...........] - ETA: 11s - loss: 578338.9837
3072/4524 [===================>..........] - ETA: 10s - loss: 578552.3333
3200/4524 [====================>.........] - ETA: 9s - loss: 578418.4675 
3328/4524 [=====================>........] - ETA: 8s - loss: 578542.0913
3456/4524 [=====================>........] - ETA: 7s - loss: 578745.4352
3584/4524 [======================>.......] - ETA: 6s - loss: 578773.8973
3712/4524 [=======================>......] - ETA: 5s - loss: 578661.9138
3840/4524 [========================>.....] - ETA: 5s - loss: 578446.9917
3968/4524 [=========================>....] - ETA: 4s - loss: 578316.9637
4096/4524 [==========================>...] - ETA: 3s - loss: 578433.1445
4224/4524 [===========================>..] - ETA: 2s - loss: 578424.0739
4352/4524 [===========================>..] - ETA: 1s - loss: 578470.5147
4480/4524 [============================>.] - ETA: 0s - loss: 578330.2161
4524/4524 [==============================] - 34s 7ms/step - loss: 578424.8258
Epoch 89/100

 128/4524 [..............................] - ETA: 32s - loss: 584752.0000
 256/4524 [>.............................] - ETA: 31s - loss: 583675.1562
 384/4524 [=>............................] - ETA: 30s - loss: 579770.8542
 512/4524 [==>...........................] - ETA: 30s - loss: 580718.5625
 640/4524 [===>..........................] - ETA: 28s - loss: 580931.7750
 768/4524 [====>.........................] - ETA: 27s - loss: 580696.9583
 896/4524 [====>.........................] - ETA: 26s - loss: 580379.1250
1024/4524 [=====>........................] - ETA: 26s - loss: 580507.0469
1152/4524 [======>.......................] - ETA: 25s - loss: 579919.1667
1280/4524 [=======>......................] - ETA: 24s - loss: 580166.2875
1408/4524 [========>.....................] - ETA: 23s - loss: 580199.9432
1536/4524 [=========>....................] - ETA: 22s - loss: 579787.4792
1664/4524 [==========>...................] - ETA: 21s - loss: 579857.4712
1792/4524 [==========>...................] - ETA: 20s - loss: 579912.3482
1920/4524 [===========>..................] - ETA: 19s - loss: 579259.7750
2048/4524 [============>.................] - ETA: 18s - loss: 579041.5742
2176/4524 [=============>................] - ETA: 17s - loss: 579025.8272
2304/4524 [==============>...............] - ETA: 16s - loss: 579328.0417
2432/4524 [===============>..............] - ETA: 15s - loss: 579547.0724
2560/4524 [===============>..............] - ETA: 14s - loss: 579518.1281
2688/4524 [================>.............] - ETA: 13s - loss: 579474.5298
2816/4524 [=================>............] - ETA: 12s - loss: 579591.6705
2944/4524 [==================>...........] - ETA: 11s - loss: 579389.4837
3072/4524 [===================>..........] - ETA: 10s - loss: 579353.4115
3200/4524 [====================>.........] - ETA: 9s - loss: 579173.5450 
3328/4524 [=====================>........] - ETA: 8s - loss: 578873.7260
3456/4524 [=====================>........] - ETA: 7s - loss: 578673.6204
3584/4524 [======================>.......] - ETA: 6s - loss: 578537.6741
3712/4524 [=======================>......] - ETA: 6s - loss: 578535.0474
3840/4524 [========================>.....] - ETA: 5s - loss: 578462.7292
3968/4524 [=========================>....] - ETA: 4s - loss: 578374.0766
4096/4524 [==========================>...] - ETA: 3s - loss: 578016.6426
4224/4524 [===========================>..] - ETA: 2s - loss: 577998.7102
4352/4524 [===========================>..] - ETA: 1s - loss: 578196.9577
4480/4524 [============================>.] - ETA: 0s - loss: 578042.5411
4524/4524 [==============================] - 34s 7ms/step - loss: 578138.8831
Epoch 90/100

 128/4524 [..............................] - ETA: 31s - loss: 585035.7500
 256/4524 [>.............................] - ETA: 30s - loss: 578398.7188
 384/4524 [=>............................] - ETA: 30s - loss: 579788.3750
 512/4524 [==>...........................] - ETA: 29s - loss: 578334.9688
 640/4524 [===>..........................] - ETA: 28s - loss: 578487.4250
 768/4524 [====>.........................] - ETA: 27s - loss: 578473.6875
 896/4524 [====>.........................] - ETA: 26s - loss: 577735.5536
1024/4524 [=====>........................] - ETA: 25s - loss: 577316.5156
1152/4524 [======>.......................] - ETA: 24s - loss: 576400.0764
1280/4524 [=======>......................] - ETA: 23s - loss: 575827.7937
1408/4524 [========>.....................] - ETA: 22s - loss: 576259.5966
1536/4524 [=========>....................] - ETA: 21s - loss: 576667.2917
1664/4524 [==========>...................] - ETA: 20s - loss: 576761.7308
1792/4524 [==========>...................] - ETA: 19s - loss: 577354.3839
1920/4524 [===========>..................] - ETA: 19s - loss: 577519.2500
2048/4524 [============>.................] - ETA: 18s - loss: 577411.0078
2176/4524 [=============>................] - ETA: 17s - loss: 577313.4485
2304/4524 [==============>...............] - ETA: 16s - loss: 577295.6736
2432/4524 [===============>..............] - ETA: 15s - loss: 577707.9868
2560/4524 [===============>..............] - ETA: 14s - loss: 577902.9125
2688/4524 [================>.............] - ETA: 13s - loss: 577733.8214
2816/4524 [=================>............] - ETA: 12s - loss: 577765.8977
2944/4524 [==================>...........] - ETA: 11s - loss: 577947.0543
3072/4524 [===================>..........] - ETA: 10s - loss: 577788.9062
3200/4524 [====================>.........] - ETA: 9s - loss: 577981.6250 
3328/4524 [=====================>........] - ETA: 8s - loss: 578090.4856
3456/4524 [=====================>........] - ETA: 7s - loss: 578162.7569
3584/4524 [======================>.......] - ETA: 6s - loss: 578059.8170
3712/4524 [=======================>......] - ETA: 5s - loss: 577945.7112
3840/4524 [========================>.....] - ETA: 5s - loss: 578088.8375
3968/4524 [=========================>....] - ETA: 4s - loss: 578229.5605
4096/4524 [==========================>...] - ETA: 3s - loss: 578321.7324
4224/4524 [===========================>..] - ETA: 2s - loss: 578158.1269
4352/4524 [===========================>..] - ETA: 1s - loss: 577898.1048
4480/4524 [============================>.] - ETA: 0s - loss: 577980.4250
4524/4524 [==============================] - 34s 7ms/step - loss: 578062.5713
Epoch 91/100

 128/4524 [..............................] - ETA: 31s - loss: 577012.6250
 256/4524 [>.............................] - ETA: 30s - loss: 578889.0000
 384/4524 [=>............................] - ETA: 29s - loss: 577875.4167
 512/4524 [==>...........................] - ETA: 29s - loss: 577871.2656
 640/4524 [===>..........................] - ETA: 28s - loss: 577759.8625
 768/4524 [====>.........................] - ETA: 27s - loss: 578553.6250
 896/4524 [====>.........................] - ETA: 26s - loss: 578450.3482
1024/4524 [=====>........................] - ETA: 25s - loss: 578000.5781
1152/4524 [======>.......................] - ETA: 24s - loss: 577396.9861
1280/4524 [=======>......................] - ETA: 23s - loss: 576998.8125
1408/4524 [========>.....................] - ETA: 22s - loss: 577103.1875
1536/4524 [=========>....................] - ETA: 21s - loss: 577218.5677
1664/4524 [==========>...................] - ETA: 20s - loss: 576689.1779
1792/4524 [==========>...................] - ETA: 19s - loss: 576915.5312
1920/4524 [===========>..................] - ETA: 19s - loss: 577271.5458
2048/4524 [============>.................] - ETA: 18s - loss: 577543.3164
2176/4524 [=============>................] - ETA: 17s - loss: 577369.8640
2304/4524 [==============>...............] - ETA: 16s - loss: 577020.3646
2432/4524 [===============>..............] - ETA: 15s - loss: 576859.5559
2560/4524 [===============>..............] - ETA: 14s - loss: 576629.6344
2688/4524 [================>.............] - ETA: 13s - loss: 576750.8333
2816/4524 [=================>............] - ETA: 12s - loss: 576647.3693
2944/4524 [==================>...........] - ETA: 11s - loss: 576883.4918
3072/4524 [===================>..........] - ETA: 10s - loss: 576500.2057
3200/4524 [====================>.........] - ETA: 9s - loss: 576687.2075 
3328/4524 [=====================>........] - ETA: 8s - loss: 576909.5865
3456/4524 [=====================>........] - ETA: 7s - loss: 577049.5926
3584/4524 [======================>.......] - ETA: 6s - loss: 576752.1317
3712/4524 [=======================>......] - ETA: 5s - loss: 576729.3534
3840/4524 [========================>.....] - ETA: 5s - loss: 576951.6271
3968/4524 [=========================>....] - ETA: 4s - loss: 577046.8105
4096/4524 [==========================>...] - ETA: 3s - loss: 577254.8516
4224/4524 [===========================>..] - ETA: 2s - loss: 577132.4318
4352/4524 [===========================>..] - ETA: 1s - loss: 577229.8787
4480/4524 [============================>.] - ETA: 0s - loss: 577401.5643
4524/4524 [==============================] - 33s 7ms/step - loss: 577467.0847
Epoch 92/100

 128/4524 [..............................] - ETA: 32s - loss: 574055.0000
 256/4524 [>.............................] - ETA: 31s - loss: 574362.4688
 384/4524 [=>............................] - ETA: 30s - loss: 575596.6042
 512/4524 [==>...........................] - ETA: 29s - loss: 575556.8125
 640/4524 [===>..........................] - ETA: 28s - loss: 575526.1000
 768/4524 [====>.........................] - ETA: 27s - loss: 576889.9688
 896/4524 [====>.........................] - ETA: 26s - loss: 577112.7232
1024/4524 [=====>........................] - ETA: 25s - loss: 577734.5547
1152/4524 [======>.......................] - ETA: 25s - loss: 577822.2500
1280/4524 [=======>......................] - ETA: 24s - loss: 578170.8000
1408/4524 [========>.....................] - ETA: 23s - loss: 578208.4318
1536/4524 [=========>....................] - ETA: 22s - loss: 578676.9427
1664/4524 [==========>...................] - ETA: 21s - loss: 578174.4952
1792/4524 [==========>...................] - ETA: 20s - loss: 577790.7366
1920/4524 [===========>..................] - ETA: 19s - loss: 577478.5208
2048/4524 [============>.................] - ETA: 18s - loss: 577855.6641
2176/4524 [=============>................] - ETA: 17s - loss: 578173.1765
2304/4524 [==============>...............] - ETA: 16s - loss: 578240.3333
2432/4524 [===============>..............] - ETA: 15s - loss: 578052.8224
2560/4524 [===============>..............] - ETA: 14s - loss: 577932.4500
2688/4524 [================>.............] - ETA: 13s - loss: 577927.3452
2816/4524 [=================>............] - ETA: 12s - loss: 578135.1676
2944/4524 [==================>...........] - ETA: 11s - loss: 578171.8234
3072/4524 [===================>..........] - ETA: 10s - loss: 577767.3620
3200/4524 [====================>.........] - ETA: 9s - loss: 577433.5025 
3328/4524 [=====================>........] - ETA: 8s - loss: 577198.7043
3456/4524 [=====================>........] - ETA: 7s - loss: 577328.8356
3584/4524 [======================>.......] - ETA: 6s - loss: 577447.8460
3712/4524 [=======================>......] - ETA: 6s - loss: 577539.9397
3840/4524 [========================>.....] - ETA: 5s - loss: 577386.1792
3968/4524 [=========================>....] - ETA: 4s - loss: 577306.9819
4096/4524 [==========================>...] - ETA: 3s - loss: 577318.6309
4224/4524 [===========================>..] - ETA: 2s - loss: 577466.4451
4352/4524 [===========================>..] - ETA: 1s - loss: 577577.0882
4480/4524 [============================>.] - ETA: 0s - loss: 577644.4429
4524/4524 [==============================] - 34s 7ms/step - loss: 577715.6443
Epoch 93/100

 128/4524 [..............................] - ETA: 31s - loss: 581649.1250
 256/4524 [>.............................] - ETA: 30s - loss: 580011.8750
 384/4524 [=>............................] - ETA: 29s - loss: 576530.8333
 512/4524 [==>...........................] - ETA: 29s - loss: 575902.9062
 640/4524 [===>..........................] - ETA: 28s - loss: 577375.8500
 768/4524 [====>.........................] - ETA: 27s - loss: 576958.0625
 896/4524 [====>.........................] - ETA: 26s - loss: 577887.8036
1024/4524 [=====>........................] - ETA: 25s - loss: 577911.8906
1152/4524 [======>.......................] - ETA: 24s - loss: 577786.2639
1280/4524 [=======>......................] - ETA: 23s - loss: 578065.2375
1408/4524 [========>.....................] - ETA: 22s - loss: 578380.4659
1536/4524 [=========>....................] - ETA: 21s - loss: 578301.3021
1664/4524 [==========>...................] - ETA: 20s - loss: 578689.8269
1792/4524 [==========>...................] - ETA: 20s - loss: 578388.9375
1920/4524 [===========>..................] - ETA: 19s - loss: 578491.3000
2048/4524 [============>.................] - ETA: 18s - loss: 578548.9141
2176/4524 [=============>................] - ETA: 17s - loss: 578207.3493
2304/4524 [==============>...............] - ETA: 16s - loss: 578176.8403
2432/4524 [===============>..............] - ETA: 15s - loss: 578233.8882
2560/4524 [===============>..............] - ETA: 14s - loss: 577935.6625
2688/4524 [================>.............] - ETA: 13s - loss: 578057.4464
2816/4524 [=================>............] - ETA: 12s - loss: 578281.5114
2944/4524 [==================>...........] - ETA: 11s - loss: 578425.1413
3072/4524 [===================>..........] - ETA: 10s - loss: 578212.9557
3200/4524 [====================>.........] - ETA: 9s - loss: 578030.8175 
3328/4524 [=====================>........] - ETA: 8s - loss: 578163.4423
3456/4524 [=====================>........] - ETA: 7s - loss: 578162.2500
3584/4524 [======================>.......] - ETA: 6s - loss: 577901.4554
3712/4524 [=======================>......] - ETA: 5s - loss: 577697.7414
3840/4524 [========================>.....] - ETA: 5s - loss: 577625.5583
3968/4524 [=========================>....] - ETA: 4s - loss: 577649.6935
4096/4524 [==========================>...] - ETA: 3s - loss: 577511.6309
4224/4524 [===========================>..] - ETA: 2s - loss: 577330.5890
4352/4524 [===========================>..] - ETA: 1s - loss: 577427.7445
4480/4524 [============================>.] - ETA: 0s - loss: 577207.5679
4524/4524 [==============================] - 33s 7ms/step - loss: 577300.9122
Epoch 94/100

 128/4524 [..............................] - ETA: 34s - loss: 576704.2500
 256/4524 [>.............................] - ETA: 32s - loss: 576828.1875
 384/4524 [=>............................] - ETA: 31s - loss: 575143.7083
 512/4524 [==>...........................] - ETA: 30s - loss: 575985.7031
 640/4524 [===>..........................] - ETA: 29s - loss: 576657.2875
 768/4524 [====>.........................] - ETA: 28s - loss: 575196.5104
 896/4524 [====>.........................] - ETA: 26s - loss: 574917.4554
1024/4524 [=====>........................] - ETA: 25s - loss: 574494.9141
1152/4524 [======>.......................] - ETA: 24s - loss: 574384.6458
1280/4524 [=======>......................] - ETA: 23s - loss: 575439.9563
1408/4524 [========>.....................] - ETA: 22s - loss: 575919.5625
1536/4524 [=========>....................] - ETA: 22s - loss: 575707.1094
1664/4524 [==========>...................] - ETA: 21s - loss: 576016.9808
1792/4524 [==========>...................] - ETA: 20s - loss: 576400.9554
1920/4524 [===========>..................] - ETA: 19s - loss: 576764.7125
2048/4524 [============>.................] - ETA: 18s - loss: 576708.0586
2176/4524 [=============>................] - ETA: 17s - loss: 576679.1581
2304/4524 [==============>...............] - ETA: 16s - loss: 576270.1076
2432/4524 [===============>..............] - ETA: 15s - loss: 576274.5559
2560/4524 [===============>..............] - ETA: 14s - loss: 576355.7781
2688/4524 [================>.............] - ETA: 13s - loss: 576454.6815
2816/4524 [=================>............] - ETA: 12s - loss: 576740.6193
2944/4524 [==================>...........] - ETA: 11s - loss: 577006.2772
3072/4524 [===================>..........] - ETA: 10s - loss: 577292.7083
3200/4524 [====================>.........] - ETA: 9s - loss: 577332.3550 
3328/4524 [=====================>........] - ETA: 8s - loss: 577489.7788
3456/4524 [=====================>........] - ETA: 7s - loss: 577502.6296
3584/4524 [======================>.......] - ETA: 6s - loss: 577401.8839
3712/4524 [=======================>......] - ETA: 5s - loss: 577500.6509
3840/4524 [========================>.....] - ETA: 5s - loss: 577333.4208
3968/4524 [=========================>....] - ETA: 4s - loss: 577528.2016
4096/4524 [==========================>...] - ETA: 3s - loss: 577627.9863
4224/4524 [===========================>..] - ETA: 2s - loss: 577657.9508
4352/4524 [===========================>..] - ETA: 1s - loss: 577573.1305
4480/4524 [============================>.] - ETA: 0s - loss: 577422.5804
4524/4524 [==============================] - 34s 7ms/step - loss: 577506.3926
Epoch 95/100

 128/4524 [..............................] - ETA: 32s - loss: 579166.2500
 256/4524 [>.............................] - ETA: 31s - loss: 581288.9062
 384/4524 [=>............................] - ETA: 30s - loss: 581602.9792
 512/4524 [==>...........................] - ETA: 29s - loss: 579978.4844
 640/4524 [===>..........................] - ETA: 28s - loss: 578440.1375
 768/4524 [====>.........................] - ETA: 27s - loss: 577765.3750
 896/4524 [====>.........................] - ETA: 26s - loss: 577817.3571
1024/4524 [=====>........................] - ETA: 25s - loss: 578129.0469
1152/4524 [======>.......................] - ETA: 24s - loss: 577987.3194
1280/4524 [=======>......................] - ETA: 23s - loss: 577308.2188
1408/4524 [========>.....................] - ETA: 22s - loss: 577341.0398
1536/4524 [=========>....................] - ETA: 21s - loss: 576747.4115
1664/4524 [==========>...................] - ETA: 21s - loss: 576787.3654
1792/4524 [==========>...................] - ETA: 20s - loss: 576636.9286
1920/4524 [===========>..................] - ETA: 19s - loss: 577086.0500
2048/4524 [============>.................] - ETA: 18s - loss: 577000.9219
2176/4524 [=============>................] - ETA: 17s - loss: 577048.6581
2304/4524 [==============>...............] - ETA: 16s - loss: 577279.4618
2432/4524 [===============>..............] - ETA: 15s - loss: 577123.0789
2560/4524 [===============>..............] - ETA: 14s - loss: 577284.8688
2688/4524 [================>.............] - ETA: 13s - loss: 577457.9911
2816/4524 [=================>............] - ETA: 12s - loss: 577232.6761
2944/4524 [==================>...........] - ETA: 11s - loss: 577426.9239
3072/4524 [===================>..........] - ETA: 10s - loss: 577558.0495
3200/4524 [====================>.........] - ETA: 9s - loss: 577566.4275 
3328/4524 [=====================>........] - ETA: 8s - loss: 577371.9447
3456/4524 [=====================>........] - ETA: 7s - loss: 577049.1250
3584/4524 [======================>.......] - ETA: 6s - loss: 576732.9420
3712/4524 [=======================>......] - ETA: 5s - loss: 576619.9440
3840/4524 [========================>.....] - ETA: 5s - loss: 576725.9292
3968/4524 [=========================>....] - ETA: 4s - loss: 576781.3226
4096/4524 [==========================>...] - ETA: 3s - loss: 576673.9375
4224/4524 [===========================>..] - ETA: 2s - loss: 576827.9583
4352/4524 [===========================>..] - ETA: 1s - loss: 577062.1912
4480/4524 [============================>.] - ETA: 0s - loss: 577246.3875
4524/4524 [==============================] - 34s 7ms/step - loss: 577333.5959
Epoch 96/100

 128/4524 [..............................] - ETA: 32s - loss: 578021.7500
 256/4524 [>.............................] - ETA: 31s - loss: 579691.2500
 384/4524 [=>............................] - ETA: 30s - loss: 580357.9583
 512/4524 [==>...........................] - ETA: 29s - loss: 580952.2188
 640/4524 [===>..........................] - ETA: 28s - loss: 580287.2500
 768/4524 [====>.........................] - ETA: 27s - loss: 579391.6875
 896/4524 [====>.........................] - ETA: 26s - loss: 579572.3214
1024/4524 [=====>........................] - ETA: 25s - loss: 579643.9922
1152/4524 [======>.......................] - ETA: 24s - loss: 578759.8958
1280/4524 [=======>......................] - ETA: 23s - loss: 577739.0312
1408/4524 [========>.....................] - ETA: 22s - loss: 577871.4375
1536/4524 [=========>....................] - ETA: 21s - loss: 578142.3177
1664/4524 [==========>...................] - ETA: 20s - loss: 577881.3365
1792/4524 [==========>...................] - ETA: 20s - loss: 577308.0759
1920/4524 [===========>..................] - ETA: 19s - loss: 577501.6542
2048/4524 [============>.................] - ETA: 18s - loss: 577841.0703
2176/4524 [=============>................] - ETA: 17s - loss: 577539.7794
2304/4524 [==============>...............] - ETA: 16s - loss: 577589.4965
2432/4524 [===============>..............] - ETA: 15s - loss: 577489.9704
2560/4524 [===============>..............] - ETA: 14s - loss: 577379.6906
2688/4524 [================>.............] - ETA: 13s - loss: 577248.7440
2816/4524 [=================>............] - ETA: 12s - loss: 576852.2557
2944/4524 [==================>...........] - ETA: 11s - loss: 577018.0380
3072/4524 [===================>..........] - ETA: 10s - loss: 576867.8333
3200/4524 [====================>.........] - ETA: 9s - loss: 576951.7800 
3328/4524 [=====================>........] - ETA: 8s - loss: 576860.0697
3456/4524 [=====================>........] - ETA: 7s - loss: 576893.6597
3584/4524 [======================>.......] - ETA: 6s - loss: 576767.8013
3712/4524 [=======================>......] - ETA: 5s - loss: 576775.3621
3840/4524 [========================>.....] - ETA: 5s - loss: 576634.9458
3968/4524 [=========================>....] - ETA: 4s - loss: 576782.3669
4096/4524 [==========================>...] - ETA: 3s - loss: 576777.0977
4224/4524 [===========================>..] - ETA: 2s - loss: 576909.5455
4352/4524 [===========================>..] - ETA: 1s - loss: 577114.8915
4480/4524 [============================>.] - ETA: 0s - loss: 577312.6857
4524/4524 [==============================] - 33s 7ms/step - loss: 577387.0755
Epoch 97/100

 128/4524 [..............................] - ETA: 32s - loss: 574100.5000
 256/4524 [>.............................] - ETA: 30s - loss: 574333.4688
 384/4524 [=>............................] - ETA: 30s - loss: 572916.0208
 512/4524 [==>...........................] - ETA: 29s - loss: 574546.2812
 640/4524 [===>..........................] - ETA: 28s - loss: 574561.5000
 768/4524 [====>.........................] - ETA: 27s - loss: 574964.5625
 896/4524 [====>.........................] - ETA: 26s - loss: 575418.6161
1024/4524 [=====>........................] - ETA: 25s - loss: 576113.9219
1152/4524 [======>.......................] - ETA: 24s - loss: 575764.2986
1280/4524 [=======>......................] - ETA: 23s - loss: 575357.9938
1408/4524 [========>.....................] - ETA: 23s - loss: 575992.7841
1536/4524 [=========>....................] - ETA: 22s - loss: 576199.3854
1664/4524 [==========>...................] - ETA: 21s - loss: 575774.9038
1792/4524 [==========>...................] - ETA: 20s - loss: 575759.1562
1920/4524 [===========>..................] - ETA: 19s - loss: 576062.3958
2048/4524 [============>.................] - ETA: 18s - loss: 575860.8516
2176/4524 [=============>................] - ETA: 17s - loss: 576012.1029
2304/4524 [==============>...............] - ETA: 16s - loss: 576305.2257
2432/4524 [===============>..............] - ETA: 15s - loss: 576658.2500
2560/4524 [===============>..............] - ETA: 14s - loss: 576749.0062
2688/4524 [================>.............] - ETA: 13s - loss: 576769.0298
2816/4524 [=================>............] - ETA: 12s - loss: 576977.9006
2944/4524 [==================>...........] - ETA: 11s - loss: 577002.8451
3072/4524 [===================>..........] - ETA: 10s - loss: 576892.8698
3200/4524 [====================>.........] - ETA: 9s - loss: 576774.4575 
3328/4524 [=====================>........] - ETA: 8s - loss: 576889.1851
3456/4524 [=====================>........] - ETA: 7s - loss: 576681.9144
3584/4524 [======================>.......] - ETA: 6s - loss: 576935.8281
3712/4524 [=======================>......] - ETA: 5s - loss: 577105.0366
3840/4524 [========================>.....] - ETA: 5s - loss: 577304.7562
3968/4524 [=========================>....] - ETA: 4s - loss: 577267.4335
4096/4524 [==========================>...] - ETA: 3s - loss: 577417.9004
4224/4524 [===========================>..] - ETA: 2s - loss: 577165.9072
4352/4524 [===========================>..] - ETA: 1s - loss: 577256.0055
4480/4524 [============================>.] - ETA: 0s - loss: 577264.0589
4524/4524 [==============================] - 34s 7ms/step - loss: 577342.4406
Epoch 98/100

 128/4524 [..............................] - ETA: 33s - loss: 574355.3750
 256/4524 [>.............................] - ETA: 31s - loss: 577920.8750
 384/4524 [=>............................] - ETA: 30s - loss: 579132.8333
 512/4524 [==>...........................] - ETA: 29s - loss: 577778.6562
 640/4524 [===>..........................] - ETA: 28s - loss: 578563.1250
 768/4524 [====>.........................] - ETA: 27s - loss: 577667.0625
 896/4524 [====>.........................] - ETA: 26s - loss: 576917.9107
1024/4524 [=====>........................] - ETA: 25s - loss: 576330.5938
1152/4524 [======>.......................] - ETA: 24s - loss: 577009.0278
1280/4524 [=======>......................] - ETA: 23s - loss: 576296.0750
1408/4524 [========>.....................] - ETA: 22s - loss: 576021.0455
1536/4524 [=========>....................] - ETA: 21s - loss: 576550.6562
1664/4524 [==========>...................] - ETA: 20s - loss: 576504.5288
1792/4524 [==========>...................] - ETA: 20s - loss: 576707.5446
1920/4524 [===========>..................] - ETA: 19s - loss: 576779.4750
2048/4524 [============>.................] - ETA: 18s - loss: 576662.5703
2176/4524 [=============>................] - ETA: 17s - loss: 576954.8088
2304/4524 [==============>...............] - ETA: 16s - loss: 577355.7257
2432/4524 [===============>..............] - ETA: 15s - loss: 576890.0822
2560/4524 [===============>..............] - ETA: 14s - loss: 577068.2344
2688/4524 [================>.............] - ETA: 13s - loss: 576644.1310
2816/4524 [=================>............] - ETA: 12s - loss: 576567.6733
2944/4524 [==================>...........] - ETA: 11s - loss: 576595.6766
3072/4524 [===================>..........] - ETA: 10s - loss: 576651.5990
3200/4524 [====================>.........] - ETA: 9s - loss: 576789.9850 
3328/4524 [=====================>........] - ETA: 8s - loss: 576889.9038
3456/4524 [=====================>........] - ETA: 7s - loss: 577090.7384
3584/4524 [======================>.......] - ETA: 6s - loss: 576932.6719
3712/4524 [=======================>......] - ETA: 5s - loss: 576857.3384
3840/4524 [========================>.....] - ETA: 5s - loss: 576914.7063
3968/4524 [=========================>....] - ETA: 4s - loss: 576965.4052
4096/4524 [==========================>...] - ETA: 3s - loss: 576958.0215
4224/4524 [===========================>..] - ETA: 2s - loss: 577061.4640
4352/4524 [===========================>..] - ETA: 1s - loss: 577080.7629
4480/4524 [============================>.] - ETA: 0s - loss: 577197.4446
4524/4524 [==============================] - 34s 7ms/step - loss: 577280.3075
Epoch 99/100

 128/4524 [..............................] - ETA: 32s - loss: 567519.3750
 256/4524 [>.............................] - ETA: 30s - loss: 574245.4375
 384/4524 [=>............................] - ETA: 29s - loss: 572315.3125
 512/4524 [==>...........................] - ETA: 28s - loss: 573722.0469
 640/4524 [===>..........................] - ETA: 27s - loss: 573796.7250
 768/4524 [====>.........................] - ETA: 27s - loss: 574777.0833
 896/4524 [====>.........................] - ETA: 26s - loss: 576041.6964
1024/4524 [=====>........................] - ETA: 25s - loss: 575434.6250
1152/4524 [======>.......................] - ETA: 24s - loss: 575489.7222
1280/4524 [=======>......................] - ETA: 23s - loss: 575701.9250
1408/4524 [========>.....................] - ETA: 22s - loss: 575792.0682
1536/4524 [=========>....................] - ETA: 21s - loss: 575447.6615
1664/4524 [==========>...................] - ETA: 20s - loss: 575230.4087
1792/4524 [==========>...................] - ETA: 19s - loss: 575620.1116
1920/4524 [===========>..................] - ETA: 18s - loss: 575748.0500
2048/4524 [============>.................] - ETA: 18s - loss: 576052.3281
2176/4524 [=============>................] - ETA: 17s - loss: 576542.3015
2304/4524 [==============>...............] - ETA: 16s - loss: 576830.9722
2432/4524 [===============>..............] - ETA: 15s - loss: 577027.4408
2560/4524 [===============>..............] - ETA: 14s - loss: 577138.4844
2688/4524 [================>.............] - ETA: 13s - loss: 577013.6815
2816/4524 [=================>............] - ETA: 12s - loss: 576828.5881
2944/4524 [==================>...........] - ETA: 11s - loss: 576615.8451
3072/4524 [===================>..........] - ETA: 10s - loss: 576782.3776
3200/4524 [====================>.........] - ETA: 9s - loss: 576990.7300 
3328/4524 [=====================>........] - ETA: 8s - loss: 576906.1851
3456/4524 [=====================>........] - ETA: 7s - loss: 576905.5255
3584/4524 [======================>.......] - ETA: 6s - loss: 577057.6920
3712/4524 [=======================>......] - ETA: 5s - loss: 576899.5603
3840/4524 [========================>.....] - ETA: 5s - loss: 576978.5104
3968/4524 [=========================>....] - ETA: 4s - loss: 577038.3669
4096/4524 [==========================>...] - ETA: 3s - loss: 576924.1875
4224/4524 [===========================>..] - ETA: 2s - loss: 576816.6591
4352/4524 [===========================>..] - ETA: 1s - loss: 577001.7426
4480/4524 [============================>.] - ETA: 0s - loss: 577023.9732
4524/4524 [==============================] - 33s 7ms/step - loss: 577094.1185
Epoch 100/100

 128/4524 [..............................] - ETA: 32s - loss: 577585.6250
 256/4524 [>.............................] - ETA: 31s - loss: 578658.8125
 384/4524 [=>............................] - ETA: 30s - loss: 577709.1250
 512/4524 [==>...........................] - ETA: 29s - loss: 576815.2188
 640/4524 [===>..........................] - ETA: 28s - loss: 576778.3875
 768/4524 [====>.........................] - ETA: 27s - loss: 577633.8021
 896/4524 [====>.........................] - ETA: 26s - loss: 578377.3750
1024/4524 [=====>........................] - ETA: 25s - loss: 578261.5469
1152/4524 [======>.......................] - ETA: 24s - loss: 578095.9653
1280/4524 [=======>......................] - ETA: 23s - loss: 578165.5188
1408/4524 [========>.....................] - ETA: 22s - loss: 577608.6023
1536/4524 [=========>....................] - ETA: 21s - loss: 577159.9948
1664/4524 [==========>...................] - ETA: 20s - loss: 576959.4760
1792/4524 [==========>...................] - ETA: 20s - loss: 576376.8750
1920/4524 [===========>..................] - ETA: 19s - loss: 575807.4250
2048/4524 [============>.................] - ETA: 18s - loss: 576177.5508
2176/4524 [=============>................] - ETA: 17s - loss: 576630.9816
2304/4524 [==============>...............] - ETA: 16s - loss: 576292.0729
2432/4524 [===============>..............] - ETA: 15s - loss: 576397.5428
2560/4524 [===============>..............] - ETA: 14s - loss: 576702.9344
2688/4524 [================>.............] - ETA: 13s - loss: 576690.5387
2816/4524 [=================>............] - ETA: 12s - loss: 576575.0085
2944/4524 [==================>...........] - ETA: 11s - loss: 576427.6168
3072/4524 [===================>..........] - ETA: 10s - loss: 576275.1693
3200/4524 [====================>.........] - ETA: 9s - loss: 576494.3125 
3328/4524 [=====================>........] - ETA: 8s - loss: 576741.4736
3456/4524 [=====================>........] - ETA: 7s - loss: 576889.6319
3584/4524 [======================>.......] - ETA: 6s - loss: 576970.9085
3712/4524 [=======================>......] - ETA: 5s - loss: 576816.9483
3840/4524 [========================>.....] - ETA: 5s - loss: 576912.7792
3968/4524 [=========================>....] - ETA: 4s - loss: 576714.8992
4096/4524 [==========================>...] - ETA: 3s - loss: 576726.7520
4224/4524 [===========================>..] - ETA: 2s - loss: 576676.0473
4352/4524 [===========================>..] - ETA: 1s - loss: 576775.3915
4480/4524 [============================>.] - ETA: 0s - loss: 576894.9625
4524/4524 [==============================] - 34s 7ms/step - loss: 576956.4804

Training time: 3360.67 seconds
Weights saved: /datasets/zsuliman/msi_checkpoints/baselines/msipl/massnet/GBM22_2/msipl_weights.h5

=== ENCODING ===
Latent shape: (4524, 5)

=== RECONSTRUCTION ===
Decoded shape: (4524, 85062)

Direct reconstruction MSE: 8.969245964596083e-05
TIC-normalised reconstruction MSE: 6.600596647960318e-09

=== Decoded output ===
shape: (4524, 85062)
dtype: float32
min: 0.0
max: 1.0
mean: 0.00048926286
std: 0.009696981

=== TIC-normalised decoded output ===
shape: (4524, 85062)
dtype: float32
min: 0.0
max: 0.098284446
mean: 1.17561485e-05
std: 0.00024363975

=== PEAK LEARNING ===
Learned m/z peaks: 464
Peak-learning time: 1.0715 seconds

==========================================
       LEGACY msiPL S1 COMPLETE
==========================================
Dataset: GBM22_2.h5
Training time: 3360.6680886745453
Direct MSE: 8.969245964596083e-05
TIC-normalised MSE: 6.600596647960318e-09
Learned peaks: 464
Results: /home-mscluster/zsuliman/msi/results/baselines/msipl/massnet/GBM22_2
Checkpoint: /datasets/zsuliman/msi_checkpoints/baselines/msipl/massnet/GBM22_2/msipl_weights.h5
==========================================
{
  "dataset": "GBM22_2",
  "method": "legacy msiPL VAE-BN plus LearnPeaks",
  "evaluation": "S3PL-compatible PCC-threshold peak classification",
  "thresholds": [
    0.3,
    0.4,
    0.5,
    0.6
  ],
  "spectral_bins": 85062,
  "reported_peaks": 464,
  "unique_nearest_bins": 464,
  "threshold_results": {
    "0.3": {
      "class_metrics": {
        "normal": {
          "true_positive": 204,
          "false_positive": 260,
          "false_negative": 379,
          "true_negative": 84219,
          "recall": 0.34991423670668953,
          "precision": 0.4396551724137931,
          "F1": 0.38968481375358166
        },
        "tumour": {
          "true_positive": 138,
          "false_positive": 326,
          "false_negative": 700,
          "true_negative": 83898,
          "recall": 0.16467780429594273,
          "precision": 0.2974137931034483,
          "F1": 0.2119815668202765
        }
      },
      "mixed_classes": {
        "true_positive": 342,
        "false_positive": 122,
        "false_negative": 1079,
        "true_negative": 83519,
        "recall": 0.2406755805770584,
        "precision": 0.7370689655172413,
        "F1": 0.36286472148541116
      },
      "true_bins_mixed": 1421
    },
    "0.4": {
      "class_metrics": {
        "normal": {
          "true_positive": 154,
          "false_positive": 310,
          "false_negative": 219,
          "true_negative": 84379,
          "recall": 0.4128686327077748,
          "precision": 0.33189655172413796,
          "F1": 0.36798088410991636
        },
        "tumour": {
          "true_positive": 126,
          "false_positive": 338,
          "false_negative": 515,
          "true_negative": 84083,
          "recall": 0.19656786271450857,
          "precision": 0.27155172413793105,
          "F1": 0.22805429864253393
        }
      },
      "mixed_classes": {
        "true_positive": 280,
        "false_positive": 184,
        "false_negative": 734,
        "true_negative": 83864,
        "recall": 0.27613412228796846,
        "precision": 0.603448275862069,
        "F1": 0.37889039242219213
      },
      "true_bins_mixed": 1014
    },
    "0.5": {
      "class_metrics": {
        "normal": {
          "true_positive": 116,
          "false_positive": 348,
          "false_negative": 138,
          "true_negative": 84460,
          "recall": 0.4566929133858268,
          "precision": 0.25,
          "F1": 0.3231197771587744
        },
        "tumour": {
          "true_positive": 109,
          "false_positive": 355,
          "false_negative": 373,
          "true_negative": 84225,
          "recall": 0.22614107883817428,
          "precision": 0.2349137931034483,
          "F1": 0.23044397463002114
        }
      },
      "mixed_classes": {
        "true_positive": 225,
        "false_positive": 239,
        "false_negative": 511,
        "true_negative": 84087,
        "recall": 0.30570652173913043,
        "precision": 0.4849137931034483,
        "F1": 0.375
      },
      "true_bins_mixed": 736
    },
    "0.6": {
      "class_metrics": {
        "normal": {
          "true_positive": 86,
          "false_positive": 378,
          "false_negative": 60,
          "true_negative": 84538,
          "recall": 0.589041095890411,
          "precision": 0.1853448275862069,
          "F1": 0.2819672131147541
        },
        "tumour": {
          "true_positive": 89,
          "false_positive": 375,
          "false_negative": 269,
          "true_negative": 84329,
          "recall": 0.24860335195530725,
          "precision": 0.19181034482758622,
          "F1": 0.21654501216545013
        }
      },
      "mixed_classes": {
        "true_positive": 175,
        "false_positive": 289,
        "false_negative": 329,
        "true_negative": 84269,
        "recall": 0.3472222222222222,
        "precision": 0.3771551724137931,
        "F1": 0.3615702479338843
      },
      "true_bins_mixed": 504
    }
  },
  "mixed_f1": {
    "0.3": 0.36286472148541116,
    "0.4": 0.37889039242219213,
    "0.5": 0.375,
    "0.6": 0.3615702479338843
  },
  "mSCF1": 0.3695813404603719,
  "status": "complete"
}
