=== LOADING DATA ===
Input: /datasets/zsuliman/msi_data/gbm_massnet/GBM22_1.h5
HDF5 keys: ['Class_Label', 'Data', 'mzArray', 'xLocation', 'yLocation']
Raw Data shape: (85062, 3835)
mzArray shape: (85062,)
xLocation shape: (3835,)
yLocation shape: (3835,)
Transposing Data to (pixels, m/z)...
Final spectra shape: (3835, 85062)
m/z range: 101.923820 - 999.985901

=== DATASET INFORMATION ===
Pixels: 3835
m/z features: 85062
Latent dimension: 5
Intermediate dimension: 512
Epochs: 100
Batch size: 128
Beta: 2.5

=== TIC-normalised spectra ===
shape: (3835, 85062)
dtype: float64
min: 0.0
max: 0.22274768060105787
mean: 1.1756130822223841e-05
std: 0.00026693773082573524

Post-normalisation TIC range: 1.000000000000 - 1.000000000000

=== BUILDING LEGACY msiPL ===
==== Encoder Architecture...
__________________________________________________________________________________________________
Layer (type)                    Output Shape         Param #     Connected to                     
==================================================================================================
encoder_input (InputLayer)      (None, 85062)        0                                            
__________________________________________________________________________________________________
dense_1 (Dense)                 (None, 512)          43552256    encoder_input[0][0]              
__________________________________________________________________________________________________
batch_normalization_1 (BatchNor (None, 512)          2048        dense_1[0][0]                    
__________________________________________________________________________________________________
activation_1 (Activation)       (None, 512)          0           batch_normalization_1[0][0]      
__________________________________________________________________________________________________
z_mean (Dense)                  (None, 5)            2565        activation_1[0][0]               
__________________________________________________________________________________________________
z_log_var (Dense)               (None, 5)            2565        activation_1[0][0]               
__________________________________________________________________________________________________
batch_normalization_2 (BatchNor (None, 5)            20          z_mean[0][0]                     
__________________________________________________________________________________________________
batch_normalization_3 (BatchNor (None, 5)            20          z_log_var[0][0]                  
__________________________________________________________________________________________________
z (Lambda)                      (None, 5)            0           batch_normalization_2[0][0]      
                                                                 batch_normalization_3[0][0]      
==================================================================================================
Total params: 43,559,474
Trainable params: 43,558,430
Non-trainable params: 1,044
__________________________________________________________________________________________________
==== Decoder Architecture...
_________________________________________________________________
Layer (type)                 Output Shape              Param #   
=================================================================
Latent_Space (InputLayer)    (None, 5)                 0         
_________________________________________________________________
dense_2 (Dense)              (None, 512)               3072      
_________________________________________________________________
batch_normalization_4 (Batch (None, 512)               2048      
_________________________________________________________________
activation_2 (Activation)    (None, 512)               0         
_________________________________________________________________
dense_3 (Dense)              (None, 85062)             43636806  
=================================================================
Total params: 43,641,926
Trainable params: 43,640,902
Non-trainable params: 1,024
_________________________________________________________________

=== TRAINING ===
Epoch 1/100

 128/3835 [>.............................] - ETA: 1:08 - loss: 965563.8750
 256/3835 [=>............................] - ETA: 45s - loss: 957836.5000 
 384/3835 [==>...........................] - ETA: 37s - loss: 950420.4375
 512/3835 [===>..........................] - ETA: 32s - loss: 942827.9219
 640/3835 [====>.........................] - ETA: 29s - loss: 935255.3375
 768/3835 [=====>........................] - ETA: 27s - loss: 928070.4167
 896/3835 [======>.......................] - ETA: 25s - loss: 920317.6250
1024/3835 [=======>......................] - ETA: 23s - loss: 912599.9375
1152/3835 [========>.....................] - ETA: 22s - loss: 904968.8750
1280/3835 [=========>....................] - ETA: 21s - loss: 898397.2500
1408/3835 [==========>...................] - ETA: 19s - loss: 891107.9091
1536/3835 [===========>..................] - ETA: 18s - loss: 884032.2396
1664/3835 [============>.................] - ETA: 17s - loss: 876824.2885
1792/3835 [=============>................] - ETA: 16s - loss: 869568.7143
1920/3835 [==============>...............] - ETA: 15s - loss: 862648.1333
2048/3835 [===============>..............] - ETA: 14s - loss: 856257.7109
2176/3835 [================>.............] - ETA: 12s - loss: 849695.0441
2304/3835 [=================>............] - ETA: 11s - loss: 843903.0174
2432/3835 [==================>...........] - ETA: 10s - loss: 837997.1941
2560/3835 [===================>..........] - ETA: 9s - loss: 832103.7531 
2688/3835 [====================>.........] - ETA: 8s - loss: 827089.8065
2816/3835 [=====================>........] - ETA: 7s - loss: 822063.6165
2944/3835 [======================>.......] - ETA: 6s - loss: 816807.0027
3072/3835 [=======================>......] - ETA: 5s - loss: 811971.1641
3200/3835 [========================>.....] - ETA: 4s - loss: 807239.1225
3328/3835 [=========================>....] - ETA: 3s - loss: 802922.9688
3456/3835 [==========================>...] - ETA: 2s - loss: 798633.2708
3584/3835 [===========================>..] - ETA: 1s - loss: 794673.0134
3712/3835 [============================>.] - ETA: 0s - loss: 790877.7974
3835/3835 [==============================] - 29s 8ms/step - loss: 787428.1150
Epoch 2/100

 128/3835 [>.............................] - ETA: 26s - loss: 676910.5000
 256/3835 [=>............................] - ETA: 25s - loss: 674829.0312
 384/3835 [==>...........................] - ETA: 24s - loss: 675304.7917
 512/3835 [===>..........................] - ETA: 23s - loss: 674095.2188
 640/3835 [====>.........................] - ETA: 22s - loss: 671767.7375
 768/3835 [=====>........................] - ETA: 21s - loss: 671634.6458
 896/3835 [======>.......................] - ETA: 21s - loss: 670455.5536
1024/3835 [=======>......................] - ETA: 20s - loss: 669420.3125
1152/3835 [========>.....................] - ETA: 19s - loss: 669742.5556
1280/3835 [=========>....................] - ETA: 18s - loss: 668875.6937
1408/3835 [==========>...................] - ETA: 17s - loss: 667694.6136
1536/3835 [===========>..................] - ETA: 16s - loss: 666631.0521
1664/3835 [============>.................] - ETA: 15s - loss: 665592.9231
1792/3835 [=============>................] - ETA: 14s - loss: 664703.7411
1920/3835 [==============>...............] - ETA: 13s - loss: 663705.3042
2048/3835 [===============>..............] - ETA: 12s - loss: 663283.8711
2176/3835 [================>.............] - ETA: 11s - loss: 662754.7426
2304/3835 [=================>............] - ETA: 10s - loss: 662783.8472
2432/3835 [==================>...........] - ETA: 10s - loss: 662309.8651
2560/3835 [===================>..........] - ETA: 9s - loss: 661674.2781 
2688/3835 [====================>.........] - ETA: 8s - loss: 660875.4196
2816/3835 [=====================>........] - ETA: 7s - loss: 660049.3097
2944/3835 [======================>.......] - ETA: 6s - loss: 659837.2038
3072/3835 [=======================>......] - ETA: 5s - loss: 659565.3021
3200/3835 [========================>.....] - ETA: 4s - loss: 659448.4350
3328/3835 [=========================>....] - ETA: 3s - loss: 658923.2692
3456/3835 [==========================>...] - ETA: 2s - loss: 658345.9306
3584/3835 [===========================>..] - ETA: 1s - loss: 657583.5714
3712/3835 [============================>.] - ETA: 0s - loss: 656858.8362
3835/3835 [==============================] - 28s 7ms/step - loss: 656586.0886
Epoch 3/100

 128/3835 [>.............................] - ETA: 25s - loss: 641742.6250
 256/3835 [=>............................] - ETA: 25s - loss: 640069.6875
 384/3835 [==>...........................] - ETA: 24s - loss: 638941.6667
 512/3835 [===>..........................] - ETA: 24s - loss: 638069.0000
 640/3835 [====>.........................] - ETA: 23s - loss: 638061.5500
 768/3835 [=====>........................] - ETA: 22s - loss: 640297.7917
 896/3835 [======>.......................] - ETA: 21s - loss: 642355.9464
1024/3835 [=======>......................] - ETA: 20s - loss: 642394.6875
1152/3835 [========>.....................] - ETA: 19s - loss: 641202.0069
1280/3835 [=========>....................] - ETA: 18s - loss: 640492.1438
1408/3835 [==========>...................] - ETA: 17s - loss: 639828.7500
1536/3835 [===========>..................] - ETA: 16s - loss: 639356.5312
1664/3835 [============>.................] - ETA: 15s - loss: 638615.7788
1792/3835 [=============>................] - ETA: 14s - loss: 638583.7812
1920/3835 [==============>...............] - ETA: 13s - loss: 638752.3375
2048/3835 [===============>..............] - ETA: 12s - loss: 638210.8242
2176/3835 [================>.............] - ETA: 12s - loss: 637920.1140
2304/3835 [=================>............] - ETA: 11s - loss: 638101.5625
2432/3835 [==================>...........] - ETA: 10s - loss: 637415.4309
2560/3835 [===================>..........] - ETA: 9s - loss: 637259.3281 
2688/3835 [====================>.........] - ETA: 8s - loss: 636721.7173
2816/3835 [=====================>........] - ETA: 7s - loss: 636383.9062
2944/3835 [======================>.......] - ETA: 6s - loss: 636056.7989
3072/3835 [=======================>......] - ETA: 5s - loss: 635521.1823
3200/3835 [========================>.....] - ETA: 4s - loss: 635134.7800
3328/3835 [=========================>....] - ETA: 3s - loss: 634695.4087
3456/3835 [==========================>...] - ETA: 2s - loss: 634476.7130
3584/3835 [===========================>..] - ETA: 1s - loss: 634157.7009
3712/3835 [============================>.] - ETA: 0s - loss: 633661.4116
3835/3835 [==============================] - 28s 7ms/step - loss: 633597.1221
Epoch 4/100

 128/3835 [>.............................] - ETA: 26s - loss: 619959.7500
 256/3835 [=>............................] - ETA: 25s - loss: 623336.5312
 384/3835 [==>...........................] - ETA: 24s - loss: 622239.3958
 512/3835 [===>..........................] - ETA: 23s - loss: 621037.4844
 640/3835 [====>.........................] - ETA: 22s - loss: 620758.9375
 768/3835 [=====>........................] - ETA: 21s - loss: 620862.0104
 896/3835 [======>.......................] - ETA: 21s - loss: 620288.4732
1024/3835 [=======>......................] - ETA: 20s - loss: 619527.0078
1152/3835 [========>.....................] - ETA: 19s - loss: 620436.6875
1280/3835 [=========>....................] - ETA: 18s - loss: 622029.1312
1408/3835 [==========>...................] - ETA: 17s - loss: 621894.5568
1536/3835 [===========>..................] - ETA: 16s - loss: 621175.1823
1664/3835 [============>.................] - ETA: 15s - loss: 621266.6731
1792/3835 [=============>................] - ETA: 14s - loss: 621117.2277
1920/3835 [==============>...............] - ETA: 13s - loss: 620585.7125
2048/3835 [===============>..............] - ETA: 12s - loss: 621325.4766
2176/3835 [================>.............] - ETA: 12s - loss: 621132.6765
2304/3835 [=================>............] - ETA: 11s - loss: 620827.4653
2432/3835 [==================>...........] - ETA: 10s - loss: 621063.9638
2560/3835 [===================>..........] - ETA: 9s - loss: 620603.3406 
2688/3835 [====================>.........] - ETA: 8s - loss: 621026.2173
2816/3835 [=====================>........] - ETA: 7s - loss: 620995.7926
2944/3835 [======================>.......] - ETA: 6s - loss: 620570.1440
3072/3835 [=======================>......] - ETA: 5s - loss: 620067.0339
3200/3835 [========================>.....] - ETA: 4s - loss: 619887.2775
3328/3835 [=========================>....] - ETA: 3s - loss: 619653.1995
3456/3835 [==========================>...] - ETA: 2s - loss: 619381.6296
3584/3835 [===========================>..] - ETA: 1s - loss: 619550.5536
3712/3835 [============================>.] - ETA: 0s - loss: 619229.4095
3835/3835 [==============================] - 28s 7ms/step - loss: 619238.8078
Epoch 5/100

 128/3835 [>.............................] - ETA: 26s - loss: 609361.5625
 256/3835 [=>............................] - ETA: 25s - loss: 610244.1562
 384/3835 [==>...........................] - ETA: 24s - loss: 610904.3542
 512/3835 [===>..........................] - ETA: 23s - loss: 612309.0781
 640/3835 [====>.........................] - ETA: 23s - loss: 613416.2125
 768/3835 [=====>........................] - ETA: 22s - loss: 612606.3854
 896/3835 [======>.......................] - ETA: 21s - loss: 612318.2589
1024/3835 [=======>......................] - ETA: 20s - loss: 611865.7422
1152/3835 [========>.....................] - ETA: 19s - loss: 611813.2569
1280/3835 [=========>....................] - ETA: 18s - loss: 613072.9187
1408/3835 [==========>...................] - ETA: 17s - loss: 612582.2898
1536/3835 [===========>..................] - ETA: 16s - loss: 612568.2083
1664/3835 [============>.................] - ETA: 15s - loss: 612285.1154
1792/3835 [=============>................] - ETA: 14s - loss: 612941.4598
1920/3835 [==============>...............] - ETA: 13s - loss: 612439.5375
2048/3835 [===============>..............] - ETA: 12s - loss: 613294.9531
2176/3835 [================>.............] - ETA: 12s - loss: 613404.8750
2304/3835 [=================>............] - ETA: 11s - loss: 613134.2500
2432/3835 [==================>...........] - ETA: 10s - loss: 612692.5461
2560/3835 [===================>..........] - ETA: 9s - loss: 612317.5563 
2688/3835 [====================>.........] - ETA: 8s - loss: 611794.4673
2816/3835 [=====================>........] - ETA: 7s - loss: 611629.1989
2944/3835 [======================>.......] - ETA: 6s - loss: 611338.2554
3072/3835 [=======================>......] - ETA: 5s - loss: 610946.5547
3200/3835 [========================>.....] - ETA: 4s - loss: 610936.5325
3328/3835 [=========================>....] - ETA: 3s - loss: 610547.9688
3456/3835 [==========================>...] - ETA: 2s - loss: 610407.8171
3584/3835 [===========================>..] - ETA: 1s - loss: 610838.6228
3712/3835 [============================>.] - ETA: 0s - loss: 610542.9720
3835/3835 [==============================] - 28s 7ms/step - loss: 610749.8398
Epoch 6/100

 128/3835 [>.............................] - ETA: 26s - loss: 602666.6875
 256/3835 [=>............................] - ETA: 26s - loss: 610084.8438
 384/3835 [==>...........................] - ETA: 25s - loss: 608035.2708
 512/3835 [===>..........................] - ETA: 24s - loss: 605703.8906
 640/3835 [====>.........................] - ETA: 23s - loss: 605517.2125
 768/3835 [=====>........................] - ETA: 22s - loss: 606018.1354
 896/3835 [======>.......................] - ETA: 21s - loss: 606891.3125
1024/3835 [=======>......................] - ETA: 20s - loss: 606685.1641
1152/3835 [========>.....................] - ETA: 19s - loss: 606534.2431
1280/3835 [=========>....................] - ETA: 18s - loss: 607036.3500
1408/3835 [==========>...................] - ETA: 17s - loss: 606789.6364
1536/3835 [===========>..................] - ETA: 16s - loss: 607473.2917
1664/3835 [============>.................] - ETA: 15s - loss: 608085.6394
1792/3835 [=============>................] - ETA: 15s - loss: 607914.6518
1920/3835 [==============>...............] - ETA: 14s - loss: 607866.8833
2048/3835 [===============>..............] - ETA: 13s - loss: 607921.3359
2176/3835 [================>.............] - ETA: 12s - loss: 607674.3309
2304/3835 [=================>............] - ETA: 11s - loss: 607539.9306
2432/3835 [==================>...........] - ETA: 10s - loss: 607106.2697
2560/3835 [===================>..........] - ETA: 9s - loss: 606737.3438 
2688/3835 [====================>.........] - ETA: 8s - loss: 606437.6310
2816/3835 [=====================>........] - ETA: 7s - loss: 606177.1932
2944/3835 [======================>.......] - ETA: 6s - loss: 605984.7826
3072/3835 [=======================>......] - ETA: 5s - loss: 605869.2552
3200/3835 [========================>.....] - ETA: 4s - loss: 606400.7375
3328/3835 [=========================>....] - ETA: 3s - loss: 606117.4543
3456/3835 [==========================>...] - ETA: 2s - loss: 605811.6782
3584/3835 [===========================>..] - ETA: 1s - loss: 605751.6339
3712/3835 [============================>.] - ETA: 0s - loss: 605511.3513
3835/3835 [==============================] - 28s 7ms/step - loss: 605728.5445
Epoch 7/100

 128/3835 [>.............................] - ETA: 27s - loss: 595952.3750
 256/3835 [=>............................] - ETA: 26s - loss: 596625.5938
 384/3835 [==>...........................] - ETA: 25s - loss: 598760.0625
 512/3835 [===>..........................] - ETA: 24s - loss: 599914.6094
 640/3835 [====>.........................] - ETA: 23s - loss: 600412.9750
 768/3835 [=====>........................] - ETA: 22s - loss: 602576.8229
 896/3835 [======>.......................] - ETA: 21s - loss: 603110.5089
1024/3835 [=======>......................] - ETA: 20s - loss: 602728.1016
1152/3835 [========>.....................] - ETA: 19s - loss: 603031.6458
1280/3835 [=========>....................] - ETA: 18s - loss: 602614.7063
1408/3835 [==========>...................] - ETA: 17s - loss: 603887.6477
1536/3835 [===========>..................] - ETA: 16s - loss: 603497.3073
1664/3835 [============>.................] - ETA: 15s - loss: 604417.3125
1792/3835 [=============>................] - ETA: 14s - loss: 604063.1696
1920/3835 [==============>...............] - ETA: 13s - loss: 603376.8833
2048/3835 [===============>..............] - ETA: 13s - loss: 603171.1016
2176/3835 [================>.............] - ETA: 12s - loss: 602773.2610
2304/3835 [=================>............] - ETA: 11s - loss: 602412.2049
2432/3835 [==================>...........] - ETA: 10s - loss: 602323.7500
2560/3835 [===================>..........] - ETA: 9s - loss: 602446.5875 
2688/3835 [====================>.........] - ETA: 8s - loss: 602952.6488
2816/3835 [=====================>........] - ETA: 7s - loss: 603150.9403
2944/3835 [======================>.......] - ETA: 6s - loss: 602794.6060
3072/3835 [=======================>......] - ETA: 5s - loss: 602880.8646
3200/3835 [========================>.....] - ETA: 4s - loss: 602890.3450
3328/3835 [=========================>....] - ETA: 3s - loss: 602790.8678
3456/3835 [==========================>...] - ETA: 2s - loss: 602601.8495
3584/3835 [===========================>..] - ETA: 1s - loss: 602437.9531
3712/3835 [============================>.] - ETA: 0s - loss: 602823.9397
3835/3835 [==============================] - 28s 7ms/step - loss: 603045.4979
Epoch 8/100

 128/3835 [>.............................] - ETA: 27s - loss: 601186.8750
 256/3835 [=>............................] - ETA: 26s - loss: 606369.0938
 384/3835 [==>...........................] - ETA: 25s - loss: 602839.0625
 512/3835 [===>..........................] - ETA: 24s - loss: 602266.8906
 640/3835 [====>.........................] - ETA: 23s - loss: 600935.1625
 768/3835 [=====>........................] - ETA: 22s - loss: 600499.9479
 896/3835 [======>.......................] - ETA: 21s - loss: 600267.0000
1024/3835 [=======>......................] - ETA: 20s - loss: 600608.3047
1152/3835 [========>.....................] - ETA: 19s - loss: 600325.3125
1280/3835 [=========>....................] - ETA: 18s - loss: 601747.5250
1408/3835 [==========>...................] - ETA: 17s - loss: 601254.8182
1536/3835 [===========>..................] - ETA: 16s - loss: 602181.0938
1664/3835 [============>.................] - ETA: 15s - loss: 601679.7548
1792/3835 [=============>................] - ETA: 14s - loss: 601282.5938
1920/3835 [==============>...............] - ETA: 13s - loss: 601173.7958
2048/3835 [===============>..............] - ETA: 13s - loss: 601162.6836
2176/3835 [================>.............] - ETA: 12s - loss: 600932.6618
2304/3835 [=================>............] - ETA: 11s - loss: 601179.5903
2432/3835 [==================>...........] - ETA: 10s - loss: 600730.6612
2560/3835 [===================>..........] - ETA: 9s - loss: 600457.2781 
2688/3835 [====================>.........] - ETA: 8s - loss: 600749.7887
2816/3835 [=====================>........] - ETA: 7s - loss: 600671.7131
2944/3835 [======================>.......] - ETA: 6s - loss: 600549.1821
3072/3835 [=======================>......] - ETA: 5s - loss: 600222.6068
3200/3835 [========================>.....] - ETA: 4s - loss: 600005.1325
3328/3835 [=========================>....] - ETA: 3s - loss: 600016.9688
3456/3835 [==========================>...] - ETA: 2s - loss: 600289.3079
3584/3835 [===========================>..] - ETA: 1s - loss: 599977.1607
3712/3835 [============================>.] - ETA: 0s - loss: 600531.9009
3835/3835 [==============================] - 28s 7ms/step - loss: 600743.3093
Epoch 9/100

 128/3835 [>.............................] - ETA: 26s - loss: 597999.6875
 256/3835 [=>............................] - ETA: 25s - loss: 602491.8750
 384/3835 [==>...........................] - ETA: 24s - loss: 601270.6458
 512/3835 [===>..........................] - ETA: 23s - loss: 600342.5781
 640/3835 [====>.........................] - ETA: 22s - loss: 599776.2875
 768/3835 [=====>........................] - ETA: 21s - loss: 600588.7292
 896/3835 [======>.......................] - ETA: 20s - loss: 600286.8929
1024/3835 [=======>......................] - ETA: 20s - loss: 599611.6562
1152/3835 [========>.....................] - ETA: 19s - loss: 599520.5556
1280/3835 [=========>....................] - ETA: 18s - loss: 599937.4000
1408/3835 [==========>...................] - ETA: 17s - loss: 599998.4545
1536/3835 [===========>..................] - ETA: 16s - loss: 599497.5625
1664/3835 [============>.................] - ETA: 15s - loss: 599099.6923
1792/3835 [=============>................] - ETA: 14s - loss: 599986.4821
1920/3835 [==============>...............] - ETA: 13s - loss: 599552.5333
2048/3835 [===============>..............] - ETA: 12s - loss: 599433.2930
2176/3835 [================>.............] - ETA: 11s - loss: 598982.4007
2304/3835 [=================>............] - ETA: 11s - loss: 598469.1632
2432/3835 [==================>...........] - ETA: 10s - loss: 599088.3783
2560/3835 [===================>..........] - ETA: 9s - loss: 598673.4656 
2688/3835 [====================>.........] - ETA: 8s - loss: 598388.5089
2816/3835 [=====================>........] - ETA: 7s - loss: 598974.7244
2944/3835 [======================>.......] - ETA: 6s - loss: 598681.2500
3072/3835 [=======================>......] - ETA: 5s - loss: 599156.8229
3200/3835 [========================>.....] - ETA: 4s - loss: 598870.0450
3328/3835 [=========================>....] - ETA: 3s - loss: 598858.7812
3456/3835 [==========================>...] - ETA: 2s - loss: 598643.4097
3584/3835 [===========================>..] - ETA: 1s - loss: 598458.4397
3712/3835 [============================>.] - ETA: 0s - loss: 598576.5754
3835/3835 [==============================] - 28s 7ms/step - loss: 598797.7305
Epoch 10/100

 128/3835 [>.............................] - ETA: 26s - loss: 594384.3750
 256/3835 [=>............................] - ETA: 26s - loss: 593873.2500
 384/3835 [==>...........................] - ETA: 25s - loss: 597288.7500
 512/3835 [===>..........................] - ETA: 24s - loss: 597620.7969
 640/3835 [====>.........................] - ETA: 23s - loss: 600139.8125
 768/3835 [=====>........................] - ETA: 22s - loss: 598650.0729
 896/3835 [======>.......................] - ETA: 21s - loss: 597818.9821
1024/3835 [=======>......................] - ETA: 20s - loss: 597431.1094
1152/3835 [========>.....................] - ETA: 19s - loss: 597433.0278
1280/3835 [=========>....................] - ETA: 18s - loss: 596690.1875
1408/3835 [==========>...................] - ETA: 17s - loss: 596910.1932
1536/3835 [===========>..................] - ETA: 16s - loss: 596860.7083
1664/3835 [============>.................] - ETA: 15s - loss: 596802.9904
1792/3835 [=============>................] - ETA: 14s - loss: 596860.5045
1920/3835 [==============>...............] - ETA: 13s - loss: 596289.4458
2048/3835 [===============>..............] - ETA: 13s - loss: 597045.3047
2176/3835 [================>.............] - ETA: 12s - loss: 596713.3088
2304/3835 [=================>............] - ETA: 11s - loss: 596648.3472
2432/3835 [==================>...........] - ETA: 10s - loss: 596405.8783
2560/3835 [===================>..........] - ETA: 9s - loss: 596103.9219 
2688/3835 [====================>.........] - ETA: 8s - loss: 595855.9375
2816/3835 [=====================>........] - ETA: 7s - loss: 596555.0170
2944/3835 [======================>.......] - ETA: 6s - loss: 596204.5870
3072/3835 [=======================>......] - ETA: 5s - loss: 596103.3620
3200/3835 [========================>.....] - ETA: 4s - loss: 596319.8850
3328/3835 [=========================>....] - ETA: 3s - loss: 596879.6298
3456/3835 [==========================>...] - ETA: 2s - loss: 596574.1019
3584/3835 [===========================>..] - ETA: 1s - loss: 596474.4732
3712/3835 [============================>.] - ETA: 0s - loss: 596706.0388
3835/3835 [==============================] - 28s 7ms/step - loss: 596933.3610
Epoch 11/100

 128/3835 [>.............................] - ETA: 26s - loss: 588945.7500
 256/3835 [=>............................] - ETA: 25s - loss: 592674.6250
 384/3835 [==>...........................] - ETA: 24s - loss: 591683.8333
 512/3835 [===>..........................] - ETA: 23s - loss: 592399.6250
 640/3835 [====>.........................] - ETA: 23s - loss: 592408.3500
 768/3835 [=====>........................] - ETA: 22s - loss: 594057.5417
 896/3835 [======>.......................] - ETA: 21s - loss: 594053.2143
1024/3835 [=======>......................] - ETA: 20s - loss: 594842.7500
1152/3835 [========>.....................] - ETA: 19s - loss: 596091.7083
1280/3835 [=========>....................] - ETA: 18s - loss: 595449.5938
1408/3835 [==========>...................] - ETA: 17s - loss: 595051.9375
1536/3835 [===========>..................] - ETA: 16s - loss: 594815.5312
1664/3835 [============>.................] - ETA: 15s - loss: 594492.8462
1792/3835 [=============>................] - ETA: 14s - loss: 594228.0357
1920/3835 [==============>...............] - ETA: 13s - loss: 594113.8042
2048/3835 [===============>..............] - ETA: 12s - loss: 593910.0977
2176/3835 [================>.............] - ETA: 12s - loss: 593581.9522
2304/3835 [=================>............] - ETA: 11s - loss: 593523.3368
2432/3835 [==================>...........] - ETA: 10s - loss: 593282.0888
2560/3835 [===================>..........] - ETA: 9s - loss: 594180.9156 
2688/3835 [====================>.........] - ETA: 8s - loss: 593913.5208
2816/3835 [=====================>........] - ETA: 7s - loss: 594663.8295
2944/3835 [======================>.......] - ETA: 6s - loss: 594766.4946
3072/3835 [=======================>......] - ETA: 5s - loss: 594677.8568
3200/3835 [========================>.....] - ETA: 4s - loss: 594536.3350
3328/3835 [=========================>....] - ETA: 3s - loss: 594568.3510
3456/3835 [==========================>...] - ETA: 2s - loss: 594973.9722
3584/3835 [===========================>..] - ETA: 1s - loss: 594741.3237
3712/3835 [============================>.] - ETA: 0s - loss: 594907.5733
3835/3835 [==============================] - 28s 7ms/step - loss: 595145.0134
Epoch 12/100

 128/3835 [>.............................] - ETA: 27s - loss: 593397.4375
 256/3835 [=>............................] - ETA: 26s - loss: 593494.5938
 384/3835 [==>...........................] - ETA: 25s - loss: 597103.1042
 512/3835 [===>..........................] - ETA: 24s - loss: 595656.9219
 640/3835 [====>.........................] - ETA: 23s - loss: 594761.5500
 768/3835 [=====>........................] - ETA: 22s - loss: 594165.2396
 896/3835 [======>.......................] - ETA: 21s - loss: 593651.5089
1024/3835 [=======>......................] - ETA: 20s - loss: 593968.0547
1152/3835 [========>.....................] - ETA: 19s - loss: 593340.5486
1280/3835 [=========>....................] - ETA: 18s - loss: 593508.8750
1408/3835 [==========>...................] - ETA: 17s - loss: 593969.6591
1536/3835 [===========>..................] - ETA: 16s - loss: 593768.3125
1664/3835 [============>.................] - ETA: 15s - loss: 594777.0769
1792/3835 [=============>................] - ETA: 14s - loss: 595676.5982
1920/3835 [==============>...............] - ETA: 14s - loss: 595004.2333
2048/3835 [===============>..............] - ETA: 13s - loss: 594953.4219
2176/3835 [================>.............] - ETA: 12s - loss: 594744.8162
2304/3835 [=================>............] - ETA: 11s - loss: 594601.1736
2432/3835 [==================>...........] - ETA: 10s - loss: 594261.4375
2560/3835 [===================>..........] - ETA: 9s - loss: 593974.3000 
2688/3835 [====================>.........] - ETA: 8s - loss: 593495.6964
2816/3835 [=====================>........] - ETA: 7s - loss: 593516.4148
2944/3835 [======================>.......] - ETA: 6s - loss: 593785.8315
3072/3835 [=======================>......] - ETA: 5s - loss: 593489.8620
3200/3835 [========================>.....] - ETA: 4s - loss: 594081.9325
3328/3835 [=========================>....] - ETA: 3s - loss: 593846.1082
3456/3835 [==========================>...] - ETA: 2s - loss: 593895.5162
3584/3835 [===========================>..] - ETA: 1s - loss: 593679.6942
3712/3835 [============================>.] - ETA: 0s - loss: 593912.6961
3835/3835 [==============================] - 28s 7ms/step - loss: 594140.9274
Epoch 13/100

 128/3835 [>.............................] - ETA: 26s - loss: 586400.3750
 256/3835 [=>............................] - ETA: 25s - loss: 589638.7812
 384/3835 [==>...........................] - ETA: 24s - loss: 590544.1458
 512/3835 [===>..........................] - ETA: 24s - loss: 589683.8281
 640/3835 [====>.........................] - ETA: 23s - loss: 589439.8125
 768/3835 [=====>........................] - ETA: 22s - loss: 588969.9688
 896/3835 [======>.......................] - ETA: 21s - loss: 590740.1161
1024/3835 [=======>......................] - ETA: 20s - loss: 591082.5547
1152/3835 [========>.....................] - ETA: 19s - loss: 591874.0903
1280/3835 [=========>....................] - ETA: 18s - loss: 591672.4563
1408/3835 [==========>...................] - ETA: 17s - loss: 592946.9830
1536/3835 [===========>..................] - ETA: 16s - loss: 592633.1979
1664/3835 [============>.................] - ETA: 15s - loss: 592279.5288
1792/3835 [=============>................] - ETA: 15s - loss: 592170.0536
1920/3835 [==============>...............] - ETA: 14s - loss: 592283.9000
2048/3835 [===============>..............] - ETA: 13s - loss: 592543.4141
2176/3835 [================>.............] - ETA: 12s - loss: 592533.9926
2304/3835 [=================>............] - ETA: 11s - loss: 592277.0417
2432/3835 [==================>...........] - ETA: 10s - loss: 592880.2303
2560/3835 [===================>..........] - ETA: 9s - loss: 593162.1250 
2688/3835 [====================>.........] - ETA: 8s - loss: 592655.5030
2816/3835 [=====================>........] - ETA: 7s - loss: 592529.3551
2944/3835 [======================>.......] - ETA: 6s - loss: 593051.5462
3072/3835 [=======================>......] - ETA: 5s - loss: 592758.5573
3200/3835 [========================>.....] - ETA: 4s - loss: 592867.0600
3328/3835 [=========================>....] - ETA: 3s - loss: 592700.8678
3456/3835 [==========================>...] - ETA: 2s - loss: 592508.5324
3584/3835 [===========================>..] - ETA: 1s - loss: 592424.8036
3712/3835 [============================>.] - ETA: 0s - loss: 592180.7414
3835/3835 [==============================] - 28s 7ms/step - loss: 592483.9399
Epoch 14/100

 128/3835 [>.............................] - ETA: 26s - loss: 602639.5000
 256/3835 [=>............................] - ETA: 25s - loss: 593906.3750
 384/3835 [==>...........................] - ETA: 25s - loss: 592659.3333
 512/3835 [===>..........................] - ETA: 24s - loss: 592721.6562
 640/3835 [====>.........................] - ETA: 23s - loss: 594398.4000
 768/3835 [=====>........................] - ETA: 22s - loss: 593930.8542
 896/3835 [======>.......................] - ETA: 21s - loss: 593255.1339
1024/3835 [=======>......................] - ETA: 20s - loss: 592663.2109
1152/3835 [========>.....................] - ETA: 19s - loss: 592278.4722
1280/3835 [=========>....................] - ETA: 18s - loss: 592288.4500
1408/3835 [==========>...................] - ETA: 17s - loss: 591686.8693
1536/3835 [===========>..................] - ETA: 16s - loss: 591334.7865
1664/3835 [============>.................] - ETA: 15s - loss: 590937.9712
1792/3835 [=============>................] - ETA: 14s - loss: 590939.5000
1920/3835 [==============>...............] - ETA: 13s - loss: 590752.0167
2048/3835 [===============>..............] - ETA: 13s - loss: 590382.7734
2176/3835 [================>.............] - ETA: 12s - loss: 589749.8088
2304/3835 [=================>............] - ETA: 11s - loss: 589424.3125
2432/3835 [==================>...........] - ETA: 10s - loss: 590373.8947
2560/3835 [===================>..........] - ETA: 9s - loss: 591218.1438 
2688/3835 [====================>.........] - ETA: 8s - loss: 590945.8452
2816/3835 [=====================>........] - ETA: 7s - loss: 590733.4489
2944/3835 [======================>.......] - ETA: 6s - loss: 590876.1033
3072/3835 [=======================>......] - ETA: 5s - loss: 591168.4661
3200/3835 [========================>.....] - ETA: 4s - loss: 590970.7025
3328/3835 [=========================>....] - ETA: 3s - loss: 590979.7284
3456/3835 [==========================>...] - ETA: 2s - loss: 590844.8565
3584/3835 [===========================>..] - ETA: 1s - loss: 591054.3438
3712/3835 [============================>.] - ETA: 0s - loss: 591229.4806
3835/3835 [==============================] - 28s 7ms/step - loss: 591436.5947
Epoch 15/100

 128/3835 [>.............................] - ETA: 27s - loss: 595266.7500
 256/3835 [=>............................] - ETA: 26s - loss: 590249.0625
 384/3835 [==>...........................] - ETA: 25s - loss: 590999.3333
 512/3835 [===>..........................] - ETA: 24s - loss: 593141.5312
 640/3835 [====>.........................] - ETA: 23s - loss: 591985.0625
 768/3835 [=====>........................] - ETA: 22s - loss: 590933.2604
 896/3835 [======>.......................] - ETA: 21s - loss: 590513.0893
1024/3835 [=======>......................] - ETA: 20s - loss: 590329.6797
1152/3835 [========>.....................] - ETA: 19s - loss: 589742.7431
1280/3835 [=========>....................] - ETA: 18s - loss: 589547.0000
1408/3835 [==========>...................] - ETA: 17s - loss: 590821.3239
1536/3835 [===========>..................] - ETA: 16s - loss: 590245.4219
1664/3835 [============>.................] - ETA: 15s - loss: 590572.3798
1792/3835 [=============>................] - ETA: 14s - loss: 590162.7188
1920/3835 [==============>...............] - ETA: 14s - loss: 590119.7125
2048/3835 [===============>..............] - ETA: 13s - loss: 589855.8867
2176/3835 [================>.............] - ETA: 12s - loss: 589841.2463
2304/3835 [=================>............] - ETA: 11s - loss: 589866.2014
2432/3835 [==================>...........] - ETA: 10s - loss: 590729.1250
2560/3835 [===================>..........] - ETA: 9s - loss: 590714.2937 
2688/3835 [====================>.........] - ETA: 8s - loss: 590980.4702
2816/3835 [=====================>........] - ETA: 7s - loss: 590839.2727
2944/3835 [======================>.......] - ETA: 6s - loss: 590428.1603
3072/3835 [=======================>......] - ETA: 5s - loss: 590439.5078
3200/3835 [========================>.....] - ETA: 4s - loss: 590203.1800
3328/3835 [=========================>....] - ETA: 3s - loss: 590360.2837
3456/3835 [==========================>...] - ETA: 2s - loss: 590117.8634
3584/3835 [===========================>..] - ETA: 1s - loss: 590551.2143
3712/3835 [============================>.] - ETA: 0s - loss: 590372.6444
3835/3835 [==============================] - 28s 7ms/step - loss: 590672.1496
Epoch 16/100

 128/3835 [>.............................] - ETA: 26s - loss: 596108.7500
 256/3835 [=>............................] - ETA: 25s - loss: 597401.9375
 384/3835 [==>...........................] - ETA: 24s - loss: 593010.8125
 512/3835 [===>..........................] - ETA: 23s - loss: 591770.5469
 640/3835 [====>.........................] - ETA: 23s - loss: 591111.5125
 768/3835 [=====>........................] - ETA: 22s - loss: 590279.6979
 896/3835 [======>.......................] - ETA: 21s - loss: 591026.9464
1024/3835 [=======>......................] - ETA: 20s - loss: 590414.1250
1152/3835 [========>.....................] - ETA: 19s - loss: 591753.2153
1280/3835 [=========>....................] - ETA: 18s - loss: 592204.9688
1408/3835 [==========>...................] - ETA: 17s - loss: 592092.5739
1536/3835 [===========>..................] - ETA: 16s - loss: 591477.1354
1664/3835 [============>.................] - ETA: 15s - loss: 591152.3894
1792/3835 [=============>................] - ETA: 14s - loss: 590347.7321
1920/3835 [==============>...............] - ETA: 13s - loss: 590105.4667
2048/3835 [===============>..............] - ETA: 12s - loss: 590795.9609
2176/3835 [================>.............] - ETA: 12s - loss: 590709.5882
2304/3835 [=================>............] - ETA: 11s - loss: 590265.6771
2432/3835 [==================>...........] - ETA: 10s - loss: 589933.0888
2560/3835 [===================>..........] - ETA: 9s - loss: 590443.7906 
2688/3835 [====================>.........] - ETA: 8s - loss: 590217.6250
2816/3835 [=====================>........] - ETA: 7s - loss: 589919.6733
2944/3835 [======================>.......] - ETA: 6s - loss: 589562.1984
3072/3835 [=======================>......] - ETA: 5s - loss: 589553.2969
3200/3835 [========================>.....] - ETA: 4s - loss: 589599.1100
3328/3835 [=========================>....] - ETA: 3s - loss: 589578.1971
3456/3835 [==========================>...] - ETA: 2s - loss: 589307.4051
3584/3835 [===========================>..] - ETA: 1s - loss: 589055.7188
3712/3835 [============================>.] - ETA: 0s - loss: 588953.7091
3835/3835 [==============================] - 28s 7ms/step - loss: 589359.0050
Epoch 17/100

 128/3835 [>.............................] - ETA: 27s - loss: 602458.3750
 256/3835 [=>............................] - ETA: 26s - loss: 593333.3750
 384/3835 [==>...........................] - ETA: 25s - loss: 590389.2708
 512/3835 [===>..........................] - ETA: 24s - loss: 587960.1094
 640/3835 [====>.........................] - ETA: 23s - loss: 588155.8250
 768/3835 [=====>........................] - ETA: 22s - loss: 587111.6771
 896/3835 [======>.......................] - ETA: 21s - loss: 588433.5625
1024/3835 [=======>......................] - ETA: 20s - loss: 589988.9609
1152/3835 [========>.....................] - ETA: 19s - loss: 590380.4375
1280/3835 [=========>....................] - ETA: 18s - loss: 589695.6562
1408/3835 [==========>...................] - ETA: 17s - loss: 589561.3636
1536/3835 [===========>..................] - ETA: 16s - loss: 589174.1406
1664/3835 [============>.................] - ETA: 15s - loss: 588925.7933
1792/3835 [=============>................] - ETA: 14s - loss: 588210.8438
1920/3835 [==============>...............] - ETA: 13s - loss: 588306.8042
2048/3835 [===============>..............] - ETA: 12s - loss: 588729.7891
2176/3835 [================>.............] - ETA: 12s - loss: 588416.2279
2304/3835 [=================>............] - ETA: 11s - loss: 588470.3056
2432/3835 [==================>...........] - ETA: 10s - loss: 588157.4605
2560/3835 [===================>..........] - ETA: 9s - loss: 588129.3812 
2688/3835 [====================>.........] - ETA: 8s - loss: 588224.6786
2816/3835 [=====================>........] - ETA: 7s - loss: 587980.0114
2944/3835 [======================>.......] - ETA: 6s - loss: 587876.2853
3072/3835 [=======================>......] - ETA: 5s - loss: 588456.7240
3200/3835 [========================>.....] - ETA: 4s - loss: 588098.3775
3328/3835 [=========================>....] - ETA: 3s - loss: 587896.9880
3456/3835 [==========================>...] - ETA: 2s - loss: 588355.7801
3584/3835 [===========================>..] - ETA: 1s - loss: 588245.6272
3712/3835 [============================>.] - ETA: 0s - loss: 588015.3599
3835/3835 [==============================] - 28s 7ms/step - loss: 588389.6725
Epoch 18/100

 128/3835 [>.............................] - ETA: 26s - loss: 590973.3750
 256/3835 [=>............................] - ETA: 26s - loss: 594622.1875
 384/3835 [==>...........................] - ETA: 25s - loss: 591021.5625
 512/3835 [===>..........................] - ETA: 24s - loss: 589892.9531
 640/3835 [====>.........................] - ETA: 23s - loss: 588523.0875
 768/3835 [=====>........................] - ETA: 22s - loss: 588137.2708
 896/3835 [======>.......................] - ETA: 21s - loss: 587433.8929
1024/3835 [=======>......................] - ETA: 20s - loss: 588760.6719
1152/3835 [========>.....................] - ETA: 19s - loss: 588046.6875
1280/3835 [=========>....................] - ETA: 18s - loss: 588563.3438
1408/3835 [==========>...................] - ETA: 17s - loss: 588328.3977
1536/3835 [===========>..................] - ETA: 16s - loss: 588399.2448
1664/3835 [============>.................] - ETA: 15s - loss: 587954.3077
1792/3835 [=============>................] - ETA: 14s - loss: 587824.5848
1920/3835 [==============>...............] - ETA: 13s - loss: 587813.7958
2048/3835 [===============>..............] - ETA: 12s - loss: 587843.0430
2176/3835 [================>.............] - ETA: 12s - loss: 588551.4301
2304/3835 [=================>............] - ETA: 11s - loss: 588231.3993
2432/3835 [==================>...........] - ETA: 10s - loss: 588033.8224
2560/3835 [===================>..........] - ETA: 9s - loss: 587961.6250 
2688/3835 [====================>.........] - ETA: 8s - loss: 587711.5595
2816/3835 [=====================>........] - ETA: 7s - loss: 587603.2159
2944/3835 [======================>.......] - ETA: 6s - loss: 587293.5543
3072/3835 [=======================>......] - ETA: 5s - loss: 587116.8490
3200/3835 [========================>.....] - ETA: 4s - loss: 586836.1650
3328/3835 [=========================>....] - ETA: 3s - loss: 586635.1731
3456/3835 [==========================>...] - ETA: 2s - loss: 586185.7824
3584/3835 [===========================>..] - ETA: 1s - loss: 586865.1920
3712/3835 [============================>.] - ETA: 0s - loss: 587191.4935
3835/3835 [==============================] - 28s 7ms/step - loss: 587705.9849
Epoch 19/100

 128/3835 [>.............................] - ETA: 26s - loss: 594557.6875
 256/3835 [=>............................] - ETA: 25s - loss: 587617.7812
 384/3835 [==>...........................] - ETA: 25s - loss: 587360.8958
 512/3835 [===>..........................] - ETA: 24s - loss: 586516.8906
 640/3835 [====>.........................] - ETA: 23s - loss: 587044.2375
 768/3835 [=====>........................] - ETA: 22s - loss: 586503.0938
 896/3835 [======>.......................] - ETA: 21s - loss: 588002.0714
1024/3835 [=======>......................] - ETA: 20s - loss: 589045.3125
1152/3835 [========>.....................] - ETA: 19s - loss: 588650.2569
1280/3835 [=========>....................] - ETA: 18s - loss: 588029.3000
1408/3835 [==========>...................] - ETA: 17s - loss: 588766.8864
1536/3835 [===========>..................] - ETA: 16s - loss: 588475.3750
1664/3835 [============>.................] - ETA: 15s - loss: 587906.7356
1792/3835 [=============>................] - ETA: 14s - loss: 587527.5670
1920/3835 [==============>...............] - ETA: 14s - loss: 587481.9125
2048/3835 [===============>..............] - ETA: 13s - loss: 587588.3711
2176/3835 [================>.............] - ETA: 12s - loss: 587223.9632
2304/3835 [=================>............] - ETA: 11s - loss: 587020.4201
2432/3835 [==================>...........] - ETA: 10s - loss: 586743.2039
2560/3835 [===================>..........] - ETA: 9s - loss: 586347.3187 
2688/3835 [====================>.........] - ETA: 8s - loss: 586375.6607
2816/3835 [=====================>........] - ETA: 7s - loss: 586497.4886
2944/3835 [======================>.......] - ETA: 6s - loss: 586215.3098
3072/3835 [=======================>......] - ETA: 5s - loss: 586461.5990
3200/3835 [========================>.....] - ETA: 4s - loss: 587150.5425
3328/3835 [=========================>....] - ETA: 3s - loss: 586900.7332
3456/3835 [==========================>...] - ETA: 2s - loss: 586516.4699
3584/3835 [===========================>..] - ETA: 1s - loss: 586469.8549
3712/3835 [============================>.] - ETA: 0s - loss: 586685.1659
3835/3835 [==============================] - 28s 7ms/step - loss: 586997.1508
Epoch 20/100

 128/3835 [>.............................] - ETA: 26s - loss: 582375.1875
 256/3835 [=>............................] - ETA: 26s - loss: 582958.8438
 384/3835 [==>...........................] - ETA: 25s - loss: 583634.1042
 512/3835 [===>..........................] - ETA: 24s - loss: 582649.7031
 640/3835 [====>.........................] - ETA: 23s - loss: 582274.7625
 768/3835 [=====>........................] - ETA: 22s - loss: 584728.6250
 896/3835 [======>.......................] - ETA: 21s - loss: 584148.9196
1024/3835 [=======>......................] - ETA: 20s - loss: 584681.8047
1152/3835 [========>.....................] - ETA: 19s - loss: 584998.0764
1280/3835 [=========>....................] - ETA: 18s - loss: 585288.1687
1408/3835 [==========>...................] - ETA: 17s - loss: 586397.8125
1536/3835 [===========>..................] - ETA: 16s - loss: 586371.5677
1664/3835 [============>.................] - ETA: 15s - loss: 587169.3510
1792/3835 [=============>................] - ETA: 14s - loss: 586865.9598
1920/3835 [==============>...............] - ETA: 14s - loss: 586663.6542
2048/3835 [===============>..............] - ETA: 13s - loss: 586429.2930
2176/3835 [================>.............] - ETA: 12s - loss: 587030.1507
2304/3835 [=================>............] - ETA: 11s - loss: 586803.6007
2432/3835 [==================>...........] - ETA: 10s - loss: 587015.0888
2560/3835 [===================>..........] - ETA: 9s - loss: 586917.1969 
2688/3835 [====================>.........] - ETA: 8s - loss: 586587.5238
2816/3835 [=====================>........] - ETA: 7s - loss: 586567.4148
2944/3835 [======================>.......] - ETA: 6s - loss: 586838.2500
3072/3835 [=======================>......] - ETA: 5s - loss: 586667.0938
3200/3835 [========================>.....] - ETA: 4s - loss: 586447.7150
3328/3835 [=========================>....] - ETA: 3s - loss: 586626.7067
3456/3835 [==========================>...] - ETA: 2s - loss: 586718.1227
3584/3835 [===========================>..] - ETA: 1s - loss: 586292.6094
3712/3835 [============================>.] - ETA: 0s - loss: 586084.4483
3835/3835 [==============================] - 28s 7ms/step - loss: 586460.6724
Epoch 21/100

 128/3835 [>.............................] - ETA: 26s - loss: 580695.7500
 256/3835 [=>............................] - ETA: 25s - loss: 581090.5938
 384/3835 [==>...........................] - ETA: 25s - loss: 580060.0625
 512/3835 [===>..........................] - ETA: 24s - loss: 584589.7031
 640/3835 [====>.........................] - ETA: 23s - loss: 583661.1625
 768/3835 [=====>........................] - ETA: 22s - loss: 584869.7812
 896/3835 [======>.......................] - ETA: 21s - loss: 584961.6875
1024/3835 [=======>......................] - ETA: 20s - loss: 585177.9297
1152/3835 [========>.....................] - ETA: 19s - loss: 586314.3056
1280/3835 [=========>....................] - ETA: 18s - loss: 585866.4375
1408/3835 [==========>...................] - ETA: 17s - loss: 585409.9659
1536/3835 [===========>..................] - ETA: 16s - loss: 584623.9792
1664/3835 [============>.................] - ETA: 15s - loss: 584628.7981
1792/3835 [=============>................] - ETA: 14s - loss: 584382.0357
1920/3835 [==============>...............] - ETA: 13s - loss: 584888.8708
2048/3835 [===============>..............] - ETA: 13s - loss: 584539.5469
2176/3835 [================>.............] - ETA: 12s - loss: 585045.0110
2304/3835 [=================>............] - ETA: 11s - loss: 584763.9861
2432/3835 [==================>...........] - ETA: 10s - loss: 584450.7829
2560/3835 [===================>..........] - ETA: 9s - loss: 584340.1906 
2688/3835 [====================>.........] - ETA: 8s - loss: 584925.2887
2816/3835 [=====================>........] - ETA: 7s - loss: 584826.7585
2944/3835 [======================>.......] - ETA: 6s - loss: 584852.3451
3072/3835 [=======================>......] - ETA: 5s - loss: 584786.1380
3200/3835 [========================>.....] - ETA: 4s - loss: 584690.5775
3328/3835 [=========================>....] - ETA: 3s - loss: 584819.7332
3456/3835 [==========================>...] - ETA: 2s - loss: 584862.2894
3584/3835 [===========================>..] - ETA: 1s - loss: 585324.4621
3712/3835 [============================>.] - ETA: 0s - loss: 585127.4677
3835/3835 [==============================] - 28s 7ms/step - loss: 585425.3689
Epoch 22/100

 128/3835 [>.............................] - ETA: 26s - loss: 579975.7500
 256/3835 [=>............................] - ETA: 25s - loss: 580831.6250
 384/3835 [==>...........................] - ETA: 24s - loss: 586016.6667
 512/3835 [===>..........................] - ETA: 23s - loss: 585105.3906
 640/3835 [====>.........................] - ETA: 23s - loss: 585121.4375
 768/3835 [=====>........................] - ETA: 22s - loss: 585963.5729
 896/3835 [======>.......................] - ETA: 21s - loss: 586018.4196
1024/3835 [=======>......................] - ETA: 20s - loss: 584634.9688
1152/3835 [========>.....................] - ETA: 19s - loss: 584464.1944
1280/3835 [=========>....................] - ETA: 18s - loss: 585490.8375
1408/3835 [==========>...................] - ETA: 17s - loss: 586539.5852
1536/3835 [===========>..................] - ETA: 16s - loss: 585909.6615
1664/3835 [============>.................] - ETA: 15s - loss: 585465.1298
1792/3835 [=============>................] - ETA: 14s - loss: 585363.4598
1920/3835 [==============>...............] - ETA: 13s - loss: 584963.9708
2048/3835 [===============>..............] - ETA: 13s - loss: 584601.7773
2176/3835 [================>.............] - ETA: 12s - loss: 584731.6654
2304/3835 [=================>............] - ETA: 11s - loss: 584727.3646
2432/3835 [==================>...........] - ETA: 10s - loss: 584303.0691
2560/3835 [===================>..........] - ETA: 9s - loss: 584078.9594 
2688/3835 [====================>.........] - ETA: 8s - loss: 584454.6042
2816/3835 [=====================>........] - ETA: 7s - loss: 584167.9006
2944/3835 [======================>.......] - ETA: 6s - loss: 583950.2201
3072/3835 [=======================>......] - ETA: 5s - loss: 584521.9010
3200/3835 [========================>.....] - ETA: 4s - loss: 584287.1075
3328/3835 [=========================>....] - ETA: 3s - loss: 584256.0096
3456/3835 [==========================>...] - ETA: 2s - loss: 584061.0648
3584/3835 [===========================>..] - ETA: 1s - loss: 584341.5804
3712/3835 [============================>.] - ETA: 0s - loss: 584383.3750
3835/3835 [==============================] - 28s 7ms/step - loss: 584763.2417
Epoch 23/100

 128/3835 [>.............................] - ETA: 26s - loss: 579539.7500
 256/3835 [=>............................] - ETA: 25s - loss: 578427.6875
 384/3835 [==>...........................] - ETA: 25s - loss: 583967.1250
 512/3835 [===>..........................] - ETA: 24s - loss: 587016.9062
 640/3835 [====>.........................] - ETA: 23s - loss: 585672.6625
 768/3835 [=====>........................] - ETA: 22s - loss: 586282.3646
 896/3835 [======>.......................] - ETA: 21s - loss: 586221.8661
1024/3835 [=======>......................] - ETA: 20s - loss: 585533.8750
1152/3835 [========>.....................] - ETA: 19s - loss: 585028.4722
1280/3835 [=========>....................] - ETA: 18s - loss: 584034.0000
1408/3835 [==========>...................] - ETA: 17s - loss: 583857.5568
1536/3835 [===========>..................] - ETA: 16s - loss: 583387.6667
1664/3835 [============>.................] - ETA: 15s - loss: 584326.7404
1792/3835 [=============>................] - ETA: 14s - loss: 583954.8571
1920/3835 [==============>...............] - ETA: 13s - loss: 584853.3750
2048/3835 [===============>..............] - ETA: 13s - loss: 584458.2617
2176/3835 [================>.............] - ETA: 12s - loss: 584602.7132
2304/3835 [=================>............] - ETA: 11s - loss: 584844.7639
2432/3835 [==================>...........] - ETA: 10s - loss: 585178.3026
2560/3835 [===================>..........] - ETA: 9s - loss: 584796.0156 
2688/3835 [====================>.........] - ETA: 8s - loss: 584767.8958
2816/3835 [=====================>........] - ETA: 7s - loss: 584705.6335
2944/3835 [======================>.......] - ETA: 6s - loss: 584682.6658
3072/3835 [=======================>......] - ETA: 5s - loss: 584543.3385
3200/3835 [========================>.....] - ETA: 4s - loss: 584593.9650
3328/3835 [=========================>....] - ETA: 3s - loss: 584559.4760
3456/3835 [==========================>...] - ETA: 2s - loss: 584335.4676
3584/3835 [===========================>..] - ETA: 1s - loss: 584248.1897
3712/3835 [============================>.] - ETA: 0s - loss: 584045.1358
3835/3835 [==============================] - 28s 7ms/step - loss: 584389.5535
Epoch 24/100

 128/3835 [>.............................] - ETA: 26s - loss: 596313.5000
 256/3835 [=>............................] - ETA: 26s - loss: 586973.4688
 384/3835 [==>...........................] - ETA: 25s - loss: 584708.1458
 512/3835 [===>..........................] - ETA: 24s - loss: 585553.9688
 640/3835 [====>.........................] - ETA: 23s - loss: 585294.6000
 768/3835 [=====>........................] - ETA: 22s - loss: 584708.9792
 896/3835 [======>.......................] - ETA: 21s - loss: 584169.2679
1024/3835 [=======>......................] - ETA: 20s - loss: 583435.9688
1152/3835 [========>.....................] - ETA: 19s - loss: 582487.6250
1280/3835 [=========>....................] - ETA: 18s - loss: 582216.3750
1408/3835 [==========>...................] - ETA: 17s - loss: 582975.6818
1536/3835 [===========>..................] - ETA: 16s - loss: 582556.6979
1664/3835 [============>.................] - ETA: 15s - loss: 582355.0048
1792/3835 [=============>................] - ETA: 14s - loss: 582007.1652
1920/3835 [==============>...............] - ETA: 14s - loss: 583028.3000
2048/3835 [===============>..............] - ETA: 13s - loss: 582612.2109
2176/3835 [================>.............] - ETA: 12s - loss: 582807.9816
2304/3835 [=================>............] - ETA: 11s - loss: 582380.2326
2432/3835 [==================>...........] - ETA: 10s - loss: 582433.1151
2560/3835 [===================>..........] - ETA: 9s - loss: 582448.8531 
2688/3835 [====================>.........] - ETA: 8s - loss: 582609.9554
2816/3835 [=====================>........] - ETA: 7s - loss: 583242.1222
2944/3835 [======================>.......] - ETA: 6s - loss: 583169.9185
3072/3835 [=======================>......] - ETA: 5s - loss: 582932.3724
3200/3835 [========================>.....] - ETA: 4s - loss: 583351.3175
3328/3835 [=========================>....] - ETA: 3s - loss: 583371.2043
3456/3835 [==========================>...] - ETA: 2s - loss: 583297.6019
3584/3835 [===========================>..] - ETA: 1s - loss: 583133.3527
3712/3835 [============================>.] - ETA: 0s - loss: 583404.5129
3835/3835 [==============================] - 28s 7ms/step - loss: 583717.6173
Epoch 25/100

 128/3835 [>.............................] - ETA: 27s - loss: 583203.1250
 256/3835 [=>............................] - ETA: 25s - loss: 582255.0625
 384/3835 [==>...........................] - ETA: 25s - loss: 581009.1042
 512/3835 [===>..........................] - ETA: 24s - loss: 580594.0156
 640/3835 [====>.........................] - ETA: 23s - loss: 580031.2875
 768/3835 [=====>........................] - ETA: 22s - loss: 580079.4792
 896/3835 [======>.......................] - ETA: 21s - loss: 582360.1429
1024/3835 [=======>......................] - ETA: 20s - loss: 582345.2344
1152/3835 [========>.....................] - ETA: 19s - loss: 583335.5417
1280/3835 [=========>....................] - ETA: 18s - loss: 583989.0687
1408/3835 [==========>...................] - ETA: 17s - loss: 584063.8011
1536/3835 [===========>..................] - ETA: 16s - loss: 583826.9323
1664/3835 [============>.................] - ETA: 15s - loss: 583097.2740
1792/3835 [=============>................] - ETA: 14s - loss: 583685.8616
1920/3835 [==============>...............] - ETA: 13s - loss: 583365.1292
2048/3835 [===============>..............] - ETA: 13s - loss: 583219.5273
2176/3835 [================>.............] - ETA: 12s - loss: 583278.8640
2304/3835 [=================>............] - ETA: 11s - loss: 583326.5660
2432/3835 [==================>...........] - ETA: 10s - loss: 583098.9375
2560/3835 [===================>..........] - ETA: 9s - loss: 582930.7031 
2688/3835 [====================>.........] - ETA: 8s - loss: 582741.2679
2816/3835 [=====================>........] - ETA: 7s - loss: 583377.8466
2944/3835 [======================>.......] - ETA: 6s - loss: 583068.8370
3072/3835 [=======================>......] - ETA: 5s - loss: 583226.8490
3200/3835 [========================>.....] - ETA: 4s - loss: 583432.1775
3328/3835 [=========================>....] - ETA: 3s - loss: 583392.3678
3456/3835 [==========================>...] - ETA: 2s - loss: 583138.2292
3584/3835 [===========================>..] - ETA: 1s - loss: 583575.0759
3712/3835 [============================>.] - ETA: 0s - loss: 583367.5560
3835/3835 [==============================] - 28s 7ms/step - loss: 583718.9582
Epoch 26/100

 128/3835 [>.............................] - ETA: 27s - loss: 580038.8750
 256/3835 [=>............................] - ETA: 26s - loss: 586182.5938
 384/3835 [==>...........................] - ETA: 25s - loss: 585062.6458
 512/3835 [===>..........................] - ETA: 24s - loss: 583009.8906
 640/3835 [====>.........................] - ETA: 23s - loss: 582516.0750
 768/3835 [=====>........................] - ETA: 22s - loss: 581753.5833
 896/3835 [======>.......................] - ETA: 21s - loss: 580693.6339
1024/3835 [=======>......................] - ETA: 20s - loss: 581929.0859
1152/3835 [========>.....................] - ETA: 19s - loss: 582177.9444
1280/3835 [=========>....................] - ETA: 18s - loss: 582218.4875
1408/3835 [==========>...................] - ETA: 17s - loss: 581728.5909
1536/3835 [===========>..................] - ETA: 16s - loss: 581394.1198
1664/3835 [============>.................] - ETA: 15s - loss: 581368.0192
1792/3835 [=============>................] - ETA: 14s - loss: 581039.0446
1920/3835 [==============>...............] - ETA: 13s - loss: 581270.7208
2048/3835 [===============>..............] - ETA: 13s - loss: 581209.5273
2176/3835 [================>.............] - ETA: 12s - loss: 580903.8419
2304/3835 [=================>............] - ETA: 11s - loss: 581264.7535
2432/3835 [==================>...........] - ETA: 10s - loss: 580968.2796
2560/3835 [===================>..........] - ETA: 9s - loss: 581725.2125 
2688/3835 [====================>.........] - ETA: 8s - loss: 581656.1429
2816/3835 [=====================>........] - ETA: 7s - loss: 581541.4034
2944/3835 [======================>.......] - ETA: 6s - loss: 581841.7663
3072/3835 [=======================>......] - ETA: 5s - loss: 582314.4922
3200/3835 [========================>.....] - ETA: 4s - loss: 582100.2825
3328/3835 [=========================>....] - ETA: 3s - loss: 582012.5745
3456/3835 [==========================>...] - ETA: 2s - loss: 582091.2708
3584/3835 [===========================>..] - ETA: 1s - loss: 582499.6183
3712/3835 [============================>.] - ETA: 0s - loss: 582473.6401
3835/3835 [==============================] - 28s 7ms/step - loss: 582806.1485
Epoch 27/100

 128/3835 [>.............................] - ETA: 26s - loss: 592059.0000
 256/3835 [=>............................] - ETA: 26s - loss: 586967.7500
 384/3835 [==>...........................] - ETA: 24s - loss: 587975.5833
 512/3835 [===>..........................] - ETA: 23s - loss: 585966.7031
 640/3835 [====>.........................] - ETA: 23s - loss: 584486.7125
 768/3835 [=====>........................] - ETA: 22s - loss: 584191.8750
 896/3835 [======>.......................] - ETA: 21s - loss: 582831.7321
1024/3835 [=======>......................] - ETA: 20s - loss: 583430.9375
1152/3835 [========>.....................] - ETA: 19s - loss: 582924.8194
1280/3835 [=========>....................] - ETA: 18s - loss: 582311.7000
1408/3835 [==========>...................] - ETA: 17s - loss: 582230.3864
1536/3835 [===========>..................] - ETA: 16s - loss: 582376.1667
1664/3835 [============>.................] - ETA: 15s - loss: 582304.7885
1792/3835 [=============>................] - ETA: 14s - loss: 583373.6250
1920/3835 [==============>...............] - ETA: 13s - loss: 583386.2292
2048/3835 [===============>..............] - ETA: 12s - loss: 584048.1836
2176/3835 [================>.............] - ETA: 12s - loss: 583633.5919
2304/3835 [=================>............] - ETA: 11s - loss: 583258.8090
2432/3835 [==================>...........] - ETA: 10s - loss: 583031.9243
2560/3835 [===================>..........] - ETA: 9s - loss: 582919.9875 
2688/3835 [====================>.........] - ETA: 8s - loss: 582784.6488
2816/3835 [=====================>........] - ETA: 7s - loss: 582597.9830
2944/3835 [======================>.......] - ETA: 6s - loss: 582445.8967
3072/3835 [=======================>......] - ETA: 5s - loss: 582289.8646
3200/3835 [========================>.....] - ETA: 4s - loss: 582522.0625
3328/3835 [=========================>....] - ETA: 3s - loss: 582394.6226
3456/3835 [==========================>...] - ETA: 2s - loss: 582122.4005
3584/3835 [===========================>..] - ETA: 1s - loss: 582436.6964
3712/3835 [============================>.] - ETA: 0s - loss: 582560.9440
3835/3835 [==============================] - 28s 7ms/step - loss: 582992.3578
Epoch 28/100

 128/3835 [>.............................] - ETA: 26s - loss: 576214.2500
 256/3835 [=>............................] - ETA: 26s - loss: 581589.6250
 384/3835 [==>...........................] - ETA: 25s - loss: 579873.2917
 512/3835 [===>..........................] - ETA: 24s - loss: 580875.5312
 640/3835 [====>.........................] - ETA: 23s - loss: 579951.7250
 768/3835 [=====>........................] - ETA: 22s - loss: 579973.8125
 896/3835 [======>.......................] - ETA: 21s - loss: 579522.5536
1024/3835 [=======>......................] - ETA: 20s - loss: 579947.8984
1152/3835 [========>.....................] - ETA: 19s - loss: 579707.6042
1280/3835 [=========>....................] - ETA: 18s - loss: 579203.1438
1408/3835 [==========>...................] - ETA: 17s - loss: 580709.6534
1536/3835 [===========>..................] - ETA: 16s - loss: 581943.7552
1664/3835 [============>.................] - ETA: 15s - loss: 581694.6154
1792/3835 [=============>................] - ETA: 14s - loss: 581362.0804
1920/3835 [==============>...............] - ETA: 14s - loss: 581489.5042
2048/3835 [===============>..............] - ETA: 13s - loss: 581544.2266
2176/3835 [================>.............] - ETA: 12s - loss: 581314.8676
2304/3835 [=================>............] - ETA: 11s - loss: 581752.9028
2432/3835 [==================>...........] - ETA: 10s - loss: 581531.5099
2560/3835 [===================>..........] - ETA: 9s - loss: 582057.3063 
2688/3835 [====================>.........] - ETA: 8s - loss: 581608.5179
2816/3835 [=====================>........] - ETA: 7s - loss: 581893.0966
2944/3835 [======================>.......] - ETA: 6s - loss: 582309.1033
3072/3835 [=======================>......] - ETA: 5s - loss: 582310.9010
3200/3835 [========================>.....] - ETA: 4s - loss: 582112.6400
3328/3835 [=========================>....] - ETA: 3s - loss: 582080.9183
3456/3835 [==========================>...] - ETA: 2s - loss: 581967.5903
3584/3835 [===========================>..] - ETA: 1s - loss: 581878.7969
3712/3835 [============================>.] - ETA: 0s - loss: 581835.9203
3835/3835 [==============================] - 28s 7ms/step - loss: 582135.2061
Epoch 29/100

 128/3835 [>.............................] - ETA: 27s - loss: 576003.3750
 256/3835 [=>............................] - ETA: 26s - loss: 575523.8125
 384/3835 [==>...........................] - ETA: 25s - loss: 577775.1250
 512/3835 [===>..........................] - ETA: 24s - loss: 582120.4375
 640/3835 [====>.........................] - ETA: 23s - loss: 581513.5500
 768/3835 [=====>........................] - ETA: 22s - loss: 581232.4688
 896/3835 [======>.......................] - ETA: 21s - loss: 580399.2143
1024/3835 [=======>......................] - ETA: 20s - loss: 580374.4531
1152/3835 [========>.....................] - ETA: 19s - loss: 580634.2708
1280/3835 [=========>....................] - ETA: 18s - loss: 580252.5687
1408/3835 [==========>...................] - ETA: 17s - loss: 581254.6705
1536/3835 [===========>..................] - ETA: 16s - loss: 581256.9948
1664/3835 [============>.................] - ETA: 15s - loss: 581175.7740
1792/3835 [=============>................] - ETA: 15s - loss: 581087.7188
1920/3835 [==============>...............] - ETA: 14s - loss: 580755.2792
2048/3835 [===============>..............] - ETA: 13s - loss: 581436.0391
2176/3835 [================>.............] - ETA: 12s - loss: 581241.3713
2304/3835 [=================>............] - ETA: 11s - loss: 581059.2153
2432/3835 [==================>...........] - ETA: 10s - loss: 581349.5000
2560/3835 [===================>..........] - ETA: 9s - loss: 580815.9469 
2688/3835 [====================>.........] - ETA: 8s - loss: 581084.3363
2816/3835 [=====================>........] - ETA: 7s - loss: 580844.2926
2944/3835 [======================>.......] - ETA: 6s - loss: 580975.5082
3072/3835 [=======================>......] - ETA: 5s - loss: 580839.2839
3200/3835 [========================>.....] - ETA: 4s - loss: 581307.3075
3328/3835 [=========================>....] - ETA: 3s - loss: 581147.5986
3456/3835 [==========================>...] - ETA: 2s - loss: 580974.3218
3584/3835 [===========================>..] - ETA: 1s - loss: 581222.1161
3712/3835 [============================>.] - ETA: 0s - loss: 580984.4138
3835/3835 [==============================] - 28s 7ms/step - loss: 581342.8966
Epoch 30/100

 128/3835 [>.............................] - ETA: 26s - loss: 574505.8125
 256/3835 [=>............................] - ETA: 25s - loss: 575971.7188
 384/3835 [==>...........................] - ETA: 25s - loss: 575922.1458
 512/3835 [===>..........................] - ETA: 24s - loss: 576231.3125
 640/3835 [====>.........................] - ETA: 23s - loss: 576351.3125
 768/3835 [=====>........................] - ETA: 22s - loss: 578010.4583
 896/3835 [======>.......................] - ETA: 22s - loss: 578699.8393
1024/3835 [=======>......................] - ETA: 21s - loss: 580643.4766
1152/3835 [========>.....................] - ETA: 19s - loss: 581915.5208
1280/3835 [=========>....................] - ETA: 18s - loss: 581230.7937
1408/3835 [==========>...................] - ETA: 17s - loss: 580667.7443
1536/3835 [===========>..................] - ETA: 17s - loss: 581033.3646
1664/3835 [============>.................] - ETA: 16s - loss: 580977.9231
1792/3835 [=============>................] - ETA: 15s - loss: 581032.0179
1920/3835 [==============>...............] - ETA: 14s - loss: 580820.0792
2048/3835 [===============>..............] - ETA: 13s - loss: 580551.0312
2176/3835 [================>.............] - ETA: 12s - loss: 580264.3603
2304/3835 [=================>............] - ETA: 11s - loss: 580143.1806
2432/3835 [==================>...........] - ETA: 10s - loss: 580178.3059
2560/3835 [===================>..........] - ETA: 9s - loss: 580295.1562 
2688/3835 [====================>.........] - ETA: 8s - loss: 580677.5774
2816/3835 [=====================>........] - ETA: 7s - loss: 580207.1335
2944/3835 [======================>.......] - ETA: 6s - loss: 580200.5299
3072/3835 [=======================>......] - ETA: 5s - loss: 580755.1589
3200/3835 [========================>.....] - ETA: 4s - loss: 580588.4150
3328/3835 [=========================>....] - ETA: 3s - loss: 580362.6298
3456/3835 [==========================>...] - ETA: 2s - loss: 580740.1111
3584/3835 [===========================>..] - ETA: 1s - loss: 580602.9911
3712/3835 [============================>.] - ETA: 0s - loss: 580668.8017
3835/3835 [==============================] - 28s 7ms/step - loss: 580981.7725
Epoch 31/100

 128/3835 [>.............................] - ETA: 26s - loss: 581829.2500
 256/3835 [=>............................] - ETA: 26s - loss: 583461.7500
 384/3835 [==>...........................] - ETA: 25s - loss: 581099.6458
 512/3835 [===>..........................] - ETA: 24s - loss: 580834.0469
 640/3835 [====>.........................] - ETA: 23s - loss: 582642.4625
 768/3835 [=====>........................] - ETA: 22s - loss: 581806.2917
 896/3835 [======>.......................] - ETA: 21s - loss: 580984.3839
1024/3835 [=======>......................] - ETA: 20s - loss: 580163.2734
1152/3835 [========>.....................] - ETA: 19s - loss: 579862.4653
1280/3835 [=========>....................] - ETA: 18s - loss: 579464.6625
1408/3835 [==========>...................] - ETA: 17s - loss: 579439.9091
1536/3835 [===========>..................] - ETA: 16s - loss: 578650.3542
1664/3835 [============>.................] - ETA: 15s - loss: 578886.0625
1792/3835 [=============>................] - ETA: 15s - loss: 579223.9241
1920/3835 [==============>...............] - ETA: 14s - loss: 578942.4958
2048/3835 [===============>..............] - ETA: 13s - loss: 579153.3320
2176/3835 [================>.............] - ETA: 12s - loss: 578914.5184
2304/3835 [=================>............] - ETA: 11s - loss: 578857.3854
2432/3835 [==================>...........] - ETA: 10s - loss: 579251.2928
2560/3835 [===================>..........] - ETA: 9s - loss: 579696.6031 
2688/3835 [====================>.........] - ETA: 8s - loss: 579717.4494
2816/3835 [=====================>........] - ETA: 7s - loss: 580173.1193
2944/3835 [======================>.......] - ETA: 6s - loss: 580702.6766
3072/3835 [=======================>......] - ETA: 5s - loss: 580607.2786
3200/3835 [========================>.....] - ETA: 4s - loss: 581030.6975
3328/3835 [=========================>....] - ETA: 3s - loss: 580993.0024
3456/3835 [==========================>...] - ETA: 2s - loss: 580851.5069
3584/3835 [===========================>..] - ETA: 1s - loss: 580820.7969
3712/3835 [============================>.] - ETA: 0s - loss: 580688.2586
3835/3835 [==============================] - 28s 7ms/step - loss: 580957.1044
Epoch 32/100

 128/3835 [>.............................] - ETA: 27s - loss: 577168.6250
 256/3835 [=>............................] - ETA: 26s - loss: 575618.6250
 384/3835 [==>...........................] - ETA: 25s - loss: 575323.0000
 512/3835 [===>..........................] - ETA: 24s - loss: 576950.7812
 640/3835 [====>.........................] - ETA: 23s - loss: 577763.4750
 768/3835 [=====>........................] - ETA: 22s - loss: 577478.3333
 896/3835 [======>.......................] - ETA: 21s - loss: 579210.7411
1024/3835 [=======>......................] - ETA: 20s - loss: 578637.7109
1152/3835 [========>.....................] - ETA: 19s - loss: 578442.6736
1280/3835 [=========>....................] - ETA: 18s - loss: 579612.8438
1408/3835 [==========>...................] - ETA: 17s - loss: 579149.8295
1536/3835 [===========>..................] - ETA: 16s - loss: 580167.1146
1664/3835 [============>.................] - ETA: 15s - loss: 579792.8894
1792/3835 [=============>................] - ETA: 14s - loss: 579797.2545
1920/3835 [==============>...............] - ETA: 13s - loss: 579943.0458
2048/3835 [===============>..............] - ETA: 12s - loss: 580573.3086
2176/3835 [================>.............] - ETA: 12s - loss: 580434.2610
2304/3835 [=================>............] - ETA: 11s - loss: 580495.8785
2432/3835 [==================>...........] - ETA: 10s - loss: 580273.0493
2560/3835 [===================>..........] - ETA: 9s - loss: 580500.0406 
2688/3835 [====================>.........] - ETA: 8s - loss: 580721.1012
2816/3835 [=====================>........] - ETA: 7s - loss: 580547.9318
2944/3835 [======================>.......] - ETA: 6s - loss: 580138.4076
3072/3835 [=======================>......] - ETA: 5s - loss: 579977.4271
3200/3835 [========================>.....] - ETA: 4s - loss: 579839.8450
3328/3835 [=========================>....] - ETA: 3s - loss: 579937.9904
3456/3835 [==========================>...] - ETA: 2s - loss: 579765.4398
3584/3835 [===========================>..] - ETA: 1s - loss: 579932.0893
3712/3835 [============================>.] - ETA: 0s - loss: 580434.6034
3835/3835 [==============================] - 28s 7ms/step - loss: 580785.8537
Epoch 33/100

 128/3835 [>.............................] - ETA: 27s - loss: 590535.1250
 256/3835 [=>............................] - ETA: 26s - loss: 584007.4688
 384/3835 [==>...........................] - ETA: 24s - loss: 584866.7708
 512/3835 [===>..........................] - ETA: 24s - loss: 583038.1406
 640/3835 [====>.........................] - ETA: 23s - loss: 581722.1125
 768/3835 [=====>........................] - ETA: 22s - loss: 581253.0104
 896/3835 [======>.......................] - ETA: 21s - loss: 581571.5089
1024/3835 [=======>......................] - ETA: 20s - loss: 581460.3984
1152/3835 [========>.....................] - ETA: 19s - loss: 581366.4167
1280/3835 [=========>....................] - ETA: 18s - loss: 580853.2000
1408/3835 [==========>...................] - ETA: 17s - loss: 580242.6250
1536/3835 [===========>..................] - ETA: 16s - loss: 579705.6927
1664/3835 [============>.................] - ETA: 15s - loss: 579560.7452
1792/3835 [=============>................] - ETA: 14s - loss: 579780.4420
1920/3835 [==============>...............] - ETA: 13s - loss: 579404.7833
2048/3835 [===============>..............] - ETA: 13s - loss: 579204.8750
2176/3835 [================>.............] - ETA: 12s - loss: 578878.9559
2304/3835 [=================>............] - ETA: 11s - loss: 579599.1667
2432/3835 [==================>...........] - ETA: 10s - loss: 579288.3092
2560/3835 [===================>..........] - ETA: 9s - loss: 578769.3562 
2688/3835 [====================>.........] - ETA: 8s - loss: 578692.3601
2816/3835 [=====================>........] - ETA: 7s - loss: 579221.0455
2944/3835 [======================>.......] - ETA: 6s - loss: 579225.4239
3072/3835 [=======================>......] - ETA: 5s - loss: 579767.8776
3200/3835 [========================>.....] - ETA: 4s - loss: 579707.5475
3328/3835 [=========================>....] - ETA: 3s - loss: 579707.0553
3456/3835 [==========================>...] - ETA: 2s - loss: 579761.4329
3584/3835 [===========================>..] - ETA: 1s - loss: 579925.4598
3712/3835 [============================>.] - ETA: 0s - loss: 579824.1897
3835/3835 [==============================] - 28s 7ms/step - loss: 580066.5112
Epoch 34/100

 128/3835 [>.............................] - ETA: 27s - loss: 576050.1875
 256/3835 [=>............................] - ETA: 26s - loss: 578435.5625
 384/3835 [==>...........................] - ETA: 25s - loss: 576007.7083
 512/3835 [===>..........................] - ETA: 24s - loss: 577138.8750
 640/3835 [====>.........................] - ETA: 23s - loss: 576563.7500
 768/3835 [=====>........................] - ETA: 22s - loss: 576687.5312
 896/3835 [======>.......................] - ETA: 21s - loss: 576478.2679
1024/3835 [=======>......................] - ETA: 20s - loss: 576960.8125
1152/3835 [========>.....................] - ETA: 19s - loss: 577937.5486
1280/3835 [=========>....................] - ETA: 18s - loss: 577694.3187
1408/3835 [==========>...................] - ETA: 17s - loss: 578009.0170
1536/3835 [===========>..................] - ETA: 16s - loss: 577548.1094
1664/3835 [============>.................] - ETA: 15s - loss: 577571.6346
1792/3835 [=============>................] - ETA: 15s - loss: 578725.4420
1920/3835 [==============>...............] - ETA: 14s - loss: 578490.4625
2048/3835 [===============>..............] - ETA: 13s - loss: 578626.9102
2176/3835 [================>.............] - ETA: 12s - loss: 578385.0772
2304/3835 [=================>............] - ETA: 11s - loss: 578383.8229
2432/3835 [==================>...........] - ETA: 10s - loss: 579016.0230
2560/3835 [===================>..........] - ETA: 9s - loss: 579401.0875 
2688/3835 [====================>.........] - ETA: 8s - loss: 579159.9524
2816/3835 [=====================>........] - ETA: 7s - loss: 579038.6335
2944/3835 [======================>.......] - ETA: 6s - loss: 578807.7065
3072/3835 [=======================>......] - ETA: 5s - loss: 579191.1146
3200/3835 [========================>.....] - ETA: 4s - loss: 579142.6900
3328/3835 [=========================>....] - ETA: 3s - loss: 579512.0673
3456/3835 [==========================>...] - ETA: 2s - loss: 579688.6782
3584/3835 [===========================>..] - ETA: 1s - loss: 579626.3237
3712/3835 [============================>.] - ETA: 0s - loss: 579466.0280
3835/3835 [==============================] - 28s 7ms/step - loss: 579708.3668
Epoch 35/100

 128/3835 [>.............................] - ETA: 27s - loss: 573900.2500
 256/3835 [=>............................] - ETA: 26s - loss: 578631.5000
 384/3835 [==>...........................] - ETA: 25s - loss: 581255.4167
 512/3835 [===>..........................] - ETA: 24s - loss: 580934.7500
 640/3835 [====>.........................] - ETA: 23s - loss: 580514.5375
 768/3835 [=====>........................] - ETA: 22s - loss: 580287.5521
 896/3835 [======>.......................] - ETA: 21s - loss: 579685.6518
1024/3835 [=======>......................] - ETA: 20s - loss: 580629.8906
1152/3835 [========>.....................] - ETA: 19s - loss: 580000.0278
1280/3835 [=========>....................] - ETA: 18s - loss: 579071.2688
1408/3835 [==========>...................] - ETA: 17s - loss: 579521.8352
1536/3835 [===========>..................] - ETA: 16s - loss: 580254.4688
1664/3835 [============>.................] - ETA: 15s - loss: 579840.3221
1792/3835 [=============>................] - ETA: 14s - loss: 579900.9509
1920/3835 [==============>...............] - ETA: 13s - loss: 579471.0042
2048/3835 [===============>..............] - ETA: 13s - loss: 579061.8633
2176/3835 [================>.............] - ETA: 12s - loss: 578967.7978
2304/3835 [=================>............] - ETA: 11s - loss: 578847.1806
2432/3835 [==================>...........] - ETA: 10s - loss: 578597.5658
2560/3835 [===================>..........] - ETA: 9s - loss: 578461.8063 
2688/3835 [====================>.........] - ETA: 8s - loss: 579114.2857
2816/3835 [=====================>........] - ETA: 7s - loss: 578912.1591
2944/3835 [======================>.......] - ETA: 6s - loss: 579046.4293
3072/3835 [=======================>......] - ETA: 5s - loss: 579048.6094
3200/3835 [========================>.....] - ETA: 4s - loss: 578901.2675
3328/3835 [=========================>....] - ETA: 3s - loss: 578769.1683
3456/3835 [==========================>...] - ETA: 2s - loss: 578550.5833
3584/3835 [===========================>..] - ETA: 1s - loss: 578458.3080
3712/3835 [============================>.] - ETA: 0s - loss: 578833.8297
3835/3835 [==============================] - 28s 7ms/step - loss: 579230.4080
Epoch 36/100

 128/3835 [>.............................] - ETA: 27s - loss: 575340.7500
 256/3835 [=>............................] - ETA: 25s - loss: 575415.5938
 384/3835 [==>...........................] - ETA: 25s - loss: 575591.6250
 512/3835 [===>..........................] - ETA: 24s - loss: 578467.5938
 640/3835 [====>.........................] - ETA: 23s - loss: 580915.5500
 768/3835 [=====>........................] - ETA: 22s - loss: 580484.5000
 896/3835 [======>.......................] - ETA: 21s - loss: 579695.7500
1024/3835 [=======>......................] - ETA: 20s - loss: 580157.9062
1152/3835 [========>.....................] - ETA: 19s - loss: 579403.5625
1280/3835 [=========>....................] - ETA: 18s - loss: 579400.5938
1408/3835 [==========>...................] - ETA: 17s - loss: 580115.6193
1536/3835 [===========>..................] - ETA: 16s - loss: 580147.4323
1664/3835 [============>.................] - ETA: 15s - loss: 580141.5721
1792/3835 [=============>................] - ETA: 14s - loss: 579728.2902
1920/3835 [==============>...............] - ETA: 13s - loss: 579587.0958
2048/3835 [===============>..............] - ETA: 12s - loss: 579798.2188
2176/3835 [================>.............] - ETA: 12s - loss: 579227.3603
2304/3835 [=================>............] - ETA: 11s - loss: 578972.5243
2432/3835 [==================>...........] - ETA: 10s - loss: 578774.3651
2560/3835 [===================>..........] - ETA: 9s - loss: 578520.3219 
2688/3835 [====================>.........] - ETA: 8s - loss: 578301.1399
2816/3835 [=====================>........] - ETA: 7s - loss: 578104.7244
2944/3835 [======================>.......] - ETA: 6s - loss: 578570.5897
3072/3835 [=======================>......] - ETA: 5s - loss: 578646.2370
3200/3835 [========================>.....] - ETA: 4s - loss: 578413.1100
3328/3835 [=========================>....] - ETA: 3s - loss: 578516.7981
3456/3835 [==========================>...] - ETA: 2s - loss: 578285.6042
3584/3835 [===========================>..] - ETA: 1s - loss: 578747.5089
3712/3835 [============================>.] - ETA: 0s - loss: 578705.1940
3835/3835 [==============================] - 28s 7ms/step - loss: 579063.7801
Epoch 37/100

 128/3835 [>.............................] - ETA: 26s - loss: 575076.5625
 256/3835 [=>............................] - ETA: 25s - loss: 577677.0312
 384/3835 [==>...........................] - ETA: 25s - loss: 580874.9375
 512/3835 [===>..........................] - ETA: 24s - loss: 580339.7188
 640/3835 [====>.........................] - ETA: 23s - loss: 580734.9875
 768/3835 [=====>........................] - ETA: 22s - loss: 581561.4479
 896/3835 [======>.......................] - ETA: 21s - loss: 580884.5268
1024/3835 [=======>......................] - ETA: 20s - loss: 580855.0625
1152/3835 [========>.....................] - ETA: 19s - loss: 580153.7917
1280/3835 [=========>....................] - ETA: 18s - loss: 580682.9375
1408/3835 [==========>...................] - ETA: 17s - loss: 580552.5455
1536/3835 [===========>..................] - ETA: 16s - loss: 581115.3906
1664/3835 [============>.................] - ETA: 15s - loss: 580878.3558
1792/3835 [=============>................] - ETA: 14s - loss: 580973.9821
1920/3835 [==============>...............] - ETA: 13s - loss: 580545.5167
2048/3835 [===============>..............] - ETA: 12s - loss: 580316.6289
2176/3835 [================>.............] - ETA: 12s - loss: 580141.1838
2304/3835 [=================>............] - ETA: 11s - loss: 579784.4757
2432/3835 [==================>...........] - ETA: 10s - loss: 579791.4737
2560/3835 [===================>..........] - ETA: 9s - loss: 579483.2937 
2688/3835 [====================>.........] - ETA: 8s - loss: 579391.4881
2816/3835 [=====================>........] - ETA: 7s - loss: 578870.7614
2944/3835 [======================>.......] - ETA: 6s - loss: 579569.2174
3072/3835 [=======================>......] - ETA: 5s - loss: 579265.3281
3200/3835 [========================>.....] - ETA: 4s - loss: 579081.0150
3328/3835 [=========================>....] - ETA: 3s - loss: 579113.8293
3456/3835 [==========================>...] - ETA: 2s - loss: 578930.8796
3584/3835 [===========================>..] - ETA: 1s - loss: 578864.3460
3712/3835 [============================>.] - ETA: 0s - loss: 578656.8470
3835/3835 [==============================] - 28s 7ms/step - loss: 579073.7329
Epoch 38/100

 128/3835 [>.............................] - ETA: 26s - loss: 578124.5000
 256/3835 [=>............................] - ETA: 26s - loss: 576873.6250
 384/3835 [==>...........................] - ETA: 25s - loss: 577436.3750
 512/3835 [===>..........................] - ETA: 24s - loss: 576374.7812
 640/3835 [====>.........................] - ETA: 23s - loss: 574866.1125
 768/3835 [=====>........................] - ETA: 22s - loss: 575340.8229
 896/3835 [======>.......................] - ETA: 21s - loss: 577415.7232
1024/3835 [=======>......................] - ETA: 20s - loss: 577133.5625
1152/3835 [========>.....................] - ETA: 19s - loss: 576583.6389
1280/3835 [=========>....................] - ETA: 18s - loss: 576444.7562
1408/3835 [==========>...................] - ETA: 17s - loss: 577611.5284
1536/3835 [===========>..................] - ETA: 16s - loss: 577410.4427
1664/3835 [============>.................] - ETA: 15s - loss: 576999.1683
1792/3835 [=============>................] - ETA: 14s - loss: 576739.3527
1920/3835 [==============>...............] - ETA: 13s - loss: 576463.0625
2048/3835 [===============>..............] - ETA: 13s - loss: 577097.6758
2176/3835 [================>.............] - ETA: 12s - loss: 576947.1875
2304/3835 [=================>............] - ETA: 11s - loss: 577193.3611
2432/3835 [==================>...........] - ETA: 10s - loss: 576911.9737
2560/3835 [===================>..........] - ETA: 9s - loss: 577521.8812 
2688/3835 [====================>.........] - ETA: 8s - loss: 578001.8601
2816/3835 [=====================>........] - ETA: 7s - loss: 577890.7756
2944/3835 [======================>.......] - ETA: 6s - loss: 578156.8505
3072/3835 [=======================>......] - ETA: 5s - loss: 578014.4349
3200/3835 [========================>.....] - ETA: 4s - loss: 578005.0650
3328/3835 [=========================>....] - ETA: 3s - loss: 578056.8101
3456/3835 [==========================>...] - ETA: 2s - loss: 578210.5995
3584/3835 [===========================>..] - ETA: 1s - loss: 578256.7969
3712/3835 [============================>.] - ETA: 0s - loss: 578092.1918
3835/3835 [==============================] - 28s 7ms/step - loss: 578406.7197
Epoch 39/100

 128/3835 [>.............................] - ETA: 27s - loss: 590085.9375
 256/3835 [=>............................] - ETA: 26s - loss: 580660.2812
 384/3835 [==>...........................] - ETA: 25s - loss: 578800.5625
 512/3835 [===>..........................] - ETA: 24s - loss: 578673.8281
 640/3835 [====>.........................] - ETA: 23s - loss: 577950.1375
 768/3835 [=====>........................] - ETA: 22s - loss: 578143.7604
 896/3835 [======>.......................] - ETA: 21s - loss: 579343.6696
1024/3835 [=======>......................] - ETA: 20s - loss: 578766.3516
1152/3835 [========>.....................] - ETA: 19s - loss: 578292.9514
1280/3835 [=========>....................] - ETA: 18s - loss: 577834.8000
1408/3835 [==========>...................] - ETA: 17s - loss: 577994.8864
1536/3835 [===========>..................] - ETA: 16s - loss: 577555.3490
1664/3835 [============>.................] - ETA: 15s - loss: 577657.0625
1792/3835 [=============>................] - ETA: 14s - loss: 578472.7455
1920/3835 [==============>...............] - ETA: 13s - loss: 578285.4750
2048/3835 [===============>..............] - ETA: 12s - loss: 577676.7461
2176/3835 [================>.............] - ETA: 11s - loss: 577409.8860
2304/3835 [=================>............] - ETA: 11s - loss: 577196.5972
2432/3835 [==================>...........] - ETA: 10s - loss: 577531.7763
2560/3835 [===================>..........] - ETA: 9s - loss: 577607.0375 
2688/3835 [====================>.........] - ETA: 8s - loss: 577669.9821
2816/3835 [=====================>........] - ETA: 7s - loss: 577432.2898
2944/3835 [======================>.......] - ETA: 6s - loss: 577387.9076
3072/3835 [=======================>......] - ETA: 5s - loss: 577159.6094
3200/3835 [========================>.....] - ETA: 4s - loss: 576930.9050
3328/3835 [=========================>....] - ETA: 3s - loss: 576744.1827
3456/3835 [==========================>...] - ETA: 2s - loss: 577211.3218
3584/3835 [===========================>..] - ETA: 1s - loss: 577402.6138
3712/3835 [============================>.] - ETA: 0s - loss: 577650.6099
3835/3835 [==============================] - 28s 7ms/step - loss: 578034.3961
Epoch 40/100

 128/3835 [>.............................] - ETA: 26s - loss: 581864.5000
 256/3835 [=>............................] - ETA: 25s - loss: 578701.8750
 384/3835 [==>...........................] - ETA: 24s - loss: 577257.9167
 512/3835 [===>..........................] - ETA: 24s - loss: 579960.9688
 640/3835 [====>.........................] - ETA: 23s - loss: 581047.5125
 768/3835 [=====>........................] - ETA: 22s - loss: 580675.7812
 896/3835 [======>.......................] - ETA: 21s - loss: 580055.9732
1024/3835 [=======>......................] - ETA: 20s - loss: 579503.1953
1152/3835 [========>.....................] - ETA: 19s - loss: 578877.9236
1280/3835 [=========>....................] - ETA: 18s - loss: 578282.5813
1408/3835 [==========>...................] - ETA: 17s - loss: 578317.9489
1536/3835 [===========>..................] - ETA: 16s - loss: 578067.2344
1664/3835 [============>.................] - ETA: 15s - loss: 578688.7212
1792/3835 [=============>................] - ETA: 15s - loss: 579443.7054
1920/3835 [==============>...............] - ETA: 14s - loss: 578942.6000
2048/3835 [===============>..............] - ETA: 13s - loss: 579570.4883
2176/3835 [================>.............] - ETA: 12s - loss: 579280.9816
2304/3835 [=================>............] - ETA: 11s - loss: 579219.0625
2432/3835 [==================>...........] - ETA: 10s - loss: 578995.1711
2560/3835 [===================>..........] - ETA: 9s - loss: 579026.4062 
2688/3835 [====================>.........] - ETA: 8s - loss: 578952.7976
2816/3835 [=====================>........] - ETA: 7s - loss: 578766.1648
2944/3835 [======================>.......] - ETA: 6s - loss: 578518.1821
3072/3835 [=======================>......] - ETA: 5s - loss: 578280.3724
3200/3835 [========================>.....] - ETA: 4s - loss: 578444.7850
3328/3835 [=========================>....] - ETA: 3s - loss: 578332.4760
3456/3835 [==========================>...] - ETA: 2s - loss: 577938.9167
3584/3835 [===========================>..] - ETA: 1s - loss: 577999.1004
3712/3835 [============================>.] - ETA: 0s - loss: 577930.9181
3835/3835 [==============================] - 28s 7ms/step - loss: 578314.6683
Epoch 41/100

 128/3835 [>.............................] - ETA: 27s - loss: 574049.7500
 256/3835 [=>............................] - ETA: 26s - loss: 580724.7500
 384/3835 [==>...........................] - ETA: 25s - loss: 582930.3333
 512/3835 [===>..........................] - ETA: 24s - loss: 581776.6875
 640/3835 [====>.........................] - ETA: 23s - loss: 581882.2500
 768/3835 [=====>........................] - ETA: 22s - loss: 581026.4167
 896/3835 [======>.......................] - ETA: 21s - loss: 580326.5804
1024/3835 [=======>......................] - ETA: 20s - loss: 579966.6328
1152/3835 [========>.....................] - ETA: 19s - loss: 580919.2778
1280/3835 [=========>....................] - ETA: 18s - loss: 580459.9125
1408/3835 [==========>...................] - ETA: 17s - loss: 580343.8977
1536/3835 [===========>..................] - ETA: 16s - loss: 579785.5573
1664/3835 [============>.................] - ETA: 15s - loss: 579947.2163
1792/3835 [=============>................] - ETA: 14s - loss: 579944.6920
1920/3835 [==============>...............] - ETA: 13s - loss: 579777.5542
2048/3835 [===============>..............] - ETA: 13s - loss: 579547.9258
2176/3835 [================>.............] - ETA: 12s - loss: 579834.9890
2304/3835 [=================>............] - ETA: 11s - loss: 579761.0104
2432/3835 [==================>...........] - ETA: 10s - loss: 579378.7763
2560/3835 [===================>..........] - ETA: 9s - loss: 579013.6000 
2688/3835 [====================>.........] - ETA: 8s - loss: 578499.1845
2816/3835 [=====================>........] - ETA: 7s - loss: 578306.9716
2944/3835 [======================>.......] - ETA: 6s - loss: 578006.0870
3072/3835 [=======================>......] - ETA: 5s - loss: 577800.8906
3200/3835 [========================>.....] - ETA: 4s - loss: 578342.4100
3328/3835 [=========================>....] - ETA: 3s - loss: 578069.7524
3456/3835 [==========================>...] - ETA: 2s - loss: 577849.7917
3584/3835 [===========================>..] - ETA: 1s - loss: 577662.9866
3712/3835 [============================>.] - ETA: 0s - loss: 577715.8793
3835/3835 [==============================] - 28s 7ms/step - loss: 578150.1979
Epoch 42/100

 128/3835 [>.............................] - ETA: 27s - loss: 582612.5000
 256/3835 [=>............................] - ETA: 26s - loss: 577510.7500
 384/3835 [==>...........................] - ETA: 25s - loss: 576484.0833
 512/3835 [===>..........................] - ETA: 24s - loss: 575221.8125
 640/3835 [====>.........................] - ETA: 23s - loss: 575472.4000
 768/3835 [=====>........................] - ETA: 22s - loss: 575947.2708
 896/3835 [======>.......................] - ETA: 21s - loss: 576353.6250
1024/3835 [=======>......................] - ETA: 20s - loss: 575985.8281
1152/3835 [========>.....................] - ETA: 19s - loss: 577456.3611
1280/3835 [=========>....................] - ETA: 18s - loss: 577055.8250
1408/3835 [==========>...................] - ETA: 17s - loss: 577681.8807
1536/3835 [===========>..................] - ETA: 16s - loss: 578095.8281
1664/3835 [============>.................] - ETA: 15s - loss: 578613.5625
1792/3835 [=============>................] - ETA: 14s - loss: 578445.3527
1920/3835 [==============>...............] - ETA: 13s - loss: 578139.1125
2048/3835 [===============>..............] - ETA: 13s - loss: 578071.9375
2176/3835 [================>.............] - ETA: 12s - loss: 577752.4081
2304/3835 [=================>............] - ETA: 11s - loss: 578253.3576
2432/3835 [==================>...........] - ETA: 10s - loss: 577888.1908
2560/3835 [===================>..........] - ETA: 9s - loss: 578317.1969 
2688/3835 [====================>.........] - ETA: 8s - loss: 578163.8542
2816/3835 [=====================>........] - ETA: 7s - loss: 578009.8949
2944/3835 [======================>.......] - ETA: 6s - loss: 578042.5082
3072/3835 [=======================>......] - ETA: 5s - loss: 577824.6510
3200/3835 [========================>.....] - ETA: 4s - loss: 577436.9725
3328/3835 [=========================>....] - ETA: 3s - loss: 577484.1466
3456/3835 [==========================>...] - ETA: 2s - loss: 577345.7593
3584/3835 [===========================>..] - ETA: 1s - loss: 577119.4263
3712/3835 [============================>.] - ETA: 0s - loss: 577085.6164
3835/3835 [==============================] - 28s 7ms/step - loss: 577439.4401
Epoch 43/100

 128/3835 [>.............................] - ETA: 27s - loss: 571012.7500
 256/3835 [=>............................] - ETA: 26s - loss: 570731.4375
 384/3835 [==>...........................] - ETA: 25s - loss: 571213.3750
 512/3835 [===>..........................] - ETA: 24s - loss: 571016.3594
 640/3835 [====>.........................] - ETA: 23s - loss: 571964.2375
 768/3835 [=====>........................] - ETA: 22s - loss: 574758.8229
 896/3835 [======>.......................] - ETA: 21s - loss: 575345.6518
1024/3835 [=======>......................] - ETA: 20s - loss: 574992.1719
1152/3835 [========>.....................] - ETA: 19s - loss: 575424.2569
1280/3835 [=========>....................] - ETA: 18s - loss: 575165.8250
1408/3835 [==========>...................] - ETA: 17s - loss: 576321.4261
1536/3835 [===========>..................] - ETA: 16s - loss: 575975.6510
1664/3835 [============>.................] - ETA: 15s - loss: 576429.4712
1792/3835 [=============>................] - ETA: 14s - loss: 576263.0580
1920/3835 [==============>...............] - ETA: 14s - loss: 577040.8958
2048/3835 [===============>..............] - ETA: 13s - loss: 577039.2617
2176/3835 [================>.............] - ETA: 12s - loss: 576969.6654
2304/3835 [=================>............] - ETA: 11s - loss: 576943.4653
2432/3835 [==================>...........] - ETA: 10s - loss: 576932.2368
2560/3835 [===================>..........] - ETA: 9s - loss: 576800.7281 
2688/3835 [====================>.........] - ETA: 8s - loss: 576888.8006
2816/3835 [=====================>........] - ETA: 7s - loss: 576490.0483
2944/3835 [======================>.......] - ETA: 6s - loss: 576741.0734
3072/3835 [=======================>......] - ETA: 5s - loss: 576511.5651
3200/3835 [========================>.....] - ETA: 4s - loss: 576308.2875
3328/3835 [=========================>....] - ETA: 3s - loss: 576122.9591
3456/3835 [==========================>...] - ETA: 2s - loss: 576539.7083
3584/3835 [===========================>..] - ETA: 1s - loss: 576840.4509
3712/3835 [============================>.] - ETA: 0s - loss: 576877.4914
3835/3835 [==============================] - 28s 7ms/step - loss: 577179.3528
Epoch 44/100

 128/3835 [>.............................] - ETA: 27s - loss: 577484.4375
 256/3835 [=>............................] - ETA: 26s - loss: 575646.4062
 384/3835 [==>...........................] - ETA: 25s - loss: 574407.2292
 512/3835 [===>..........................] - ETA: 24s - loss: 575339.5781
 640/3835 [====>.........................] - ETA: 23s - loss: 575538.0375
 768/3835 [=====>........................] - ETA: 22s - loss: 576822.7396
 896/3835 [======>.......................] - ETA: 21s - loss: 576451.3036
1024/3835 [=======>......................] - ETA: 20s - loss: 576223.0156
1152/3835 [========>.....................] - ETA: 19s - loss: 575798.3125
1280/3835 [=========>....................] - ETA: 18s - loss: 576687.8688
1408/3835 [==========>...................] - ETA: 17s - loss: 576292.4602
1536/3835 [===========>..................] - ETA: 16s - loss: 575942.2344
1664/3835 [============>.................] - ETA: 15s - loss: 576541.9183
1792/3835 [=============>................] - ETA: 14s - loss: 576894.6518
1920/3835 [==============>...............] - ETA: 14s - loss: 577020.3500
2048/3835 [===============>..............] - ETA: 13s - loss: 577007.9922
2176/3835 [================>.............] - ETA: 12s - loss: 576814.6618
2304/3835 [=================>............] - ETA: 11s - loss: 577331.9514
2432/3835 [==================>...........] - ETA: 10s - loss: 577005.3454
2560/3835 [===================>..........] - ETA: 9s - loss: 577538.6594 
2688/3835 [====================>.........] - ETA: 8s - loss: 577461.0446
2816/3835 [=====================>........] - ETA: 7s - loss: 577410.7642
2944/3835 [======================>.......] - ETA: 6s - loss: 577207.1386
3072/3835 [=======================>......] - ETA: 5s - loss: 577111.8125
3200/3835 [========================>.....] - ETA: 4s - loss: 576733.2525
3328/3835 [=========================>....] - ETA: 3s - loss: 576945.1226
3456/3835 [==========================>...] - ETA: 2s - loss: 576779.3935
3584/3835 [===========================>..] - ETA: 1s - loss: 576609.4911
3712/3835 [============================>.] - ETA: 0s - loss: 576703.8319
3835/3835 [==============================] - 28s 7ms/step - loss: 577127.8706
Epoch 45/100

 128/3835 [>.............................] - ETA: 26s - loss: 584175.6875
 256/3835 [=>............................] - ETA: 26s - loss: 577225.7812
 384/3835 [==>...........................] - ETA: 25s - loss: 577437.1042
 512/3835 [===>..........................] - ETA: 24s - loss: 579240.8281
 640/3835 [====>.........................] - ETA: 23s - loss: 578418.3375
 768/3835 [=====>........................] - ETA: 22s - loss: 578019.6562
 896/3835 [======>.......................] - ETA: 21s - loss: 577836.1518
1024/3835 [=======>......................] - ETA: 20s - loss: 577627.9609
1152/3835 [========>.....................] - ETA: 19s - loss: 577135.8264
1280/3835 [=========>....................] - ETA: 18s - loss: 577020.4313
1408/3835 [==========>...................] - ETA: 17s - loss: 576620.0511
1536/3835 [===========>..................] - ETA: 16s - loss: 576729.6719
1664/3835 [============>.................] - ETA: 15s - loss: 576531.6490
1792/3835 [=============>................] - ETA: 14s - loss: 577239.8080
1920/3835 [==============>...............] - ETA: 14s - loss: 577038.0958
2048/3835 [===============>..............] - ETA: 13s - loss: 576651.6445
2176/3835 [================>.............] - ETA: 12s - loss: 576772.0735
2304/3835 [=================>............] - ETA: 11s - loss: 576486.7014
2432/3835 [==================>...........] - ETA: 10s - loss: 577235.8750
2560/3835 [===================>..........] - ETA: 9s - loss: 576958.2688 
2688/3835 [====================>.........] - ETA: 8s - loss: 577188.2976
2816/3835 [=====================>........] - ETA: 7s - loss: 577042.2301
2944/3835 [======================>.......] - ETA: 6s - loss: 577154.2962
3072/3835 [=======================>......] - ETA: 5s - loss: 576905.6536
3200/3835 [========================>.....] - ETA: 4s - loss: 576515.8225
3328/3835 [=========================>....] - ETA: 3s - loss: 576318.4399
3456/3835 [==========================>...] - ETA: 2s - loss: 576179.8611
3584/3835 [===========================>..] - ETA: 1s - loss: 576517.8281
3712/3835 [============================>.] - ETA: 0s - loss: 576881.2371
3835/3835 [==============================] - 28s 7ms/step - loss: 577189.8701
Epoch 46/100

 128/3835 [>.............................] - ETA: 26s - loss: 572718.8750
 256/3835 [=>............................] - ETA: 25s - loss: 572302.7188
 384/3835 [==>...........................] - ETA: 24s - loss: 573039.2708
 512/3835 [===>..........................] - ETA: 24s - loss: 573355.5312
 640/3835 [====>.........................] - ETA: 23s - loss: 573321.0250
 768/3835 [=====>........................] - ETA: 22s - loss: 572836.2917
 896/3835 [======>.......................] - ETA: 21s - loss: 572089.4375
1024/3835 [=======>......................] - ETA: 20s - loss: 572794.7812
1152/3835 [========>.....................] - ETA: 19s - loss: 572698.5069
1280/3835 [=========>....................] - ETA: 18s - loss: 572538.1750
1408/3835 [==========>...................] - ETA: 17s - loss: 574131.7330
1536/3835 [===========>..................] - ETA: 16s - loss: 574549.8281
1664/3835 [============>.................] - ETA: 15s - loss: 574256.6298
1792/3835 [=============>................] - ETA: 15s - loss: 574484.2366
1920/3835 [==============>...............] - ETA: 14s - loss: 574438.0500
2048/3835 [===============>..............] - ETA: 13s - loss: 574503.0195
2176/3835 [================>.............] - ETA: 12s - loss: 574918.9816
2304/3835 [=================>............] - ETA: 11s - loss: 574682.7257
2432/3835 [==================>...........] - ETA: 10s - loss: 574768.0230
2560/3835 [===================>..........] - ETA: 9s - loss: 575318.2531 
2688/3835 [====================>.........] - ETA: 8s - loss: 575424.6518
2816/3835 [=====================>........] - ETA: 7s - loss: 575825.9943
2944/3835 [======================>.......] - ETA: 6s - loss: 575657.9239
3072/3835 [=======================>......] - ETA: 5s - loss: 575588.9375
3200/3835 [========================>.....] - ETA: 4s - loss: 575966.3950
3328/3835 [=========================>....] - ETA: 3s - loss: 576026.8918
3456/3835 [==========================>...] - ETA: 2s - loss: 575928.7454
3584/3835 [===========================>..] - ETA: 1s - loss: 576196.3951
3712/3835 [============================>.] - ETA: 0s - loss: 576355.5043
3835/3835 [==============================] - 28s 7ms/step - loss: 576635.7982
Epoch 47/100

 128/3835 [>.............................] - ETA: 27s - loss: 582182.1250
 256/3835 [=>............................] - ETA: 26s - loss: 578191.0312
 384/3835 [==>...........................] - ETA: 25s - loss: 577674.5208
 512/3835 [===>..........................] - ETA: 24s - loss: 579227.9688
 640/3835 [====>.........................] - ETA: 23s - loss: 578884.9500
 768/3835 [=====>........................] - ETA: 22s - loss: 579436.5208
 896/3835 [======>.......................] - ETA: 21s - loss: 578680.7500
1024/3835 [=======>......................] - ETA: 20s - loss: 577979.4531
1152/3835 [========>.....................] - ETA: 19s - loss: 577829.8333
1280/3835 [=========>....................] - ETA: 18s - loss: 577235.5375
1408/3835 [==========>...................] - ETA: 17s - loss: 576748.5114
1536/3835 [===========>..................] - ETA: 16s - loss: 577091.7500
1664/3835 [============>.................] - ETA: 15s - loss: 576782.0913
1792/3835 [=============>................] - ETA: 14s - loss: 576382.8884
1920/3835 [==============>...............] - ETA: 14s - loss: 576222.6375
2048/3835 [===============>..............] - ETA: 13s - loss: 576281.1055
2176/3835 [================>.............] - ETA: 12s - loss: 575699.0919
2304/3835 [=================>............] - ETA: 11s - loss: 575439.7917
2432/3835 [==================>...........] - ETA: 10s - loss: 575620.9539
2560/3835 [===================>..........] - ETA: 9s - loss: 575424.7500 
2688/3835 [====================>.........] - ETA: 8s - loss: 576162.5655
2816/3835 [=====================>........] - ETA: 7s - loss: 575934.0852
2944/3835 [======================>.......] - ETA: 6s - loss: 576150.2908
3072/3835 [=======================>......] - ETA: 5s - loss: 576524.4818
3200/3835 [========================>.....] - ETA: 4s - loss: 576407.3575
3328/3835 [=========================>....] - ETA: 3s - loss: 576445.4976
3456/3835 [==========================>...] - ETA: 2s - loss: 576437.1875
3584/3835 [===========================>..] - ETA: 1s - loss: 576311.4576
3712/3835 [============================>.] - ETA: 0s - loss: 576289.5129
3835/3835 [==============================] - 28s 7ms/step - loss: 576608.2461
Epoch 48/100

 128/3835 [>.............................] - ETA: 26s - loss: 576582.9375
 256/3835 [=>............................] - ETA: 26s - loss: 578184.0312
 384/3835 [==>...........................] - ETA: 25s - loss: 576257.1250
 512/3835 [===>..........................] - ETA: 24s - loss: 578232.4688
 640/3835 [====>.........................] - ETA: 23s - loss: 580090.9000
 768/3835 [=====>........................] - ETA: 22s - loss: 579484.8958
 896/3835 [======>.......................] - ETA: 21s - loss: 578960.1250
1024/3835 [=======>......................] - ETA: 20s - loss: 578465.5781
1152/3835 [========>.....................] - ETA: 19s - loss: 577718.4792
1280/3835 [=========>....................] - ETA: 18s - loss: 578304.0563
1408/3835 [==========>...................] - ETA: 17s - loss: 577949.8807
1536/3835 [===========>..................] - ETA: 16s - loss: 577741.0521
1664/3835 [============>.................] - ETA: 15s - loss: 577178.8990
1792/3835 [=============>................] - ETA: 15s - loss: 576908.1161
1920/3835 [==============>...............] - ETA: 14s - loss: 576661.1583
2048/3835 [===============>..............] - ETA: 13s - loss: 576372.6094
2176/3835 [================>.............] - ETA: 12s - loss: 575980.5147
2304/3835 [=================>............] - ETA: 11s - loss: 575430.9097
2432/3835 [==================>...........] - ETA: 10s - loss: 575128.0592
2560/3835 [===================>..........] - ETA: 9s - loss: 575081.9469 
2688/3835 [====================>.........] - ETA: 8s - loss: 575880.1280
2816/3835 [=====================>........] - ETA: 7s - loss: 576374.5938
2944/3835 [======================>.......] - ETA: 6s - loss: 576154.2609
3072/3835 [=======================>......] - ETA: 5s - loss: 575896.2005
3200/3835 [========================>.....] - ETA: 4s - loss: 575986.1450
3328/3835 [=========================>....] - ETA: 3s - loss: 575832.8221
3456/3835 [==========================>...] - ETA: 2s - loss: 575927.7222
3584/3835 [===========================>..] - ETA: 1s - loss: 576110.6362
3712/3835 [============================>.] - ETA: 0s - loss: 576030.6746
3835/3835 [==============================] - 28s 7ms/step - loss: 576318.7407
Epoch 49/100

 128/3835 [>.............................] - ETA: 27s - loss: 577022.9375
 256/3835 [=>............................] - ETA: 26s - loss: 579682.2188
 384/3835 [==>...........................] - ETA: 25s - loss: 578029.8542
 512/3835 [===>..........................] - ETA: 24s - loss: 577507.6406
 640/3835 [====>.........................] - ETA: 23s - loss: 576689.5125
 768/3835 [=====>........................] - ETA: 22s - loss: 576229.8854
 896/3835 [======>.......................] - ETA: 21s - loss: 575852.7232
1024/3835 [=======>......................] - ETA: 20s - loss: 576016.4141
1152/3835 [========>.....................] - ETA: 19s - loss: 575421.2986
1280/3835 [=========>....................] - ETA: 18s - loss: 576382.2438
1408/3835 [==========>...................] - ETA: 17s - loss: 576498.9034
1536/3835 [===========>..................] - ETA: 16s - loss: 576904.7344
1664/3835 [============>.................] - ETA: 15s - loss: 577703.4567
1792/3835 [=============>................] - ETA: 14s - loss: 577388.1116
1920/3835 [==============>...............] - ETA: 13s - loss: 577437.4042
2048/3835 [===============>..............] - ETA: 13s - loss: 576997.1367
2176/3835 [================>.............] - ETA: 12s - loss: 576777.1213
2304/3835 [=================>............] - ETA: 11s - loss: 576510.1285
2432/3835 [==================>...........] - ETA: 10s - loss: 576451.9770
2560/3835 [===================>..........] - ETA: 9s - loss: 576414.2188 
2688/3835 [====================>.........] - ETA: 8s - loss: 576279.2738
2816/3835 [=====================>........] - ETA: 7s - loss: 576690.7557
2944/3835 [======================>.......] - ETA: 6s - loss: 576875.9946
3072/3835 [=======================>......] - ETA: 5s - loss: 576631.0573
3200/3835 [========================>.....] - ETA: 4s - loss: 576650.8300
3328/3835 [=========================>....] - ETA: 3s - loss: 576480.8990
3456/3835 [==========================>...] - ETA: 2s - loss: 576882.8194
3584/3835 [===========================>..] - ETA: 1s - loss: 576658.6205
3712/3835 [============================>.] - ETA: 0s - loss: 576315.6164
3835/3835 [==============================] - 28s 7ms/step - loss: 576591.0396
Epoch 50/100

 128/3835 [>.............................] - ETA: 27s - loss: 572026.1875
 256/3835 [=>............................] - ETA: 26s - loss: 577687.9062
 384/3835 [==>...........................] - ETA: 25s - loss: 578190.1875
 512/3835 [===>..........................] - ETA: 24s - loss: 576351.9062
 640/3835 [====>.........................] - ETA: 23s - loss: 576139.8750
 768/3835 [=====>........................] - ETA: 22s - loss: 575917.3958
 896/3835 [======>.......................] - ETA: 21s - loss: 575510.9375
1024/3835 [=======>......................] - ETA: 20s - loss: 575126.6953
1152/3835 [========>.....................] - ETA: 19s - loss: 574798.2986
1280/3835 [=========>....................] - ETA: 18s - loss: 575512.9125
1408/3835 [==========>...................] - ETA: 17s - loss: 576594.2273
1536/3835 [===========>..................] - ETA: 16s - loss: 576597.8958
1664/3835 [============>.................] - ETA: 15s - loss: 576056.2981
1792/3835 [=============>................] - ETA: 14s - loss: 575545.8214
1920/3835 [==============>...............] - ETA: 13s - loss: 575234.7583
2048/3835 [===============>..............] - ETA: 13s - loss: 575007.9023
2176/3835 [================>.............] - ETA: 12s - loss: 574778.4559
2304/3835 [=================>............] - ETA: 11s - loss: 575317.7917
2432/3835 [==================>...........] - ETA: 10s - loss: 575024.5724
2560/3835 [===================>..........] - ETA: 9s - loss: 574760.1844 
2688/3835 [====================>.........] - ETA: 8s - loss: 575085.2649
2816/3835 [=====================>........] - ETA: 7s - loss: 575219.1136
2944/3835 [======================>.......] - ETA: 6s - loss: 575295.1522
3072/3835 [=======================>......] - ETA: 5s - loss: 575706.2917
3200/3835 [========================>.....] - ETA: 4s - loss: 575617.5350
3328/3835 [=========================>....] - ETA: 3s - loss: 575582.0144
3456/3835 [==========================>...] - ETA: 2s - loss: 575594.2176
3584/3835 [===========================>..] - ETA: 1s - loss: 575285.2433
3712/3835 [============================>.] - ETA: 0s - loss: 575125.7457
3835/3835 [==============================] - 28s 7ms/step - loss: 575377.1181
Epoch 51/100

 128/3835 [>.............................] - ETA: 27s - loss: 576804.8750
 256/3835 [=>............................] - ETA: 25s - loss: 573036.4375
 384/3835 [==>...........................] - ETA: 24s - loss: 577150.8333
 512/3835 [===>..........................] - ETA: 24s - loss: 578449.4688
 640/3835 [====>.........................] - ETA: 23s - loss: 577307.1750
 768/3835 [=====>........................] - ETA: 22s - loss: 576938.9375
 896/3835 [======>.......................] - ETA: 21s - loss: 576676.5893
1024/3835 [=======>......................] - ETA: 20s - loss: 577761.2031
1152/3835 [========>.....................] - ETA: 19s - loss: 577919.0417
1280/3835 [=========>....................] - ETA: 18s - loss: 577406.3500
1408/3835 [==========>...................] - ETA: 17s - loss: 576765.6477
1536/3835 [===========>..................] - ETA: 16s - loss: 576732.3854
1664/3835 [============>.................] - ETA: 15s - loss: 577274.3558
1792/3835 [=============>................] - ETA: 14s - loss: 577610.2188
1920/3835 [==============>...............] - ETA: 13s - loss: 577457.7708
2048/3835 [===============>..............] - ETA: 12s - loss: 577149.5273
2176/3835 [================>.............] - ETA: 12s - loss: 576889.9890
2304/3835 [=================>............] - ETA: 11s - loss: 576297.1701
2432/3835 [==================>...........] - ETA: 10s - loss: 576115.0033
2560/3835 [===================>..........] - ETA: 9s - loss: 575763.4125 
2688/3835 [====================>.........] - ETA: 8s - loss: 575502.2649
2816/3835 [=====================>........] - ETA: 7s - loss: 575439.9176
2944/3835 [======================>.......] - ETA: 6s - loss: 575273.4701
3072/3835 [=======================>......] - ETA: 5s - loss: 575055.1432
3200/3835 [========================>.....] - ETA: 4s - loss: 575044.5350
3328/3835 [=========================>....] - ETA: 3s - loss: 574950.4038
3456/3835 [==========================>...] - ETA: 2s - loss: 575055.6597
3584/3835 [===========================>..] - ETA: 1s - loss: 574852.8326
3712/3835 [============================>.] - ETA: 0s - loss: 575112.2694
3835/3835 [==============================] - 28s 7ms/step - loss: 575512.1972
Epoch 52/100

 128/3835 [>.............................] - ETA: 26s - loss: 579984.2500
 256/3835 [=>............................] - ETA: 26s - loss: 575031.5938
 384/3835 [==>...........................] - ETA: 25s - loss: 574493.6042
 512/3835 [===>..........................] - ETA: 24s - loss: 575034.8125
 640/3835 [====>.........................] - ETA: 23s - loss: 573409.5125
 768/3835 [=====>........................] - ETA: 22s - loss: 574455.4583
 896/3835 [======>.......................] - ETA: 21s - loss: 574725.3304
1024/3835 [=======>......................] - ETA: 20s - loss: 575592.9297
1152/3835 [========>.....................] - ETA: 19s - loss: 575646.9097
1280/3835 [=========>....................] - ETA: 18s - loss: 576301.6750
1408/3835 [==========>...................] - ETA: 17s - loss: 575935.8295
1536/3835 [===========>..................] - ETA: 16s - loss: 575456.2500
1664/3835 [============>.................] - ETA: 15s - loss: 575374.3894
1792/3835 [=============>................] - ETA: 14s - loss: 575146.7991
1920/3835 [==============>...............] - ETA: 14s - loss: 574930.0208
2048/3835 [===============>..............] - ETA: 13s - loss: 574929.9219
2176/3835 [================>.............] - ETA: 12s - loss: 575502.5882
2304/3835 [=================>............] - ETA: 11s - loss: 575272.4722
2432/3835 [==================>...........] - ETA: 10s - loss: 574978.4046
2560/3835 [===================>..........] - ETA: 9s - loss: 575490.0844 
2688/3835 [====================>.........] - ETA: 8s - loss: 575292.6845
2816/3835 [=====================>........] - ETA: 7s - loss: 575044.4233
2944/3835 [======================>.......] - ETA: 6s - loss: 575117.2554
3072/3835 [=======================>......] - ETA: 5s - loss: 575042.5208
3200/3835 [========================>.....] - ETA: 4s - loss: 574819.7700
3328/3835 [=========================>....] - ETA: 3s - loss: 574655.6635
3456/3835 [==========================>...] - ETA: 2s - loss: 575128.6944
3584/3835 [===========================>..] - ETA: 1s - loss: 575134.9219
3712/3835 [============================>.] - ETA: 0s - loss: 574933.5302
3835/3835 [==============================] - 28s 7ms/step - loss: 575263.6387
Epoch 53/100

 128/3835 [>.............................] - ETA: 26s - loss: 569303.1250
 256/3835 [=>............................] - ETA: 25s - loss: 570149.7188
 384/3835 [==>...........................] - ETA: 25s - loss: 569891.2708
 512/3835 [===>..........................] - ETA: 24s - loss: 573973.5156
 640/3835 [====>.........................] - ETA: 23s - loss: 573483.6125
 768/3835 [=====>........................] - ETA: 22s - loss: 574993.4688
 896/3835 [======>.......................] - ETA: 21s - loss: 575586.8304
1024/3835 [=======>......................] - ETA: 20s - loss: 575506.3516
1152/3835 [========>.....................] - ETA: 19s - loss: 575210.8125
1280/3835 [=========>....................] - ETA: 18s - loss: 575150.3063
1408/3835 [==========>...................] - ETA: 17s - loss: 574706.0625
1536/3835 [===========>..................] - ETA: 16s - loss: 574593.1094
1664/3835 [============>.................] - ETA: 15s - loss: 574409.3606
1792/3835 [=============>................] - ETA: 14s - loss: 575041.1920
1920/3835 [==============>...............] - ETA: 13s - loss: 574871.5042
2048/3835 [===============>..............] - ETA: 13s - loss: 574744.6133
2176/3835 [================>.............] - ETA: 12s - loss: 575251.5184
2304/3835 [=================>............] - ETA: 11s - loss: 574691.0417
2432/3835 [==================>...........] - ETA: 10s - loss: 574745.2467
2560/3835 [===================>..........] - ETA: 9s - loss: 574859.9656 
2688/3835 [====================>.........] - ETA: 8s - loss: 574637.0208
2816/3835 [=====================>........] - ETA: 7s - loss: 574763.3892
2944/3835 [======================>.......] - ETA: 6s - loss: 574724.1359
3072/3835 [=======================>......] - ETA: 5s - loss: 574925.6641
3200/3835 [========================>.....] - ETA: 4s - loss: 574790.9775
3328/3835 [=========================>....] - ETA: 3s - loss: 574850.1611
3456/3835 [==========================>...] - ETA: 2s - loss: 575161.5486
3584/3835 [===========================>..] - ETA: 1s - loss: 574969.8571
3712/3835 [============================>.] - ETA: 0s - loss: 574805.2155
3835/3835 [==============================] - 28s 7ms/step - loss: 575105.4421
Epoch 54/100

 128/3835 [>.............................] - ETA: 27s - loss: 574762.0625
 256/3835 [=>............................] - ETA: 26s - loss: 578439.4062
 384/3835 [==>...........................] - ETA: 25s - loss: 576315.9792
 512/3835 [===>..........................] - ETA: 24s - loss: 576042.6719
 640/3835 [====>.........................] - ETA: 23s - loss: 574691.0875
 768/3835 [=====>........................] - ETA: 22s - loss: 575368.5000
 896/3835 [======>.......................] - ETA: 21s - loss: 574702.8036
1024/3835 [=======>......................] - ETA: 20s - loss: 575544.1641
1152/3835 [========>.....................] - ETA: 19s - loss: 575311.4375
1280/3835 [=========>....................] - ETA: 18s - loss: 575250.9688
1408/3835 [==========>...................] - ETA: 17s - loss: 574860.6307
1536/3835 [===========>..................] - ETA: 16s - loss: 575825.5625
1664/3835 [============>.................] - ETA: 15s - loss: 575863.4231
1792/3835 [=============>................] - ETA: 15s - loss: 575538.3393
1920/3835 [==============>...............] - ETA: 14s - loss: 575555.3167
2048/3835 [===============>..............] - ETA: 13s - loss: 575197.2344
2176/3835 [================>.............] - ETA: 12s - loss: 574631.3750
2304/3835 [=================>............] - ETA: 11s - loss: 575046.2014
2432/3835 [==================>...........] - ETA: 10s - loss: 574799.0724
2560/3835 [===================>..........] - ETA: 9s - loss: 574735.9719 
2688/3835 [====================>.........] - ETA: 8s - loss: 574543.2887
2816/3835 [=====================>........] - ETA: 7s - loss: 574596.7358
2944/3835 [======================>.......] - ETA: 6s - loss: 574900.2853
3072/3835 [=======================>......] - ETA: 5s - loss: 574618.5339
3200/3835 [========================>.....] - ETA: 4s - loss: 574513.2575
3328/3835 [=========================>....] - ETA: 3s - loss: 574332.5000
3456/3835 [==========================>...] - ETA: 2s - loss: 574676.5602
3584/3835 [===========================>..] - ETA: 1s - loss: 574606.8594
3712/3835 [============================>.] - ETA: 0s - loss: 574441.9504
3835/3835 [==============================] - 28s 7ms/step - loss: 574752.4649
Epoch 55/100

 128/3835 [>.............................] - ETA: 26s - loss: 570361.2500
 256/3835 [=>............................] - ETA: 25s - loss: 572241.4688
 384/3835 [==>...........................] - ETA: 24s - loss: 571195.1042
 512/3835 [===>..........................] - ETA: 23s - loss: 573203.4219
 640/3835 [====>.........................] - ETA: 23s - loss: 572315.3625
 768/3835 [=====>........................] - ETA: 22s - loss: 572814.6667
 896/3835 [======>.......................] - ETA: 21s - loss: 573599.5000
1024/3835 [=======>......................] - ETA: 20s - loss: 574609.9766
1152/3835 [========>.....................] - ETA: 19s - loss: 574091.2847
1280/3835 [=========>....................] - ETA: 18s - loss: 574261.5563
1408/3835 [==========>...................] - ETA: 17s - loss: 575223.5170
1536/3835 [===========>..................] - ETA: 16s - loss: 574994.0521
1664/3835 [============>.................] - ETA: 15s - loss: 574901.5769
1792/3835 [=============>................] - ETA: 14s - loss: 574697.3125
1920/3835 [==============>...............] - ETA: 13s - loss: 574675.6292
2048/3835 [===============>..............] - ETA: 12s - loss: 574479.7148
2176/3835 [================>.............] - ETA: 12s - loss: 574317.7243
2304/3835 [=================>............] - ETA: 11s - loss: 574179.8090
2432/3835 [==================>...........] - ETA: 10s - loss: 574140.5559
2560/3835 [===================>..........] - ETA: 9s - loss: 573910.5031 
2688/3835 [====================>.........] - ETA: 8s - loss: 573668.7976
2816/3835 [=====================>........] - ETA: 7s - loss: 573904.0682
2944/3835 [======================>.......] - ETA: 6s - loss: 574453.2391
3072/3835 [=======================>......] - ETA: 5s - loss: 574260.3802
3200/3835 [========================>.....] - ETA: 4s - loss: 574057.7775
3328/3835 [=========================>....] - ETA: 3s - loss: 574141.4736
3456/3835 [==========================>...] - ETA: 2s - loss: 574536.7176
3584/3835 [===========================>..] - ETA: 1s - loss: 574221.9397
3712/3835 [============================>.] - ETA: 0s - loss: 574471.5194
3835/3835 [==============================] - 28s 7ms/step - loss: 574743.3977
Epoch 56/100

 128/3835 [>.............................] - ETA: 26s - loss: 569757.6250
 256/3835 [=>............................] - ETA: 25s - loss: 570781.2188
 384/3835 [==>...........................] - ETA: 25s - loss: 571361.7292
 512/3835 [===>..........................] - ETA: 24s - loss: 571794.0469
 640/3835 [====>.........................] - ETA: 23s - loss: 571723.9625
 768/3835 [=====>........................] - ETA: 22s - loss: 571214.5000
 896/3835 [======>.......................] - ETA: 21s - loss: 572703.4554
1024/3835 [=======>......................] - ETA: 20s - loss: 573076.2031
1152/3835 [========>.....................] - ETA: 19s - loss: 573916.7222
1280/3835 [=========>....................] - ETA: 18s - loss: 574930.5500
1408/3835 [==========>...................] - ETA: 17s - loss: 574686.3750
1536/3835 [===========>..................] - ETA: 16s - loss: 574338.3542
1664/3835 [============>.................] - ETA: 15s - loss: 574458.1875
1792/3835 [=============>................] - ETA: 14s - loss: 574517.2009
1920/3835 [==============>...............] - ETA: 13s - loss: 574985.7000
2048/3835 [===============>..............] - ETA: 12s - loss: 574799.4141
2176/3835 [================>.............] - ETA: 12s - loss: 574551.0772
2304/3835 [=================>............] - ETA: 11s - loss: 574987.4306
2432/3835 [==================>...........] - ETA: 10s - loss: 574930.2039
2560/3835 [===================>..........] - ETA: 9s - loss: 574756.0781 
2688/3835 [====================>.........] - ETA: 8s - loss: 574812.6815
2816/3835 [=====================>........] - ETA: 7s - loss: 574576.4716
2944/3835 [======================>.......] - ETA: 6s - loss: 574597.6250
3072/3835 [=======================>......] - ETA: 5s - loss: 574595.1198
3200/3835 [========================>.....] - ETA: 4s - loss: 575076.4625
3328/3835 [=========================>....] - ETA: 3s - loss: 574867.8774
3456/3835 [==========================>...] - ETA: 2s - loss: 575014.4005
3584/3835 [===========================>..] - ETA: 1s - loss: 574679.1004
3712/3835 [============================>.] - ETA: 0s - loss: 574516.1638
3835/3835 [==============================] - 28s 7ms/step - loss: 574802.6668
Epoch 57/100

 128/3835 [>.............................] - ETA: 26s - loss: 570258.0625
 256/3835 [=>............................] - ETA: 25s - loss: 570046.7812
 384/3835 [==>...........................] - ETA: 25s - loss: 570054.7500
 512/3835 [===>..........................] - ETA: 23s - loss: 572487.6406
 640/3835 [====>.........................] - ETA: 23s - loss: 571814.7375
 768/3835 [=====>........................] - ETA: 22s - loss: 571317.0938
 896/3835 [======>.......................] - ETA: 21s - loss: 571770.7054
1024/3835 [=======>......................] - ETA: 20s - loss: 572655.5391
1152/3835 [========>.....................] - ETA: 19s - loss: 571719.5139
1280/3835 [=========>....................] - ETA: 18s - loss: 571827.8875
1408/3835 [==========>...................] - ETA: 17s - loss: 571581.1477
1536/3835 [===========>..................] - ETA: 16s - loss: 571967.5625
1664/3835 [============>.................] - ETA: 15s - loss: 572829.7019
1792/3835 [=============>................] - ETA: 14s - loss: 572543.4286
1920/3835 [==============>...............] - ETA: 13s - loss: 572323.3667
2048/3835 [===============>..............] - ETA: 13s - loss: 572142.7656
2176/3835 [================>.............] - ETA: 12s - loss: 572089.4485
2304/3835 [=================>............] - ETA: 11s - loss: 572090.9271
2432/3835 [==================>...........] - ETA: 10s - loss: 572633.1612
2560/3835 [===================>..........] - ETA: 9s - loss: 573269.5656 
2688/3835 [====================>.........] - ETA: 8s - loss: 573744.6458
2816/3835 [=====================>........] - ETA: 7s - loss: 573698.7756
2944/3835 [======================>.......] - ETA: 6s - loss: 573791.4484
3072/3835 [=======================>......] - ETA: 5s - loss: 573738.9974
3200/3835 [========================>.....] - ETA: 4s - loss: 573685.9325
3328/3835 [=========================>....] - ETA: 3s - loss: 573720.0938
3456/3835 [==========================>...] - ETA: 2s - loss: 573773.8449
3584/3835 [===========================>..] - ETA: 1s - loss: 573858.2344
3712/3835 [============================>.] - ETA: 0s - loss: 574129.5108
3835/3835 [==============================] - 28s 7ms/step - loss: 574374.9351
Epoch 58/100

 128/3835 [>.............................] - ETA: 26s - loss: 580520.5000
 256/3835 [=>............................] - ETA: 25s - loss: 576134.3438
 384/3835 [==>...........................] - ETA: 24s - loss: 574820.8958
 512/3835 [===>..........................] - ETA: 24s - loss: 574618.8750
 640/3835 [====>.........................] - ETA: 23s - loss: 573841.7000
 768/3835 [=====>........................] - ETA: 22s - loss: 572529.4375
 896/3835 [======>.......................] - ETA: 21s - loss: 572053.3214
1024/3835 [=======>......................] - ETA: 20s - loss: 573023.2031
1152/3835 [========>.....................] - ETA: 19s - loss: 572833.5972
1280/3835 [=========>....................] - ETA: 18s - loss: 573119.2250
1408/3835 [==========>...................] - ETA: 17s - loss: 572739.7898
1536/3835 [===========>..................] - ETA: 16s - loss: 572565.9844
1664/3835 [============>.................] - ETA: 15s - loss: 573250.0385
1792/3835 [=============>................] - ETA: 14s - loss: 574215.4955
1920/3835 [==============>...............] - ETA: 13s - loss: 574298.0458
2048/3835 [===============>..............] - ETA: 13s - loss: 574574.3867
2176/3835 [================>.............] - ETA: 12s - loss: 574459.6544
2304/3835 [=================>............] - ETA: 11s - loss: 574877.2535
2432/3835 [==================>...........] - ETA: 10s - loss: 574878.5658
2560/3835 [===================>..........] - ETA: 9s - loss: 574630.7688 
2688/3835 [====================>.........] - ETA: 8s - loss: 574516.1845
2816/3835 [=====================>........] - ETA: 7s - loss: 574864.6733
2944/3835 [======================>.......] - ETA: 6s - loss: 574827.3723
3072/3835 [=======================>......] - ETA: 5s - loss: 574859.4661
3200/3835 [========================>.....] - ETA: 4s - loss: 574838.0275
3328/3835 [=========================>....] - ETA: 3s - loss: 574732.5913
3456/3835 [==========================>...] - ETA: 2s - loss: 574555.8565
3584/3835 [===========================>..] - ETA: 1s - loss: 574388.0045
3712/3835 [============================>.] - ETA: 0s - loss: 574264.3793
3835/3835 [==============================] - 28s 7ms/step - loss: 574538.5032
Epoch 59/100

 128/3835 [>.............................] - ETA: 27s - loss: 568280.2500
 256/3835 [=>............................] - ETA: 26s - loss: 575390.8438
 384/3835 [==>...........................] - ETA: 25s - loss: 573224.7500
 512/3835 [===>..........................] - ETA: 24s - loss: 573984.2500
 640/3835 [====>.........................] - ETA: 23s - loss: 572993.3000
 768/3835 [=====>........................] - ETA: 22s - loss: 572252.0208
 896/3835 [======>.......................] - ETA: 21s - loss: 572800.3036
1024/3835 [=======>......................] - ETA: 20s - loss: 573514.0000
1152/3835 [========>.....................] - ETA: 19s - loss: 572618.7569
1280/3835 [=========>....................] - ETA: 18s - loss: 572450.4938
1408/3835 [==========>...................] - ETA: 17s - loss: 572185.9261
1536/3835 [===========>..................] - ETA: 16s - loss: 572355.3333
1664/3835 [============>.................] - ETA: 15s - loss: 572338.8750
1792/3835 [=============>................] - ETA: 15s - loss: 572353.8080
1920/3835 [==============>...............] - ETA: 14s - loss: 572146.9125
2048/3835 [===============>..............] - ETA: 13s - loss: 572398.5625
2176/3835 [================>.............] - ETA: 12s - loss: 572387.9816
2304/3835 [=================>............] - ETA: 11s - loss: 572567.4549
2432/3835 [==================>...........] - ETA: 10s - loss: 572454.5855
2560/3835 [===================>..........] - ETA: 9s - loss: 572393.7562 
2688/3835 [====================>.........] - ETA: 8s - loss: 572930.7083
2816/3835 [=====================>........] - ETA: 7s - loss: 573434.9375
2944/3835 [======================>.......] - ETA: 6s - loss: 573964.5380
3072/3835 [=======================>......] - ETA: 5s - loss: 573982.6771
3200/3835 [========================>.....] - ETA: 4s - loss: 573899.1550
3328/3835 [=========================>....] - ETA: 3s - loss: 573777.3486
3456/3835 [==========================>...] - ETA: 2s - loss: 573964.1597
3584/3835 [===========================>..] - ETA: 1s - loss: 574182.9018
3712/3835 [============================>.] - ETA: 0s - loss: 574213.6422
3835/3835 [==============================] - 28s 7ms/step - loss: 574457.2262
Epoch 60/100

 128/3835 [>.............................] - ETA: 27s - loss: 574084.3125
 256/3835 [=>............................] - ETA: 25s - loss: 575901.4375
 384/3835 [==>...........................] - ETA: 24s - loss: 574357.2292
 512/3835 [===>..........................] - ETA: 24s - loss: 572350.5000
 640/3835 [====>.........................] - ETA: 23s - loss: 572981.5750
 768/3835 [=====>........................] - ETA: 22s - loss: 572587.8021
 896/3835 [======>.......................] - ETA: 21s - loss: 572919.4554
1024/3835 [=======>......................] - ETA: 20s - loss: 572536.3984
1152/3835 [========>.....................] - ETA: 19s - loss: 572816.2222
1280/3835 [=========>....................] - ETA: 18s - loss: 573823.2500
1408/3835 [==========>...................] - ETA: 17s - loss: 574378.9773
1536/3835 [===========>..................] - ETA: 16s - loss: 573921.2552
1664/3835 [============>.................] - ETA: 15s - loss: 573441.3269
1792/3835 [=============>................] - ETA: 15s - loss: 574091.0938
1920/3835 [==============>...............] - ETA: 14s - loss: 573964.5667
2048/3835 [===============>..............] - ETA: 13s - loss: 574034.0234
2176/3835 [================>.............] - ETA: 12s - loss: 573968.6103
2304/3835 [=================>............] - ETA: 11s - loss: 574082.9444
2432/3835 [==================>...........] - ETA: 10s - loss: 573896.5395
2560/3835 [===================>..........] - ETA: 9s - loss: 574419.4594 
2688/3835 [====================>.........] - ETA: 8s - loss: 574183.0923
2816/3835 [=====================>........] - ETA: 7s - loss: 573994.7756
2944/3835 [======================>.......] - ETA: 6s - loss: 573881.0217
3072/3835 [=======================>......] - ETA: 5s - loss: 573684.0130
3200/3835 [========================>.....] - ETA: 4s - loss: 574013.9025
3328/3835 [=========================>....] - ETA: 3s - loss: 573912.1418
3456/3835 [==========================>...] - ETA: 2s - loss: 574005.0949
3584/3835 [===========================>..] - ETA: 1s - loss: 573930.2478
3712/3835 [============================>.] - ETA: 0s - loss: 574184.2263
3835/3835 [==============================] - 28s 7ms/step - loss: 574487.7600
Epoch 61/100

 128/3835 [>.............................] - ETA: 27s - loss: 573002.6250
 256/3835 [=>............................] - ETA: 26s - loss: 575489.6875
 384/3835 [==>...........................] - ETA: 24s - loss: 574001.2083
 512/3835 [===>..........................] - ETA: 24s - loss: 574020.9219
 640/3835 [====>.........................] - ETA: 23s - loss: 574845.0000
 768/3835 [=====>........................] - ETA: 22s - loss: 574326.5833
 896/3835 [======>.......................] - ETA: 21s - loss: 574265.7679
1024/3835 [=======>......................] - ETA: 20s - loss: 573758.2812
1152/3835 [========>.....................] - ETA: 19s - loss: 573270.5972
1280/3835 [=========>....................] - ETA: 18s - loss: 573488.5000
1408/3835 [==========>...................] - ETA: 17s - loss: 573651.0000
1536/3835 [===========>..................] - ETA: 16s - loss: 572962.5833
1664/3835 [============>.................] - ETA: 15s - loss: 573542.2885
1792/3835 [=============>................] - ETA: 14s - loss: 573309.4509
1920/3835 [==============>...............] - ETA: 13s - loss: 573007.6083
2048/3835 [===============>..............] - ETA: 13s - loss: 572906.9922
2176/3835 [================>.............] - ETA: 12s - loss: 573715.6544
2304/3835 [=================>............] - ETA: 11s - loss: 573628.5035
2432/3835 [==================>...........] - ETA: 10s - loss: 573396.0987
2560/3835 [===================>..........] - ETA: 9s - loss: 573289.8000 
2688/3835 [====================>.........] - ETA: 8s - loss: 573781.8601
2816/3835 [=====================>........] - ETA: 7s - loss: 573553.1335
2944/3835 [======================>.......] - ETA: 6s - loss: 573657.2310
3072/3835 [=======================>......] - ETA: 5s - loss: 573685.3047
3200/3835 [========================>.....] - ETA: 4s - loss: 573510.9925
3328/3835 [=========================>....] - ETA: 3s - loss: 573353.3870
3456/3835 [==========================>...] - ETA: 2s - loss: 573263.6713
3584/3835 [===========================>..] - ETA: 1s - loss: 573556.0312
3712/3835 [============================>.] - ETA: 0s - loss: 573880.7371
3835/3835 [==============================] - 28s 7ms/step - loss: 574168.2961
Epoch 62/100

 128/3835 [>.............................] - ETA: 27s - loss: 583864.0000
 256/3835 [=>............................] - ETA: 26s - loss: 579620.9375
 384/3835 [==>...........................] - ETA: 25s - loss: 579968.7292
 512/3835 [===>..........................] - ETA: 24s - loss: 578058.0781
 640/3835 [====>.........................] - ETA: 23s - loss: 575975.7125
 768/3835 [=====>........................] - ETA: 22s - loss: 575072.1667
 896/3835 [======>.......................] - ETA: 21s - loss: 575181.4107
1024/3835 [=======>......................] - ETA: 20s - loss: 575217.2188
1152/3835 [========>.....................] - ETA: 19s - loss: 574844.0278
1280/3835 [=========>....................] - ETA: 18s - loss: 575395.5875
1408/3835 [==========>...................] - ETA: 17s - loss: 574850.5909
1536/3835 [===========>..................] - ETA: 16s - loss: 574302.5729
1664/3835 [============>.................] - ETA: 15s - loss: 574355.7692
1792/3835 [=============>................] - ETA: 14s - loss: 574094.1250
1920/3835 [==============>...............] - ETA: 14s - loss: 573949.2083
2048/3835 [===============>..............] - ETA: 13s - loss: 573713.4375
2176/3835 [================>.............] - ETA: 12s - loss: 574198.6250
2304/3835 [=================>............] - ETA: 11s - loss: 573977.7153
2432/3835 [==================>...........] - ETA: 10s - loss: 573923.6776
2560/3835 [===================>..........] - ETA: 9s - loss: 573656.5750 
2688/3835 [====================>.........] - ETA: 8s - loss: 573459.3482
2816/3835 [=====================>........] - ETA: 7s - loss: 573730.0881
2944/3835 [======================>.......] - ETA: 6s - loss: 573764.6250
3072/3835 [=======================>......] - ETA: 5s - loss: 573524.0938
3200/3835 [========================>.....] - ETA: 4s - loss: 573288.5650
3328/3835 [=========================>....] - ETA: 3s - loss: 573210.6731
3456/3835 [==========================>...] - ETA: 2s - loss: 573271.2917
3584/3835 [===========================>..] - ETA: 1s - loss: 573645.1875
3712/3835 [============================>.] - ETA: 0s - loss: 573810.8427
3835/3835 [==============================] - 28s 7ms/step - loss: 574102.6119
Epoch 63/100

 128/3835 [>.............................] - ETA: 26s - loss: 570179.5000
 256/3835 [=>............................] - ETA: 26s - loss: 569565.9375
 384/3835 [==>...........................] - ETA: 25s - loss: 574434.2917
 512/3835 [===>..........................] - ETA: 24s - loss: 572320.8281
 640/3835 [====>.........................] - ETA: 23s - loss: 572843.4125
 768/3835 [=====>........................] - ETA: 22s - loss: 572576.5729
 896/3835 [======>.......................] - ETA: 21s - loss: 573502.5804
1024/3835 [=======>......................] - ETA: 20s - loss: 572829.6484
1152/3835 [========>.....................] - ETA: 19s - loss: 573327.9653
1280/3835 [=========>....................] - ETA: 18s - loss: 573019.8313
1408/3835 [==========>...................] - ETA: 17s - loss: 572555.4375
1536/3835 [===========>..................] - ETA: 16s - loss: 572657.5573
1664/3835 [============>.................] - ETA: 15s - loss: 572369.2356
1792/3835 [=============>................] - ETA: 14s - loss: 572395.2634
1920/3835 [==============>...............] - ETA: 13s - loss: 572490.0458
2048/3835 [===============>..............] - ETA: 12s - loss: 572186.4414
2176/3835 [================>.............] - ETA: 12s - loss: 571948.2426
2304/3835 [=================>............] - ETA: 11s - loss: 572616.3750
2432/3835 [==================>...........] - ETA: 10s - loss: 573105.3816
2560/3835 [===================>..........] - ETA: 9s - loss: 572940.4938 
2688/3835 [====================>.........] - ETA: 8s - loss: 573293.3631
2816/3835 [=====================>........] - ETA: 7s - loss: 573158.8494
2944/3835 [======================>.......] - ETA: 6s - loss: 573221.6549
3072/3835 [=======================>......] - ETA: 5s - loss: 573326.5078
3200/3835 [========================>.....] - ETA: 4s - loss: 573531.3525
3328/3835 [=========================>....] - ETA: 3s - loss: 573455.1130
3456/3835 [==========================>...] - ETA: 2s - loss: 573514.4375
3584/3835 [===========================>..] - ETA: 1s - loss: 573479.6897
3712/3835 [============================>.] - ETA: 0s - loss: 573436.8254
3835/3835 [==============================] - 28s 7ms/step - loss: 573675.9674
Epoch 64/100

 128/3835 [>.............................] - ETA: 27s - loss: 569237.2500
 256/3835 [=>............................] - ETA: 26s - loss: 570865.3750
 384/3835 [==>...........................] - ETA: 25s - loss: 572233.5000
 512/3835 [===>..........................] - ETA: 24s - loss: 571900.4688
 640/3835 [====>.........................] - ETA: 23s - loss: 571080.0000
 768/3835 [=====>........................] - ETA: 22s - loss: 569858.1979
 896/3835 [======>.......................] - ETA: 21s - loss: 570077.4732
1024/3835 [=======>......................] - ETA: 20s - loss: 569972.2578
1152/3835 [========>.....................] - ETA: 19s - loss: 570105.2083
1280/3835 [=========>....................] - ETA: 18s - loss: 571270.2875
1408/3835 [==========>...................] - ETA: 17s - loss: 571063.5284
1536/3835 [===========>..................] - ETA: 16s - loss: 571401.8229
1664/3835 [============>.................] - ETA: 15s - loss: 571939.2596
1792/3835 [=============>................] - ETA: 14s - loss: 572080.5982
1920/3835 [==============>...............] - ETA: 13s - loss: 571804.8958
2048/3835 [===============>..............] - ETA: 13s - loss: 571596.9688
2176/3835 [================>.............] - ETA: 12s - loss: 571454.6250
2304/3835 [=================>............] - ETA: 11s - loss: 572058.1319
2432/3835 [==================>...........] - ETA: 10s - loss: 572161.8487
2560/3835 [===================>..........] - ETA: 9s - loss: 572581.5000 
2688/3835 [====================>.........] - ETA: 8s - loss: 572477.7232
2816/3835 [=====================>........] - ETA: 7s - loss: 572378.7784
2944/3835 [======================>.......] - ETA: 6s - loss: 572776.4049
3072/3835 [=======================>......] - ETA: 5s - loss: 572700.4583
3200/3835 [========================>.....] - ETA: 4s - loss: 573154.0650
3328/3835 [=========================>....] - ETA: 3s - loss: 572973.3173
3456/3835 [==========================>...] - ETA: 2s - loss: 573042.7037
3584/3835 [===========================>..] - ETA: 1s - loss: 573211.1987
3712/3835 [============================>.] - ETA: 0s - loss: 573245.4526
3835/3835 [==============================] - 28s 7ms/step - loss: 573472.2765
Epoch 65/100

 128/3835 [>.............................] - ETA: 26s - loss: 573039.1250
 256/3835 [=>............................] - ETA: 25s - loss: 575181.2812
 384/3835 [==>...........................] - ETA: 24s - loss: 573129.6042
 512/3835 [===>..........................] - ETA: 24s - loss: 573152.8594
 640/3835 [====>.........................] - ETA: 23s - loss: 575352.0125
 768/3835 [=====>........................] - ETA: 22s - loss: 574860.5104
 896/3835 [======>.......................] - ETA: 21s - loss: 574793.9732
1024/3835 [=======>......................] - ETA: 20s - loss: 574239.2812
1152/3835 [========>.....................] - ETA: 19s - loss: 573594.0972
1280/3835 [=========>....................] - ETA: 18s - loss: 573253.0125
1408/3835 [==========>...................] - ETA: 17s - loss: 573106.6250
1536/3835 [===========>..................] - ETA: 16s - loss: 572993.9479
1664/3835 [============>.................] - ETA: 15s - loss: 572585.3077
1792/3835 [=============>................] - ETA: 14s - loss: 572838.1429
1920/3835 [==============>...............] - ETA: 13s - loss: 573532.4417
2048/3835 [===============>..............] - ETA: 13s - loss: 574152.0469
2176/3835 [================>.............] - ETA: 12s - loss: 573793.9816
2304/3835 [=================>............] - ETA: 11s - loss: 573582.2951
2432/3835 [==================>...........] - ETA: 10s - loss: 573651.1020
2560/3835 [===================>..........] - ETA: 9s - loss: 573426.7656 
2688/3835 [====================>.........] - ETA: 8s - loss: 573293.4792
2816/3835 [=====================>........] - ETA: 7s - loss: 573498.7983
2944/3835 [======================>.......] - ETA: 6s - loss: 573507.6386
3072/3835 [=======================>......] - ETA: 5s - loss: 573369.5625
3200/3835 [========================>.....] - ETA: 4s - loss: 573011.3350
3328/3835 [=========================>....] - ETA: 3s - loss: 572845.4808
3456/3835 [==========================>...] - ETA: 2s - loss: 572895.2639
3584/3835 [===========================>..] - ETA: 1s - loss: 573202.6741
3712/3835 [============================>.] - ETA: 0s - loss: 573534.1121
3835/3835 [==============================] - 28s 7ms/step - loss: 573829.0338
Epoch 66/100

 128/3835 [>.............................] - ETA: 26s - loss: 568308.5000
 256/3835 [=>............................] - ETA: 26s - loss: 568330.9375
 384/3835 [==>...........................] - ETA: 25s - loss: 569974.3750
 512/3835 [===>..........................] - ETA: 24s - loss: 571043.4219
 640/3835 [====>.........................] - ETA: 23s - loss: 570744.9625
 768/3835 [=====>........................] - ETA: 22s - loss: 570878.9062
 896/3835 [======>.......................] - ETA: 21s - loss: 570910.1518
1024/3835 [=======>......................] - ETA: 20s - loss: 570601.3125
1152/3835 [========>.....................] - ETA: 19s - loss: 569864.4167
1280/3835 [=========>....................] - ETA: 18s - loss: 570957.7312
1408/3835 [==========>...................] - ETA: 17s - loss: 571637.3750
1536/3835 [===========>..................] - ETA: 16s - loss: 572538.7083
1664/3835 [============>.................] - ETA: 15s - loss: 572462.8654
1792/3835 [=============>................] - ETA: 14s - loss: 572143.3884
1920/3835 [==============>...............] - ETA: 14s - loss: 572636.9625
2048/3835 [===============>..............] - ETA: 13s - loss: 572666.4102
2176/3835 [================>.............] - ETA: 12s - loss: 573041.1176
2304/3835 [=================>............] - ETA: 11s - loss: 573294.6597
2432/3835 [==================>...........] - ETA: 10s - loss: 573202.0526
2560/3835 [===================>..........] - ETA: 9s - loss: 573302.0000 
2688/3835 [====================>.........] - ETA: 8s - loss: 573255.1458
2816/3835 [=====================>........] - ETA: 7s - loss: 573331.6562
2944/3835 [======================>.......] - ETA: 6s - loss: 573399.5462
3072/3835 [=======================>......] - ETA: 5s - loss: 573268.5312
3200/3835 [========================>.....] - ETA: 4s - loss: 573079.9800
3328/3835 [=========================>....] - ETA: 3s - loss: 572862.6611
3456/3835 [==========================>...] - ETA: 2s - loss: 573350.7894
3584/3835 [===========================>..] - ETA: 1s - loss: 573326.7835
3712/3835 [============================>.] - ETA: 0s - loss: 573146.5560
3835/3835 [==============================] - 28s 7ms/step - loss: 573459.2821
Epoch 67/100

 128/3835 [>.............................] - ETA: 27s - loss: 581076.8750
 256/3835 [=>............................] - ETA: 26s - loss: 579125.5312
 384/3835 [==>...........................] - ETA: 25s - loss: 575175.8542
 512/3835 [===>..........................] - ETA: 24s - loss: 572429.4375
 640/3835 [====>.........................] - ETA: 23s - loss: 571746.4750
 768/3835 [=====>........................] - ETA: 22s - loss: 572065.3021
 896/3835 [======>.......................] - ETA: 21s - loss: 572402.1696
1024/3835 [=======>......................] - ETA: 20s - loss: 571841.6641
1152/3835 [========>.....................] - ETA: 19s - loss: 571753.6667
1280/3835 [=========>....................] - ETA: 18s - loss: 572965.7875
1408/3835 [==========>...................] - ETA: 17s - loss: 572542.3295
1536/3835 [===========>..................] - ETA: 16s - loss: 572669.4896
1664/3835 [============>.................] - ETA: 15s - loss: 572436.1058
1792/3835 [=============>................] - ETA: 15s - loss: 572022.0357
1920/3835 [==============>...............] - ETA: 14s - loss: 571892.9333
2048/3835 [===============>..............] - ETA: 13s - loss: 571703.1797
2176/3835 [================>.............] - ETA: 12s - loss: 571817.7206
2304/3835 [=================>............] - ETA: 11s - loss: 571739.6250
2432/3835 [==================>...........] - ETA: 10s - loss: 571526.5592
2560/3835 [===================>..........] - ETA: 9s - loss: 571386.3938 
2688/3835 [====================>.........] - ETA: 8s - loss: 572015.9643
2816/3835 [=====================>........] - ETA: 7s - loss: 572033.0170
2944/3835 [======================>.......] - ETA: 6s - loss: 572221.5272
3072/3835 [=======================>......] - ETA: 5s - loss: 572188.1979
3200/3835 [========================>.....] - ETA: 4s - loss: 572435.6700
3328/3835 [=========================>....] - ETA: 3s - loss: 572723.1538
3456/3835 [==========================>...] - ETA: 2s - loss: 572790.2662
3584/3835 [===========================>..] - ETA: 1s - loss: 573032.3817
3712/3835 [============================>.] - ETA: 0s - loss: 572912.6487
3835/3835 [==============================] - 28s 7ms/step - loss: 573171.2266
Epoch 68/100

 128/3835 [>.............................] - ETA: 27s - loss: 571139.3750
 256/3835 [=>............................] - ETA: 26s - loss: 572150.9375
 384/3835 [==>...........................] - ETA: 25s - loss: 572030.8750
 512/3835 [===>..........................] - ETA: 24s - loss: 571307.6250
 640/3835 [====>.........................] - ETA: 23s - loss: 573444.3875
 768/3835 [=====>........................] - ETA: 22s - loss: 573624.0729
 896/3835 [======>.......................] - ETA: 21s - loss: 572843.6696
1024/3835 [=======>......................] - ETA: 20s - loss: 572773.8281
1152/3835 [========>.....................] - ETA: 19s - loss: 572218.8750
1280/3835 [=========>....................] - ETA: 18s - loss: 572450.1687
1408/3835 [==========>...................] - ETA: 17s - loss: 573057.0966
1536/3835 [===========>..................] - ETA: 16s - loss: 572669.1406
1664/3835 [============>.................] - ETA: 15s - loss: 572405.6779
1792/3835 [=============>................] - ETA: 14s - loss: 573077.6830
1920/3835 [==============>...............] - ETA: 13s - loss: 572450.2792
2048/3835 [===============>..............] - ETA: 13s - loss: 572210.8711
2176/3835 [================>.............] - ETA: 12s - loss: 572012.5919
2304/3835 [=================>............] - ETA: 11s - loss: 572343.1806
2432/3835 [==================>...........] - ETA: 10s - loss: 572495.9539
2560/3835 [===================>..........] - ETA: 9s - loss: 572243.8812 
2688/3835 [====================>.........] - ETA: 8s - loss: 572378.2440
2816/3835 [=====================>........] - ETA: 7s - loss: 572450.1989
2944/3835 [======================>.......] - ETA: 6s - loss: 572379.7989
3072/3835 [=======================>......] - ETA: 5s - loss: 572339.5286
3200/3835 [========================>.....] - ETA: 4s - loss: 572632.7150
3328/3835 [=========================>....] - ETA: 3s - loss: 573055.8438
3456/3835 [==========================>...] - ETA: 2s - loss: 573286.3380
3584/3835 [===========================>..] - ETA: 1s - loss: 573279.4152
3712/3835 [============================>.] - ETA: 0s - loss: 573127.0086
3835/3835 [==============================] - 28s 7ms/step - loss: 573371.7755
Epoch 69/100

 128/3835 [>.............................] - ETA: 27s - loss: 573106.9375
 256/3835 [=>............................] - ETA: 25s - loss: 571049.2812
 384/3835 [==>...........................] - ETA: 24s - loss: 572054.2292
 512/3835 [===>..........................] - ETA: 24s - loss: 573216.0781
 640/3835 [====>.........................] - ETA: 23s - loss: 573939.8375
 768/3835 [=====>........................] - ETA: 22s - loss: 573207.3542
 896/3835 [======>.......................] - ETA: 21s - loss: 574086.7679
1024/3835 [=======>......................] - ETA: 20s - loss: 574115.9688
1152/3835 [========>.....................] - ETA: 19s - loss: 573556.2083
1280/3835 [=========>....................] - ETA: 18s - loss: 574373.8438
1408/3835 [==========>...................] - ETA: 17s - loss: 574193.7557
1536/3835 [===========>..................] - ETA: 16s - loss: 573800.1510
1664/3835 [============>.................] - ETA: 15s - loss: 573767.6346
1792/3835 [=============>................] - ETA: 14s - loss: 573455.8393
1920/3835 [==============>...............] - ETA: 13s - loss: 573874.2583
2048/3835 [===============>..............] - ETA: 12s - loss: 573668.2266
2176/3835 [================>.............] - ETA: 12s - loss: 573525.6581
2304/3835 [=================>............] - ETA: 11s - loss: 573236.8993
2432/3835 [==================>...........] - ETA: 10s - loss: 573254.4704
2560/3835 [===================>..........] - ETA: 9s - loss: 573573.3656 
2688/3835 [====================>.........] - ETA: 8s - loss: 573426.2470
2816/3835 [=====================>........] - ETA: 7s - loss: 573402.3551
2944/3835 [======================>.......] - ETA: 6s - loss: 573133.0190
3072/3835 [=======================>......] - ETA: 5s - loss: 573558.0547
3200/3835 [========================>.....] - ETA: 4s - loss: 573353.4350
3328/3835 [=========================>....] - ETA: 3s - loss: 573164.2933
3456/3835 [==========================>...] - ETA: 2s - loss: 572823.7523
3584/3835 [===========================>..] - ETA: 1s - loss: 572905.5513
3712/3835 [============================>.] - ETA: 0s - loss: 572719.1207
3835/3835 [==============================] - 28s 7ms/step - loss: 573022.4213
Epoch 70/100

 128/3835 [>.............................] - ETA: 26s - loss: 567196.6250
 256/3835 [=>............................] - ETA: 26s - loss: 566650.9375
 384/3835 [==>...........................] - ETA: 25s - loss: 567076.3750
 512/3835 [===>..........................] - ETA: 24s - loss: 568329.5156
 640/3835 [====>.........................] - ETA: 23s - loss: 571233.6000
 768/3835 [=====>........................] - ETA: 22s - loss: 571722.4375
 896/3835 [======>.......................] - ETA: 21s - loss: 572532.4821
1024/3835 [=======>......................] - ETA: 20s - loss: 573304.1094
1152/3835 [========>.....................] - ETA: 19s - loss: 573051.8681
1280/3835 [=========>....................] - ETA: 18s - loss: 573034.9187
1408/3835 [==========>...................] - ETA: 17s - loss: 573829.0625
1536/3835 [===========>..................] - ETA: 16s - loss: 574177.4219
1664/3835 [============>.................] - ETA: 15s - loss: 573854.9087
1792/3835 [=============>................] - ETA: 14s - loss: 573689.2768
1920/3835 [==============>...............] - ETA: 14s - loss: 573521.7000
2048/3835 [===============>..............] - ETA: 13s - loss: 573433.2266
2176/3835 [================>.............] - ETA: 12s - loss: 573679.2794
2304/3835 [=================>............] - ETA: 11s - loss: 573437.1250
2432/3835 [==================>...........] - ETA: 10s - loss: 573294.9474
2560/3835 [===================>..........] - ETA: 9s - loss: 572991.1188 
2688/3835 [====================>.........] - ETA: 8s - loss: 572798.9107
2816/3835 [=====================>........] - ETA: 7s - loss: 572966.2273
2944/3835 [======================>.......] - ETA: 6s - loss: 573080.7092
3072/3835 [=======================>......] - ETA: 5s - loss: 572833.1589
3200/3835 [========================>.....] - ETA: 4s - loss: 573202.9475
3328/3835 [=========================>....] - ETA: 3s - loss: 573258.0409
3456/3835 [==========================>...] - ETA: 2s - loss: 572915.6088
3584/3835 [===========================>..] - ETA: 1s - loss: 572754.6607
3712/3835 [============================>.] - ETA: 0s - loss: 572774.8685
3835/3835 [==============================] - 28s 7ms/step - loss: 573004.9986
Epoch 71/100

 128/3835 [>.............................] - ETA: 26s - loss: 569234.6875
 256/3835 [=>............................] - ETA: 26s - loss: 569854.5625
 384/3835 [==>...........................] - ETA: 25s - loss: 570162.8333
 512/3835 [===>..........................] - ETA: 24s - loss: 573849.3594
 640/3835 [====>.........................] - ETA: 23s - loss: 572644.7875
 768/3835 [=====>........................] - ETA: 22s - loss: 572785.2292
 896/3835 [======>.......................] - ETA: 21s - loss: 572820.8839
1024/3835 [=======>......................] - ETA: 20s - loss: 573007.8828
1152/3835 [========>.....................] - ETA: 19s - loss: 572649.0278
1280/3835 [=========>....................] - ETA: 18s - loss: 572330.2250
1408/3835 [==========>...................] - ETA: 17s - loss: 572953.6307
1536/3835 [===========>..................] - ETA: 16s - loss: 572520.8125
1664/3835 [============>.................] - ETA: 15s - loss: 572092.4808
1792/3835 [=============>................] - ETA: 14s - loss: 571797.1250
1920/3835 [==============>...............] - ETA: 13s - loss: 571827.0958
2048/3835 [===============>..............] - ETA: 13s - loss: 571257.2852
2176/3835 [================>.............] - ETA: 12s - loss: 571914.8640
2304/3835 [=================>............] - ETA: 11s - loss: 572235.0035
2432/3835 [==================>...........] - ETA: 10s - loss: 572047.3388
2560/3835 [===================>..........] - ETA: 9s - loss: 571851.7625 
2688/3835 [====================>.........] - ETA: 8s - loss: 571640.6756
2816/3835 [=====================>........] - ETA: 7s - loss: 571931.2216
2944/3835 [======================>.......] - ETA: 6s - loss: 571876.4212
3072/3835 [=======================>......] - ETA: 5s - loss: 571977.4193
3200/3835 [========================>.....] - ETA: 4s - loss: 572238.8325
3328/3835 [=========================>....] - ETA: 3s - loss: 572304.0697
3456/3835 [==========================>...] - ETA: 2s - loss: 572322.8032
3584/3835 [===========================>..] - ETA: 1s - loss: 572578.2121
3712/3835 [============================>.] - ETA: 0s - loss: 572570.7435
3835/3835 [==============================] - 28s 7ms/step - loss: 572787.4150
Epoch 72/100

 128/3835 [>.............................] - ETA: 27s - loss: 573008.1875
 256/3835 [=>............................] - ETA: 26s - loss: 571678.0625
 384/3835 [==>...........................] - ETA: 25s - loss: 572039.0833
 512/3835 [===>..........................] - ETA: 24s - loss: 573986.4375
 640/3835 [====>.........................] - ETA: 23s - loss: 574430.7375
 768/3835 [=====>........................] - ETA: 22s - loss: 573654.6146
 896/3835 [======>.......................] - ETA: 21s - loss: 572878.4821
1024/3835 [=======>......................] - ETA: 20s - loss: 573030.8359
1152/3835 [========>.....................] - ETA: 19s - loss: 573047.1319
1280/3835 [=========>....................] - ETA: 18s - loss: 572857.9812
1408/3835 [==========>...................] - ETA: 17s - loss: 573820.0625
1536/3835 [===========>..................] - ETA: 16s - loss: 574057.3490
1664/3835 [============>.................] - ETA: 15s - loss: 573553.1154
1792/3835 [=============>................] - ETA: 14s - loss: 573932.1562
1920/3835 [==============>...............] - ETA: 13s - loss: 573315.7583
2048/3835 [===============>..............] - ETA: 13s - loss: 573094.3672
2176/3835 [================>.............] - ETA: 12s - loss: 572823.9338
2304/3835 [=================>............] - ETA: 11s - loss: 573136.3542
2432/3835 [==================>...........] - ETA: 10s - loss: 573108.1711
2560/3835 [===================>..........] - ETA: 9s - loss: 572897.2281 
2688/3835 [====================>.........] - ETA: 8s - loss: 572665.6875
2816/3835 [=====================>........] - ETA: 7s - loss: 572409.6818
2944/3835 [======================>.......] - ETA: 6s - loss: 572384.5408
3072/3835 [=======================>......] - ETA: 5s - loss: 572207.8281
3200/3835 [========================>.....] - ETA: 4s - loss: 572298.6425
3328/3835 [=========================>....] - ETA: 3s - loss: 572145.1562
3456/3835 [==========================>...] - ETA: 2s - loss: 572469.0069
3584/3835 [===========================>..] - ETA: 1s - loss: 572580.8594
3712/3835 [============================>.] - ETA: 0s - loss: 572396.5194
3835/3835 [==============================] - 28s 7ms/step - loss: 572686.0278
Epoch 73/100

 128/3835 [>.............................] - ETA: 27s - loss: 571914.7500
 256/3835 [=>............................] - ETA: 26s - loss: 569518.0625
 384/3835 [==>...........................] - ETA: 24s - loss: 570063.5000
 512/3835 [===>..........................] - ETA: 23s - loss: 569227.9531
 640/3835 [====>.........................] - ETA: 23s - loss: 568715.6625
 768/3835 [=====>........................] - ETA: 22s - loss: 568737.4271
 896/3835 [======>.......................] - ETA: 21s - loss: 569432.7232
1024/3835 [=======>......................] - ETA: 20s - loss: 570387.0625
1152/3835 [========>.....................] - ETA: 19s - loss: 571523.5972
1280/3835 [=========>....................] - ETA: 18s - loss: 572669.8000
1408/3835 [==========>...................] - ETA: 17s - loss: 572801.1761
1536/3835 [===========>..................] - ETA: 16s - loss: 573164.5573
1664/3835 [============>.................] - ETA: 15s - loss: 572978.2548
1792/3835 [=============>................] - ETA: 14s - loss: 573226.6696
1920/3835 [==============>...............] - ETA: 13s - loss: 573228.2125
2048/3835 [===============>..............] - ETA: 12s - loss: 573205.2734
2176/3835 [================>.............] - ETA: 12s - loss: 573249.1507
2304/3835 [=================>............] - ETA: 11s - loss: 573097.6562
2432/3835 [==================>...........] - ETA: 10s - loss: 572945.9671
2560/3835 [===================>..........] - ETA: 9s - loss: 572740.0000 
2688/3835 [====================>.........] - ETA: 8s - loss: 572787.9345
2816/3835 [=====================>........] - ETA: 7s - loss: 572579.7273
2944/3835 [======================>.......] - ETA: 6s - loss: 572531.4565
3072/3835 [=======================>......] - ETA: 5s - loss: 572132.5365
3200/3835 [========================>.....] - ETA: 4s - loss: 571987.1250
3328/3835 [=========================>....] - ETA: 3s - loss: 571981.7740
3456/3835 [==========================>...] - ETA: 2s - loss: 572346.4097
3584/3835 [===========================>..] - ETA: 1s - loss: 572705.1027
3712/3835 [============================>.] - ETA: 0s - loss: 572504.8211
3835/3835 [==============================] - 28s 7ms/step - loss: 572779.5081
Epoch 74/100

 128/3835 [>.............................] - ETA: 26s - loss: 579948.0625
 256/3835 [=>............................] - ETA: 25s - loss: 575506.9062
 384/3835 [==>...........................] - ETA: 25s - loss: 573749.6042
 512/3835 [===>..........................] - ETA: 24s - loss: 573842.8594
 640/3835 [====>.........................] - ETA: 23s - loss: 573183.1625
 768/3835 [=====>........................] - ETA: 22s - loss: 573423.0625
 896/3835 [======>.......................] - ETA: 21s - loss: 573336.0000
1024/3835 [=======>......................] - ETA: 20s - loss: 572790.3672
1152/3835 [========>.....................] - ETA: 19s - loss: 572243.3889
1280/3835 [=========>....................] - ETA: 18s - loss: 571793.3063
1408/3835 [==========>...................] - ETA: 17s - loss: 571897.6420
1536/3835 [===========>..................] - ETA: 16s - loss: 571782.6510
1664/3835 [============>.................] - ETA: 15s - loss: 571110.5048
1792/3835 [=============>................] - ETA: 14s - loss: 571340.0402
1920/3835 [==============>...............] - ETA: 13s - loss: 571941.2667
2048/3835 [===============>..............] - ETA: 12s - loss: 572505.0859
2176/3835 [================>.............] - ETA: 11s - loss: 572199.2426
2304/3835 [=================>............] - ETA: 11s - loss: 572847.3507
2432/3835 [==================>...........] - ETA: 10s - loss: 572946.6151
2560/3835 [===================>..........] - ETA: 9s - loss: 572927.8250 
2688/3835 [====================>.........] - ETA: 8s - loss: 572715.7381
2816/3835 [=====================>........] - ETA: 7s - loss: 572624.5114
2944/3835 [======================>.......] - ETA: 6s - loss: 572802.2065
3072/3835 [=======================>......] - ETA: 5s - loss: 572703.1562
3200/3835 [========================>.....] - ETA: 4s - loss: 572590.4300
3328/3835 [=========================>....] - ETA: 3s - loss: 572398.5192
3456/3835 [==========================>...] - ETA: 2s - loss: 572700.1435
3584/3835 [===========================>..] - ETA: 1s - loss: 572893.3616
3712/3835 [============================>.] - ETA: 0s - loss: 572711.7931
3835/3835 [==============================] - 28s 7ms/step - loss: 572945.2251
Epoch 75/100

 128/3835 [>.............................] - ETA: 26s - loss: 568300.1250
 256/3835 [=>............................] - ETA: 25s - loss: 567543.0000
 384/3835 [==>...........................] - ETA: 25s - loss: 568301.9583
 512/3835 [===>..........................] - ETA: 24s - loss: 569733.7188
 640/3835 [====>.........................] - ETA: 23s - loss: 569268.3000
 768/3835 [=====>........................] - ETA: 22s - loss: 570592.1667
 896/3835 [======>.......................] - ETA: 21s - loss: 570562.9286
1024/3835 [=======>......................] - ETA: 20s - loss: 570863.1719
1152/3835 [========>.....................] - ETA: 19s - loss: 570492.3958
1280/3835 [=========>....................] - ETA: 18s - loss: 570811.3313
1408/3835 [==========>...................] - ETA: 17s - loss: 570686.0852
1536/3835 [===========>..................] - ETA: 16s - loss: 570738.4375
1664/3835 [============>.................] - ETA: 15s - loss: 570772.0096
1792/3835 [=============>................] - ETA: 14s - loss: 570637.7321
1920/3835 [==============>...............] - ETA: 13s - loss: 570397.2833
2048/3835 [===============>..............] - ETA: 13s - loss: 570220.1758
2176/3835 [================>.............] - ETA: 12s - loss: 569787.8566
2304/3835 [=================>............] - ETA: 11s - loss: 570659.0104
2432/3835 [==================>...........] - ETA: 10s - loss: 570513.5954
2560/3835 [===================>..........] - ETA: 9s - loss: 571002.5625 
2688/3835 [====================>.........] - ETA: 8s - loss: 571442.1071
2816/3835 [=====================>........] - ETA: 7s - loss: 571873.3409
2944/3835 [======================>.......] - ETA: 6s - loss: 571987.5163
3072/3835 [=======================>......] - ETA: 5s - loss: 572169.3542
3200/3835 [========================>.....] - ETA: 4s - loss: 572220.8900
3328/3835 [=========================>....] - ETA: 3s - loss: 572272.3966
3456/3835 [==========================>...] - ETA: 2s - loss: 572182.5486
3584/3835 [===========================>..] - ETA: 1s - loss: 572407.5513
3712/3835 [============================>.] - ETA: 0s - loss: 572481.7866
3835/3835 [==============================] - 28s 7ms/step - loss: 572682.0714
Epoch 76/100

 128/3835 [>.............................] - ETA: 27s - loss: 570309.6250
 256/3835 [=>............................] - ETA: 26s - loss: 568884.5000
 384/3835 [==>...........................] - ETA: 25s - loss: 568479.5000
 512/3835 [===>..........................] - ETA: 24s - loss: 568555.7344
 640/3835 [====>.........................] - ETA: 23s - loss: 569583.0625
 768/3835 [=====>........................] - ETA: 22s - loss: 571426.9271
 896/3835 [======>.......................] - ETA: 21s - loss: 571291.1161
1024/3835 [=======>......................] - ETA: 20s - loss: 570840.1797
1152/3835 [========>.....................] - ETA: 19s - loss: 572070.7222
1280/3835 [=========>....................] - ETA: 18s - loss: 572759.7688
1408/3835 [==========>...................] - ETA: 17s - loss: 572922.5170
1536/3835 [===========>..................] - ETA: 16s - loss: 573633.5990
1664/3835 [============>.................] - ETA: 15s - loss: 573432.6779
1792/3835 [=============>................] - ETA: 14s - loss: 573251.8705
1920/3835 [==============>...............] - ETA: 13s - loss: 573571.1542
2048/3835 [===============>..............] - ETA: 13s - loss: 573538.8633
2176/3835 [================>.............] - ETA: 12s - loss: 573517.2904
2304/3835 [=================>............] - ETA: 11s - loss: 573342.4062
2432/3835 [==================>...........] - ETA: 10s - loss: 573513.0395
2560/3835 [===================>..........] - ETA: 9s - loss: 573526.4344 
2688/3835 [====================>.........] - ETA: 8s - loss: 573280.7857
2816/3835 [=====================>........] - ETA: 7s - loss: 573236.2898
2944/3835 [======================>.......] - ETA: 6s - loss: 572993.7310
3072/3835 [=======================>......] - ETA: 5s - loss: 572888.9141
3200/3835 [========================>.....] - ETA: 4s - loss: 573051.3900
3328/3835 [=========================>....] - ETA: 3s - loss: 572658.4423
3456/3835 [==========================>...] - ETA: 2s - loss: 572428.1782
3584/3835 [===========================>..] - ETA: 1s - loss: 572503.4353
3712/3835 [============================>.] - ETA: 0s - loss: 572441.5970
3835/3835 [==============================] - 28s 7ms/step - loss: 572715.1987
Epoch 77/100

 128/3835 [>.............................] - ETA: 26s - loss: 566487.0625
 256/3835 [=>............................] - ETA: 25s - loss: 571388.1875
 384/3835 [==>...........................] - ETA: 25s - loss: 572814.2917
 512/3835 [===>..........................] - ETA: 24s - loss: 572452.9688
 640/3835 [====>.........................] - ETA: 23s - loss: 573469.9500
 768/3835 [=====>........................] - ETA: 22s - loss: 572627.2188
 896/3835 [======>.......................] - ETA: 21s - loss: 572247.6875
1024/3835 [=======>......................] - ETA: 20s - loss: 572774.3828
1152/3835 [========>.....................] - ETA: 19s - loss: 572395.4306
1280/3835 [=========>....................] - ETA: 18s - loss: 572469.1750
1408/3835 [==========>...................] - ETA: 17s - loss: 572258.1364
1536/3835 [===========>..................] - ETA: 16s - loss: 572417.5208
1664/3835 [============>.................] - ETA: 15s - loss: 572204.7500
1792/3835 [=============>................] - ETA: 14s - loss: 572804.5179
1920/3835 [==============>...............] - ETA: 13s - loss: 572434.6417
2048/3835 [===============>..............] - ETA: 13s - loss: 572805.6367
2176/3835 [================>.............] - ETA: 12s - loss: 573370.5110
2304/3835 [=================>............] - ETA: 11s - loss: 573034.2569
2432/3835 [==================>...........] - ETA: 10s - loss: 572678.5230
2560/3835 [===================>..........] - ETA: 9s - loss: 572483.5094 
2688/3835 [====================>.........] - ETA: 8s - loss: 572400.5565
2816/3835 [=====================>........] - ETA: 7s - loss: 572297.8665
2944/3835 [======================>.......] - ETA: 6s - loss: 572094.9565
3072/3835 [=======================>......] - ETA: 5s - loss: 572111.8490
3200/3835 [========================>.....] - ETA: 4s - loss: 572186.2450
3328/3835 [=========================>....] - ETA: 3s - loss: 572234.7885
3456/3835 [==========================>...] - ETA: 2s - loss: 571878.0926
3584/3835 [===========================>..] - ETA: 1s - loss: 571715.6406
3712/3835 [============================>.] - ETA: 0s - loss: 571748.7802
3835/3835 [==============================] - 28s 7ms/step - loss: 572012.3592
Epoch 78/100

 128/3835 [>.............................] - ETA: 27s - loss: 567030.3750
 256/3835 [=>............................] - ETA: 26s - loss: 566755.4375
 384/3835 [==>...........................] - ETA: 25s - loss: 569070.9792
 512/3835 [===>..........................] - ETA: 24s - loss: 568753.8594
 640/3835 [====>.........................] - ETA: 23s - loss: 571099.4250
 768/3835 [=====>........................] - ETA: 22s - loss: 572225.1875
 896/3835 [======>.......................] - ETA: 21s - loss: 572182.8929
1024/3835 [=======>......................] - ETA: 20s - loss: 572153.0391
1152/3835 [========>.....................] - ETA: 19s - loss: 571655.0347
1280/3835 [=========>....................] - ETA: 18s - loss: 571548.5687
1408/3835 [==========>...................] - ETA: 17s - loss: 571666.9318
1536/3835 [===========>..................] - ETA: 16s - loss: 572001.2344
1664/3835 [============>.................] - ETA: 15s - loss: 571649.9183
1792/3835 [=============>................] - ETA: 14s - loss: 571966.5179
1920/3835 [==============>...............] - ETA: 14s - loss: 571574.5958
2048/3835 [===============>..............] - ETA: 13s - loss: 571269.6914
2176/3835 [================>.............] - ETA: 12s - loss: 571398.6434
2304/3835 [=================>............] - ETA: 11s - loss: 571137.5799
2432/3835 [==================>...........] - ETA: 10s - loss: 571054.6086
2560/3835 [===================>..........] - ETA: 9s - loss: 571113.8406 
2688/3835 [====================>.........] - ETA: 8s - loss: 571515.0387
2816/3835 [=====================>........] - ETA: 7s - loss: 571458.6790
2944/3835 [======================>.......] - ETA: 6s - loss: 571373.6114
3072/3835 [=======================>......] - ETA: 5s - loss: 571243.2891
3200/3835 [========================>.....] - ETA: 4s - loss: 571541.5625
3328/3835 [=========================>....] - ETA: 3s - loss: 571577.6178
3456/3835 [==========================>...] - ETA: 2s - loss: 571472.8125
3584/3835 [===========================>..] - ETA: 1s - loss: 571172.5848
3712/3835 [============================>.] - ETA: 0s - loss: 571552.1336
3835/3835 [==============================] - 28s 7ms/step - loss: 571797.1030
Epoch 79/100

 128/3835 [>.............................] - ETA: 27s - loss: 571094.7500
 256/3835 [=>............................] - ETA: 26s - loss: 566894.5000
 384/3835 [==>...........................] - ETA: 25s - loss: 570326.9583
 512/3835 [===>..........................] - ETA: 24s - loss: 571609.1875
 640/3835 [====>.........................] - ETA: 23s - loss: 570706.2500
 768/3835 [=====>........................] - ETA: 22s - loss: 569999.4167
 896/3835 [======>.......................] - ETA: 21s - loss: 569653.6786
1024/3835 [=======>......................] - ETA: 20s - loss: 569266.1719
1152/3835 [========>.....................] - ETA: 19s - loss: 569640.3889
1280/3835 [=========>....................] - ETA: 18s - loss: 569664.2375
1408/3835 [==========>...................] - ETA: 18s - loss: 570356.2614
1536/3835 [===========>..................] - ETA: 17s - loss: 571046.0208
1664/3835 [============>.................] - ETA: 16s - loss: 571786.3846
1792/3835 [=============>................] - ETA: 15s - loss: 572212.4821
1920/3835 [==============>...............] - ETA: 14s - loss: 571981.0500
2048/3835 [===============>..............] - ETA: 13s - loss: 571994.8594
2176/3835 [================>.............] - ETA: 12s - loss: 572469.5294
2304/3835 [=================>............] - ETA: 11s - loss: 572454.6042
2432/3835 [==================>...........] - ETA: 10s - loss: 572466.7961
2560/3835 [===================>..........] - ETA: 9s - loss: 572387.7500 
2688/3835 [====================>.........] - ETA: 8s - loss: 572271.9524
2816/3835 [=====================>........] - ETA: 7s - loss: 572329.1818
2944/3835 [======================>.......] - ETA: 6s - loss: 572385.3207
3072/3835 [=======================>......] - ETA: 5s - loss: 572179.5521
3200/3835 [========================>.....] - ETA: 4s - loss: 571988.6725
3328/3835 [=========================>....] - ETA: 3s - loss: 571789.8462
3456/3835 [==========================>...] - ETA: 2s - loss: 571661.7731
3584/3835 [===========================>..] - ETA: 1s - loss: 571751.8326
3712/3835 [============================>.] - ETA: 0s - loss: 571712.7608
3835/3835 [==============================] - 28s 7ms/step - loss: 572006.3768
Epoch 80/100

 128/3835 [>.............................] - ETA: 27s - loss: 567209.1250
 256/3835 [=>............................] - ETA: 26s - loss: 566753.6250
 384/3835 [==>...........................] - ETA: 25s - loss: 566453.5417
 512/3835 [===>..........................] - ETA: 24s - loss: 570003.2812
 640/3835 [====>.........................] - ETA: 23s - loss: 569549.2000
 768/3835 [=====>........................] - ETA: 22s - loss: 569114.3542
 896/3835 [======>.......................] - ETA: 21s - loss: 570930.9554
1024/3835 [=======>......................] - ETA: 20s - loss: 571691.9297
1152/3835 [========>.....................] - ETA: 19s - loss: 571836.5139
1280/3835 [=========>....................] - ETA: 18s - loss: 571870.0625
1408/3835 [==========>...................] - ETA: 17s - loss: 571919.1534
1536/3835 [===========>..................] - ETA: 16s - loss: 571866.7292
1664/3835 [============>.................] - ETA: 15s - loss: 571735.7404
1792/3835 [=============>................] - ETA: 15s - loss: 572215.5446
1920/3835 [==============>...............] - ETA: 14s - loss: 572289.8750
2048/3835 [===============>..............] - ETA: 13s - loss: 572172.4023
2176/3835 [================>.............] - ETA: 12s - loss: 572130.6213
2304/3835 [=================>............] - ETA: 11s - loss: 571862.1146
2432/3835 [==================>...........] - ETA: 10s - loss: 571702.1809
2560/3835 [===================>..........] - ETA: 9s - loss: 571972.5031 
2688/3835 [====================>.........] - ETA: 8s - loss: 571722.9554
2816/3835 [=====================>........] - ETA: 7s - loss: 571648.4517
2944/3835 [======================>.......] - ETA: 6s - loss: 571409.9293
3072/3835 [=======================>......] - ETA: 5s - loss: 571243.6953
3200/3835 [========================>.....] - ETA: 4s - loss: 570875.9475
3328/3835 [=========================>....] - ETA: 3s - loss: 571228.2548
3456/3835 [==========================>...] - ETA: 2s - loss: 571328.9259
3584/3835 [===========================>..] - ETA: 1s - loss: 571393.0312
3712/3835 [============================>.] - ETA: 0s - loss: 571554.4267
3835/3835 [==============================] - 28s 7ms/step - loss: 571814.8880
Epoch 81/100

 128/3835 [>.............................] - ETA: 26s - loss: 566660.6250
 256/3835 [=>............................] - ETA: 26s - loss: 570838.9062
 384/3835 [==>...........................] - ETA: 25s - loss: 569667.2083
 512/3835 [===>..........................] - ETA: 24s - loss: 569858.9375
 640/3835 [====>.........................] - ETA: 23s - loss: 569751.5750
 768/3835 [=====>........................] - ETA: 22s - loss: 570978.0000
 896/3835 [======>.......................] - ETA: 21s - loss: 571101.2768
1024/3835 [=======>......................] - ETA: 20s - loss: 572449.0391
1152/3835 [========>.....................] - ETA: 19s - loss: 571921.9792
1280/3835 [=========>....................] - ETA: 18s - loss: 571560.4688
1408/3835 [==========>...................] - ETA: 17s - loss: 571684.1761
1536/3835 [===========>..................] - ETA: 16s - loss: 571977.1406
1664/3835 [============>.................] - ETA: 15s - loss: 572137.5865
1792/3835 [=============>................] - ETA: 15s - loss: 572163.4241
1920/3835 [==============>...............] - ETA: 14s - loss: 572571.2125
2048/3835 [===============>..............] - ETA: 13s - loss: 572523.2930
2176/3835 [================>.............] - ETA: 12s - loss: 572347.3640
2304/3835 [=================>............] - ETA: 11s - loss: 572129.0799
2432/3835 [==================>...........] - ETA: 10s - loss: 571877.5559
2560/3835 [===================>..........] - ETA: 9s - loss: 571824.3906 
2688/3835 [====================>.........] - ETA: 8s - loss: 572088.2292
2816/3835 [=====================>........] - ETA: 7s - loss: 571874.0966
2944/3835 [======================>.......] - ETA: 6s - loss: 571852.8261
3072/3835 [=======================>......] - ETA: 5s - loss: 571467.1510
3200/3835 [========================>.....] - ETA: 4s - loss: 571375.5225
3328/3835 [=========================>....] - ETA: 3s - loss: 571244.8486
3456/3835 [==========================>...] - ETA: 2s - loss: 571064.4097
3584/3835 [===========================>..] - ETA: 1s - loss: 571168.4754
3712/3835 [============================>.] - ETA: 0s - loss: 571546.0474
3835/3835 [==============================] - 28s 7ms/step - loss: 571814.1763
Epoch 82/100

 128/3835 [>.............................] - ETA: 26s - loss: 577747.8750
 256/3835 [=>............................] - ETA: 26s - loss: 573323.5938
 384/3835 [==>...........................] - ETA: 25s - loss: 571568.4792
 512/3835 [===>..........................] - ETA: 24s - loss: 570883.0781
 640/3835 [====>.........................] - ETA: 23s - loss: 572352.4875
 768/3835 [=====>........................] - ETA: 22s - loss: 572899.8958
 896/3835 [======>.......................] - ETA: 21s - loss: 573295.7857
1024/3835 [=======>......................] - ETA: 20s - loss: 572538.2812
1152/3835 [========>.....................] - ETA: 19s - loss: 571922.0208
1280/3835 [=========>....................] - ETA: 18s - loss: 572066.0625
1408/3835 [==========>...................] - ETA: 17s - loss: 571650.6023
1536/3835 [===========>..................] - ETA: 16s - loss: 571692.2708
1664/3835 [============>.................] - ETA: 15s - loss: 572200.2163
1792/3835 [=============>................] - ETA: 14s - loss: 571788.4688
1920/3835 [==============>...............] - ETA: 13s - loss: 571576.8125
2048/3835 [===============>..............] - ETA: 13s - loss: 571434.4727
2176/3835 [================>.............] - ETA: 12s - loss: 571850.9596
2304/3835 [=================>............] - ETA: 11s - loss: 571921.8507
2432/3835 [==================>...........] - ETA: 10s - loss: 571818.0263
2560/3835 [===================>..........] - ETA: 9s - loss: 571381.7688 
2688/3835 [====================>.........] - ETA: 8s - loss: 571419.0417
2816/3835 [=====================>........] - ETA: 7s - loss: 571208.4318
2944/3835 [======================>.......] - ETA: 6s - loss: 571064.5516
3072/3835 [=======================>......] - ETA: 5s - loss: 571559.4453
3200/3835 [========================>.....] - ETA: 4s - loss: 571546.4425
3328/3835 [=========================>....] - ETA: 3s - loss: 571579.0841
3456/3835 [==========================>...] - ETA: 2s - loss: 571640.6181
3584/3835 [===========================>..] - ETA: 1s - loss: 571505.7321
3712/3835 [============================>.] - ETA: 0s - loss: 571351.1681
3835/3835 [==============================] - 28s 7ms/step - loss: 571608.8513
Epoch 83/100

 128/3835 [>.............................] - ETA: 27s - loss: 569099.6875
 256/3835 [=>............................] - ETA: 26s - loss: 567535.8438
 384/3835 [==>...........................] - ETA: 25s - loss: 565461.4167
 512/3835 [===>..........................] - ETA: 24s - loss: 566458.1250
 640/3835 [====>.........................] - ETA: 23s - loss: 566941.1000
 768/3835 [=====>........................] - ETA: 22s - loss: 567533.1042
 896/3835 [======>.......................] - ETA: 21s - loss: 567447.5625
1024/3835 [=======>......................] - ETA: 20s - loss: 568621.8047
1152/3835 [========>.....................] - ETA: 19s - loss: 569760.4653
1280/3835 [=========>....................] - ETA: 18s - loss: 569532.0000
1408/3835 [==========>...................] - ETA: 17s - loss: 569248.2159
1536/3835 [===========>..................] - ETA: 16s - loss: 569436.9583
1664/3835 [============>.................] - ETA: 15s - loss: 569688.6154
1792/3835 [=============>................] - ETA: 15s - loss: 570087.3973
1920/3835 [==============>...............] - ETA: 14s - loss: 569984.8875
2048/3835 [===============>..............] - ETA: 13s - loss: 569783.7695
2176/3835 [================>.............] - ETA: 12s - loss: 570271.9963
2304/3835 [=================>............] - ETA: 11s - loss: 570760.2674
2432/3835 [==================>...........] - ETA: 10s - loss: 570822.5164
2560/3835 [===================>..........] - ETA: 9s - loss: 570928.2250 
2688/3835 [====================>.........] - ETA: 8s - loss: 570787.2351
2816/3835 [=====================>........] - ETA: 7s - loss: 570837.1960
2944/3835 [======================>.......] - ETA: 6s - loss: 571277.9538
3072/3835 [=======================>......] - ETA: 5s - loss: 571249.2422
3200/3835 [========================>.....] - ETA: 4s - loss: 571316.3375
3328/3835 [=========================>....] - ETA: 3s - loss: 571158.0793
3456/3835 [==========================>...] - ETA: 2s - loss: 571038.8588
3584/3835 [===========================>..] - ETA: 1s - loss: 571259.3772
3712/3835 [============================>.] - ETA: 0s - loss: 571097.2823
3835/3835 [==============================] - 28s 7ms/step - loss: 571310.7111
Epoch 84/100

 128/3835 [>.............................] - ETA: 27s - loss: 576159.7500
 256/3835 [=>............................] - ETA: 26s - loss: 573899.9062
 384/3835 [==>...........................] - ETA: 25s - loss: 572975.1875
 512/3835 [===>..........................] - ETA: 24s - loss: 572107.8750
 640/3835 [====>.........................] - ETA: 23s - loss: 571247.6000
 768/3835 [=====>........................] - ETA: 22s - loss: 570548.3021
 896/3835 [======>.......................] - ETA: 21s - loss: 572174.9643
1024/3835 [=======>......................] - ETA: 20s - loss: 573058.6562
1152/3835 [========>.....................] - ETA: 19s - loss: 572991.0000
1280/3835 [=========>....................] - ETA: 18s - loss: 572565.7375
1408/3835 [==========>...................] - ETA: 17s - loss: 572284.0966
1536/3835 [===========>..................] - ETA: 16s - loss: 572565.4271
1664/3835 [============>.................] - ETA: 15s - loss: 572598.5385
1792/3835 [=============>................] - ETA: 15s - loss: 572847.0804
1920/3835 [==============>...............] - ETA: 14s - loss: 572435.3417
2048/3835 [===============>..............] - ETA: 13s - loss: 572370.9883
2176/3835 [================>.............] - ETA: 12s - loss: 572557.2537
2304/3835 [=================>............] - ETA: 11s - loss: 572267.5035
2432/3835 [==================>...........] - ETA: 10s - loss: 572300.1414
2560/3835 [===================>..........] - ETA: 9s - loss: 572031.0344 
2688/3835 [====================>.........] - ETA: 8s - loss: 571747.9881
2816/3835 [=====================>........] - ETA: 7s - loss: 572033.6364
2944/3835 [======================>.......] - ETA: 6s - loss: 571828.3370
3072/3835 [=======================>......] - ETA: 5s - loss: 571721.7031
3200/3835 [========================>.....] - ETA: 4s - loss: 571754.7000
3328/3835 [=========================>....] - ETA: 3s - loss: 571535.2091
3456/3835 [==========================>...] - ETA: 2s - loss: 571179.0486
3584/3835 [===========================>..] - ETA: 1s - loss: 571050.5603
3712/3835 [============================>.] - ETA: 0s - loss: 571004.5151
3835/3835 [==============================] - 28s 7ms/step - loss: 571310.2626
Epoch 85/100

 128/3835 [>.............................] - ETA: 26s - loss: 581483.5000
 256/3835 [=>............................] - ETA: 26s - loss: 579952.3438
 384/3835 [==>...........................] - ETA: 25s - loss: 577573.0625
 512/3835 [===>..........................] - ETA: 24s - loss: 575175.3125
 640/3835 [====>.........................] - ETA: 23s - loss: 575201.8125
 768/3835 [=====>........................] - ETA: 22s - loss: 575594.1146
 896/3835 [======>.......................] - ETA: 21s - loss: 574062.1518
1024/3835 [=======>......................] - ETA: 20s - loss: 574840.0625
1152/3835 [========>.....................] - ETA: 19s - loss: 574172.5833
1280/3835 [=========>....................] - ETA: 18s - loss: 573931.8313
1408/3835 [==========>...................] - ETA: 17s - loss: 574135.1989
1536/3835 [===========>..................] - ETA: 16s - loss: 573749.8594
1664/3835 [============>.................] - ETA: 15s - loss: 573310.7837
1792/3835 [=============>................] - ETA: 14s - loss: 573424.8125
1920/3835 [==============>...............] - ETA: 13s - loss: 573095.9667
2048/3835 [===============>..............] - ETA: 13s - loss: 573040.1641
2176/3835 [================>.............] - ETA: 12s - loss: 572933.8309
2304/3835 [=================>............] - ETA: 11s - loss: 572561.6806
2432/3835 [==================>...........] - ETA: 10s - loss: 572655.1711
2560/3835 [===================>..........] - ETA: 9s - loss: 572501.3750 
2688/3835 [====================>.........] - ETA: 8s - loss: 572377.7798
2816/3835 [=====================>........] - ETA: 7s - loss: 572076.9972
2944/3835 [======================>.......] - ETA: 6s - loss: 571884.9130
3072/3835 [=======================>......] - ETA: 5s - loss: 571718.5495
3200/3835 [========================>.....] - ETA: 4s - loss: 571495.3000
3328/3835 [=========================>....] - ETA: 3s - loss: 571400.2163
3456/3835 [==========================>...] - ETA: 2s - loss: 571508.1574
3584/3835 [===========================>..] - ETA: 1s - loss: 571305.4330
3712/3835 [============================>.] - ETA: 0s - loss: 571394.0086
3835/3835 [==============================] - 28s 7ms/step - loss: 571683.2528
Epoch 86/100

 128/3835 [>.............................] - ETA: 27s - loss: 573789.8125
 256/3835 [=>............................] - ETA: 26s - loss: 569460.9688
 384/3835 [==>...........................] - ETA: 25s - loss: 569308.9583
 512/3835 [===>..........................] - ETA: 24s - loss: 568774.7500
 640/3835 [====>.........................] - ETA: 23s - loss: 569602.0000
 768/3835 [=====>........................] - ETA: 22s - loss: 569533.5625
 896/3835 [======>.......................] - ETA: 21s - loss: 568946.8929
1024/3835 [=======>......................] - ETA: 20s - loss: 568970.1719
1152/3835 [========>.....................] - ETA: 19s - loss: 568759.0208
1280/3835 [=========>....................] - ETA: 18s - loss: 568526.3688
1408/3835 [==========>...................] - ETA: 17s - loss: 568848.3807
1536/3835 [===========>..................] - ETA: 16s - loss: 569023.3646
1664/3835 [============>.................] - ETA: 16s - loss: 570078.6827
1792/3835 [=============>................] - ETA: 15s - loss: 570209.4464
1920/3835 [==============>...............] - ETA: 14s - loss: 570555.0458
2048/3835 [===============>..............] - ETA: 13s - loss: 570877.2852
2176/3835 [================>.............] - ETA: 12s - loss: 570768.9963
2304/3835 [=================>............] - ETA: 11s - loss: 570571.4444
2432/3835 [==================>...........] - ETA: 10s - loss: 570207.1974
2560/3835 [===================>..........] - ETA: 9s - loss: 570563.6250 
2688/3835 [====================>.........] - ETA: 8s - loss: 570536.3750
2816/3835 [=====================>........] - ETA: 7s - loss: 570646.4375
2944/3835 [======================>.......] - ETA: 6s - loss: 570698.6984
3072/3835 [=======================>......] - ETA: 5s - loss: 570558.0234
3200/3835 [========================>.....] - ETA: 4s - loss: 570925.0425
3328/3835 [=========================>....] - ETA: 3s - loss: 570761.0793
3456/3835 [==========================>...] - ETA: 2s - loss: 571006.4167
3584/3835 [===========================>..] - ETA: 1s - loss: 571249.2143
3712/3835 [============================>.] - ETA: 0s - loss: 571148.8901
3835/3835 [==============================] - 28s 7ms/step - loss: 571362.8386
Epoch 87/100

 128/3835 [>.............................] - ETA: 27s - loss: 562677.0000
 256/3835 [=>............................] - ETA: 26s - loss: 566968.8125
 384/3835 [==>...........................] - ETA: 25s - loss: 566705.0833
 512/3835 [===>..........................] - ETA: 24s - loss: 568785.7812
 640/3835 [====>.........................] - ETA: 23s - loss: 569953.2250
 768/3835 [=====>........................] - ETA: 22s - loss: 570066.8958
 896/3835 [======>.......................] - ETA: 21s - loss: 570281.1429
1024/3835 [=======>......................] - ETA: 20s - loss: 571670.4453
1152/3835 [========>.....................] - ETA: 19s - loss: 571239.3333
1280/3835 [=========>....................] - ETA: 18s - loss: 571762.5813
1408/3835 [==========>...................] - ETA: 17s - loss: 571300.4091
1536/3835 [===========>..................] - ETA: 16s - loss: 571385.5469
1664/3835 [============>.................] - ETA: 15s - loss: 571197.9712
1792/3835 [=============>................] - ETA: 14s - loss: 571319.8214
1920/3835 [==============>...............] - ETA: 14s - loss: 571103.4417
2048/3835 [===============>..............] - ETA: 13s - loss: 571473.1406
2176/3835 [================>.............] - ETA: 12s - loss: 571228.0404
2304/3835 [=================>............] - ETA: 11s - loss: 570979.5035
2432/3835 [==================>...........] - ETA: 10s - loss: 571044.0329
2560/3835 [===================>..........] - ETA: 9s - loss: 570836.7688 
2688/3835 [====================>.........] - ETA: 8s - loss: 570751.4286
2816/3835 [=====================>........] - ETA: 7s - loss: 570525.8267
2944/3835 [======================>.......] - ETA: 6s - loss: 570357.5625
3072/3835 [=======================>......] - ETA: 5s - loss: 570196.5495
3200/3835 [========================>.....] - ETA: 4s - loss: 570174.7075
3328/3835 [=========================>....] - ETA: 3s - loss: 570171.2452
3456/3835 [==========================>...] - ETA: 2s - loss: 570525.9583
3584/3835 [===========================>..] - ETA: 1s - loss: 570663.9196
3712/3835 [============================>.] - ETA: 0s - loss: 570989.6573
3835/3835 [==============================] - 28s 7ms/step - loss: 571224.8316
Epoch 88/100

 128/3835 [>.............................] - ETA: 27s - loss: 572573.5000
 256/3835 [=>............................] - ETA: 26s - loss: 572238.8125
 384/3835 [==>...........................] - ETA: 25s - loss: 571905.4167
 512/3835 [===>..........................] - ETA: 24s - loss: 571550.4844
 640/3835 [====>.........................] - ETA: 23s - loss: 572683.2125
 768/3835 [=====>........................] - ETA: 22s - loss: 572286.1146
 896/3835 [======>.......................] - ETA: 21s - loss: 573524.1429
1024/3835 [=======>......................] - ETA: 20s - loss: 572749.4375
1152/3835 [========>.....................] - ETA: 19s - loss: 572785.0625
1280/3835 [=========>....................] - ETA: 18s - loss: 573225.9563
1408/3835 [==========>...................] - ETA: 17s - loss: 572663.4375
1536/3835 [===========>..................] - ETA: 16s - loss: 572109.4635
1664/3835 [============>.................] - ETA: 15s - loss: 571706.3894
1792/3835 [=============>................] - ETA: 14s - loss: 571712.9955
1920/3835 [==============>...............] - ETA: 13s - loss: 571412.8792
2048/3835 [===============>..............] - ETA: 13s - loss: 571271.4102
2176/3835 [================>.............] - ETA: 12s - loss: 571111.2169
2304/3835 [=================>............] - ETA: 11s - loss: 571249.8785
2432/3835 [==================>...........] - ETA: 10s - loss: 571167.0493
2560/3835 [===================>..........] - ETA: 9s - loss: 571464.4375 
2688/3835 [====================>.........] - ETA: 8s - loss: 571213.8155
2816/3835 [=====================>........] - ETA: 7s - loss: 570963.5966
2944/3835 [======================>.......] - ETA: 6s - loss: 570959.6467
3072/3835 [=======================>......] - ETA: 5s - loss: 571164.4167
3200/3835 [========================>.....] - ETA: 4s - loss: 571428.0200
3328/3835 [=========================>....] - ETA: 3s - loss: 571080.2356
3456/3835 [==========================>...] - ETA: 2s - loss: 571348.4884
3584/3835 [===========================>..] - ETA: 1s - loss: 571252.9442
3712/3835 [============================>.] - ETA: 0s - loss: 571276.1573
3835/3835 [==============================] - 28s 7ms/step - loss: 571501.4973
Epoch 89/100

 128/3835 [>.............................] - ETA: 26s - loss: 565884.1250
 256/3835 [=>............................] - ETA: 26s - loss: 567912.2500
 384/3835 [==>...........................] - ETA: 25s - loss: 568130.0000
 512/3835 [===>..........................] - ETA: 24s - loss: 567624.0625
 640/3835 [====>.........................] - ETA: 23s - loss: 567625.3125
 768/3835 [=====>........................] - ETA: 22s - loss: 567501.7083
 896/3835 [======>.......................] - ETA: 21s - loss: 569137.1071
1024/3835 [=======>......................] - ETA: 20s - loss: 569458.3281
1152/3835 [========>.....................] - ETA: 19s - loss: 569135.2222
1280/3835 [=========>....................] - ETA: 18s - loss: 569521.2625
1408/3835 [==========>...................] - ETA: 17s - loss: 570021.9659
1536/3835 [===========>..................] - ETA: 16s - loss: 570185.6250
1664/3835 [============>.................] - ETA: 15s - loss: 570635.1010
1792/3835 [=============>................] - ETA: 14s - loss: 571393.0089
1920/3835 [==============>...............] - ETA: 13s - loss: 571249.0417
2048/3835 [===============>..............] - ETA: 13s - loss: 571372.0781
2176/3835 [================>.............] - ETA: 12s - loss: 571293.5662
2304/3835 [=================>............] - ETA: 11s - loss: 571370.2500
2432/3835 [==================>...........] - ETA: 10s - loss: 571658.2105
2560/3835 [===================>..........] - ETA: 9s - loss: 571492.1250 
2688/3835 [====================>.........] - ETA: 8s - loss: 571557.3065
2816/3835 [=====================>........] - ETA: 7s - loss: 571538.9290
2944/3835 [======================>.......] - ETA: 6s - loss: 571762.6386
3072/3835 [=======================>......] - ETA: 5s - loss: 571613.4271
3200/3835 [========================>.....] - ETA: 4s - loss: 571468.6475
3328/3835 [=========================>....] - ETA: 3s - loss: 571103.6947
3456/3835 [==========================>...] - ETA: 2s - loss: 571024.9190
3584/3835 [===========================>..] - ETA: 1s - loss: 570857.8170
3712/3835 [============================>.] - ETA: 0s - loss: 571232.4806
3835/3835 [==============================] - 28s 7ms/step - loss: 571483.4666
Epoch 90/100

 128/3835 [>.............................] - ETA: 27s - loss: 572720.3125
 256/3835 [=>............................] - ETA: 26s - loss: 574861.7188
 384/3835 [==>...........................] - ETA: 25s - loss: 576072.6458
 512/3835 [===>..........................] - ETA: 24s - loss: 574257.2344
 640/3835 [====>.........................] - ETA: 23s - loss: 574515.3000
 768/3835 [=====>........................] - ETA: 22s - loss: 574017.2083
 896/3835 [======>.......................] - ETA: 21s - loss: 573577.0357
1024/3835 [=======>......................] - ETA: 20s - loss: 573434.9688
1152/3835 [========>.....................] - ETA: 19s - loss: 572918.6875
1280/3835 [=========>....................] - ETA: 18s - loss: 573355.0813
1408/3835 [==========>...................] - ETA: 17s - loss: 572997.8864
1536/3835 [===========>..................] - ETA: 16s - loss: 572564.4427
1664/3835 [============>.................] - ETA: 15s - loss: 572544.9615
1792/3835 [=============>................] - ETA: 15s - loss: 572366.0000
1920/3835 [==============>...............] - ETA: 14s - loss: 572662.9750
2048/3835 [===============>..............] - ETA: 13s - loss: 572238.7539
2176/3835 [================>.............] - ETA: 12s - loss: 572144.5993
2304/3835 [=================>............] - ETA: 11s - loss: 571555.1493
2432/3835 [==================>...........] - ETA: 10s - loss: 571280.3651
2560/3835 [===================>..........] - ETA: 9s - loss: 570993.5719 
2688/3835 [====================>.........] - ETA: 8s - loss: 571104.8423
2816/3835 [=====================>........] - ETA: 7s - loss: 571696.0568
2944/3835 [======================>.......] - ETA: 6s - loss: 571471.6848
3072/3835 [=======================>......] - ETA: 5s - loss: 571294.5469
3200/3835 [========================>.....] - ETA: 4s - loss: 571108.3000
3328/3835 [=========================>....] - ETA: 3s - loss: 571200.4062
3456/3835 [==========================>...] - ETA: 2s - loss: 571024.9931
3584/3835 [===========================>..] - ETA: 1s - loss: 571179.4152
3712/3835 [============================>.] - ETA: 0s - loss: 571252.0862
3835/3835 [==============================] - 28s 7ms/step - loss: 571487.8121
Epoch 91/100

 128/3835 [>.............................] - ETA: 27s - loss: 565847.8125
 256/3835 [=>............................] - ETA: 26s - loss: 569039.4062
 384/3835 [==>...........................] - ETA: 24s - loss: 568387.5208
 512/3835 [===>..........................] - ETA: 24s - loss: 568760.1250
 640/3835 [====>.........................] - ETA: 23s - loss: 570502.1750
 768/3835 [=====>........................] - ETA: 22s - loss: 570753.1875
 896/3835 [======>.......................] - ETA: 21s - loss: 570180.8571
1024/3835 [=======>......................] - ETA: 20s - loss: 570228.0625
1152/3835 [========>.....................] - ETA: 19s - loss: 569945.1528
1280/3835 [=========>....................] - ETA: 18s - loss: 569576.6750
1408/3835 [==========>...................] - ETA: 17s - loss: 570490.7216
1536/3835 [===========>..................] - ETA: 16s - loss: 570409.3542
1664/3835 [============>.................] - ETA: 15s - loss: 570362.8846
1792/3835 [=============>................] - ETA: 14s - loss: 569988.3929
1920/3835 [==============>...............] - ETA: 13s - loss: 569762.2000
2048/3835 [===============>..............] - ETA: 13s - loss: 570278.2500
2176/3835 [================>.............] - ETA: 12s - loss: 570055.3272
2304/3835 [=================>............] - ETA: 11s - loss: 570166.4965
2432/3835 [==================>...........] - ETA: 10s - loss: 570085.8586
2560/3835 [===================>..........] - ETA: 9s - loss: 570644.7531 
2688/3835 [====================>.........] - ETA: 8s - loss: 570851.2500
2816/3835 [=====================>........] - ETA: 7s - loss: 570661.6250
2944/3835 [======================>.......] - ETA: 6s - loss: 570881.4674
3072/3835 [=======================>......] - ETA: 5s - loss: 571040.6094
3200/3835 [========================>.....] - ETA: 4s - loss: 570950.7025
3328/3835 [=========================>....] - ETA: 3s - loss: 570981.2957
3456/3835 [==========================>...] - ETA: 2s - loss: 571001.2708
3584/3835 [===========================>..] - ETA: 1s - loss: 570719.5848
3712/3835 [============================>.] - ETA: 0s - loss: 570791.4655
3835/3835 [==============================] - 28s 7ms/step - loss: 570991.6082
Epoch 92/100

 128/3835 [>.............................] - ETA: 26s - loss: 570667.2500
 256/3835 [=>............................] - ETA: 26s - loss: 568835.3438
 384/3835 [==>...........................] - ETA: 25s - loss: 567823.0833
 512/3835 [===>..........................] - ETA: 24s - loss: 566211.9375
 640/3835 [====>.........................] - ETA: 23s - loss: 566390.4750
 768/3835 [=====>........................] - ETA: 22s - loss: 567092.3229
 896/3835 [======>.......................] - ETA: 21s - loss: 569343.0179
1024/3835 [=======>......................] - ETA: 20s - loss: 568833.7812
1152/3835 [========>.....................] - ETA: 19s - loss: 568505.2500
1280/3835 [=========>....................] - ETA: 18s - loss: 568997.3125
1408/3835 [==========>...................] - ETA: 17s - loss: 568702.9261
1536/3835 [===========>..................] - ETA: 16s - loss: 569259.4115
1664/3835 [============>.................] - ETA: 15s - loss: 569928.0721
1792/3835 [=============>................] - ETA: 14s - loss: 570376.1116
1920/3835 [==============>...............] - ETA: 14s - loss: 570553.7208
2048/3835 [===============>..............] - ETA: 13s - loss: 570632.2227
2176/3835 [================>.............] - ETA: 12s - loss: 570685.7941
2304/3835 [=================>............] - ETA: 11s - loss: 570987.4792
2432/3835 [==================>...........] - ETA: 10s - loss: 571030.5230
2560/3835 [===================>..........] - ETA: 9s - loss: 570901.7281 
2688/3835 [====================>.........] - ETA: 8s - loss: 570882.4315
2816/3835 [=====================>........] - ETA: 7s - loss: 571058.7812
2944/3835 [======================>.......] - ETA: 6s - loss: 571135.1033
3072/3835 [=======================>......] - ETA: 5s - loss: 571467.6354
3200/3835 [========================>.....] - ETA: 4s - loss: 571360.5000
3328/3835 [=========================>....] - ETA: 3s - loss: 571190.7885
3456/3835 [==========================>...] - ETA: 2s - loss: 571110.9167
3584/3835 [===========================>..] - ETA: 1s - loss: 570982.6830
3712/3835 [============================>.] - ETA: 0s - loss: 570805.6530
3835/3835 [==============================] - 28s 7ms/step - loss: 571043.9606
Epoch 93/100

 128/3835 [>.............................] - ETA: 26s - loss: 565661.7500
 256/3835 [=>............................] - ETA: 26s - loss: 568613.4375
 384/3835 [==>...........................] - ETA: 25s - loss: 567522.2500
 512/3835 [===>..........................] - ETA: 24s - loss: 567119.0938
 640/3835 [====>.........................] - ETA: 23s - loss: 566773.2625
 768/3835 [=====>........................] - ETA: 22s - loss: 568265.1354
 896/3835 [======>.......................] - ETA: 21s - loss: 570288.4554
1024/3835 [=======>......................] - ETA: 20s - loss: 569763.8203
1152/3835 [========>.....................] - ETA: 19s - loss: 569632.4722
1280/3835 [=========>....................] - ETA: 18s - loss: 569819.6000
1408/3835 [==========>...................] - ETA: 17s - loss: 569088.6591
1536/3835 [===========>..................] - ETA: 16s - loss: 568801.8177
1664/3835 [============>.................] - ETA: 15s - loss: 569118.7404
1792/3835 [=============>................] - ETA: 14s - loss: 569678.9732
1920/3835 [==============>...............] - ETA: 14s - loss: 569593.8583
2048/3835 [===============>..............] - ETA: 13s - loss: 569506.8359
2176/3835 [================>.............] - ETA: 12s - loss: 569338.5368
2304/3835 [=================>............] - ETA: 11s - loss: 569733.5486
2432/3835 [==================>...........] - ETA: 10s - loss: 570165.7632
2560/3835 [===================>..........] - ETA: 9s - loss: 570141.9938 
2688/3835 [====================>.........] - ETA: 8s - loss: 570359.7768
2816/3835 [=====================>........] - ETA: 7s - loss: 570451.7642
2944/3835 [======================>.......] - ETA: 6s - loss: 570716.2446
3072/3835 [=======================>......] - ETA: 5s - loss: 570646.9531
3200/3835 [========================>.....] - ETA: 4s - loss: 570575.2100
3328/3835 [=========================>....] - ETA: 3s - loss: 570660.8606
3456/3835 [==========================>...] - ETA: 2s - loss: 570504.1296
3584/3835 [===========================>..] - ETA: 1s - loss: 570561.2366
3712/3835 [============================>.] - ETA: 0s - loss: 570569.0647
3835/3835 [==============================] - 28s 7ms/step - loss: 570788.6224
Epoch 94/100

 128/3835 [>.............................] - ETA: 26s - loss: 581710.8125
 256/3835 [=>............................] - ETA: 26s - loss: 579273.8438
 384/3835 [==>...........................] - ETA: 25s - loss: 578708.0208
 512/3835 [===>..........................] - ETA: 24s - loss: 576060.7344
 640/3835 [====>.........................] - ETA: 23s - loss: 573457.8875
 768/3835 [=====>........................] - ETA: 22s - loss: 572377.8854
 896/3835 [======>.......................] - ETA: 21s - loss: 571976.5625
1024/3835 [=======>......................] - ETA: 20s - loss: 571462.0547
1152/3835 [========>.....................] - ETA: 19s - loss: 571036.5486
1280/3835 [=========>....................] - ETA: 18s - loss: 570622.9688
1408/3835 [==========>...................] - ETA: 17s - loss: 571274.6989
1536/3835 [===========>..................] - ETA: 16s - loss: 571845.3802
1664/3835 [============>.................] - ETA: 15s - loss: 571745.3173
1792/3835 [=============>................] - ETA: 14s - loss: 571300.4911
1920/3835 [==============>...............] - ETA: 13s - loss: 570990.9750
2048/3835 [===============>..............] - ETA: 12s - loss: 570613.4922
2176/3835 [================>.............] - ETA: 12s - loss: 570480.5441
2304/3835 [=================>............] - ETA: 11s - loss: 570598.2569
2432/3835 [==================>...........] - ETA: 10s - loss: 570663.5658
2560/3835 [===================>..........] - ETA: 9s - loss: 570421.4625 
2688/3835 [====================>.........] - ETA: 8s - loss: 570647.5000
2816/3835 [=====================>........] - ETA: 7s - loss: 570435.1023
2944/3835 [======================>.......] - ETA: 6s - loss: 570476.4239
3072/3835 [=======================>......] - ETA: 5s - loss: 570558.1979
3200/3835 [========================>.....] - ETA: 4s - loss: 570475.4750
3328/3835 [=========================>....] - ETA: 3s - loss: 570643.0673
3456/3835 [==========================>...] - ETA: 2s - loss: 570505.3171
3584/3835 [===========================>..] - ETA: 1s - loss: 570557.3951
3712/3835 [============================>.] - ETA: 0s - loss: 570580.0560
3835/3835 [==============================] - 28s 7ms/step - loss: 570773.4826
Epoch 95/100

 128/3835 [>.............................] - ETA: 27s - loss: 565296.6875
 256/3835 [=>............................] - ETA: 26s - loss: 567754.4062
 384/3835 [==>...........................] - ETA: 25s - loss: 567389.3958
 512/3835 [===>..........................] - ETA: 24s - loss: 567846.7188
 640/3835 [====>.........................] - ETA: 23s - loss: 568590.2000
 768/3835 [=====>........................] - ETA: 22s - loss: 569118.9583
 896/3835 [======>.......................] - ETA: 21s - loss: 568838.5714
1024/3835 [=======>......................] - ETA: 20s - loss: 569736.4531
1152/3835 [========>.....................] - ETA: 19s - loss: 569566.4167
1280/3835 [=========>....................] - ETA: 18s - loss: 569350.3187
1408/3835 [==========>...................] - ETA: 17s - loss: 569437.0398
1536/3835 [===========>..................] - ETA: 16s - loss: 569869.7031
1664/3835 [============>.................] - ETA: 15s - loss: 569527.1010
1792/3835 [=============>................] - ETA: 14s - loss: 568969.4018
1920/3835 [==============>...............] - ETA: 13s - loss: 568747.6333
2048/3835 [===============>..............] - ETA: 13s - loss: 569226.7422
2176/3835 [================>.............] - ETA: 12s - loss: 569049.5110
2304/3835 [=================>............] - ETA: 11s - loss: 568897.9479
2432/3835 [==================>...........] - ETA: 10s - loss: 569022.7599
2560/3835 [===================>..........] - ETA: 9s - loss: 569637.2500 
2688/3835 [====================>.........] - ETA: 8s - loss: 570048.2679
2816/3835 [=====================>........] - ETA: 7s - loss: 569858.9091
2944/3835 [======================>.......] - ETA: 6s - loss: 569973.4620
3072/3835 [=======================>......] - ETA: 5s - loss: 569887.2344
3200/3835 [========================>.....] - ETA: 4s - loss: 569883.3700
3328/3835 [=========================>....] - ETA: 3s - loss: 570052.0168
3456/3835 [==========================>...] - ETA: 2s - loss: 570287.4144
3584/3835 [===========================>..] - ETA: 1s - loss: 570226.3326
3712/3835 [============================>.] - ETA: 0s - loss: 570263.4116
3835/3835 [==============================] - 28s 7ms/step - loss: 570471.0050
Epoch 96/100

 128/3835 [>.............................] - ETA: 26s - loss: 567227.2500
 256/3835 [=>............................] - ETA: 25s - loss: 568955.7188
 384/3835 [==>...........................] - ETA: 24s - loss: 569363.4167
 512/3835 [===>..........................] - ETA: 24s - loss: 569172.4844
 640/3835 [====>.........................] - ETA: 23s - loss: 568607.6125
 768/3835 [=====>........................] - ETA: 22s - loss: 568500.0938
 896/3835 [======>.......................] - ETA: 21s - loss: 568913.9554
1024/3835 [=======>......................] - ETA: 20s - loss: 567977.8516
1152/3835 [========>.....................] - ETA: 19s - loss: 567685.6250
1280/3835 [=========>....................] - ETA: 18s - loss: 568414.8875
1408/3835 [==========>...................] - ETA: 17s - loss: 568113.5000
1536/3835 [===========>..................] - ETA: 16s - loss: 568121.7240
1664/3835 [============>.................] - ETA: 15s - loss: 568804.8798
1792/3835 [=============>................] - ETA: 14s - loss: 569362.4732
1920/3835 [==============>...............] - ETA: 14s - loss: 569163.7833
2048/3835 [===============>..............] - ETA: 13s - loss: 569140.7109
2176/3835 [================>.............] - ETA: 12s - loss: 568965.6066
2304/3835 [=================>............] - ETA: 11s - loss: 568780.1806
2432/3835 [==================>...........] - ETA: 10s - loss: 568964.7961
2560/3835 [===================>..........] - ETA: 9s - loss: 568879.7906 
2688/3835 [====================>.........] - ETA: 8s - loss: 569233.1161
2816/3835 [=====================>........] - ETA: 7s - loss: 569626.5938
2944/3835 [======================>.......] - ETA: 6s - loss: 569685.8397
3072/3835 [=======================>......] - ETA: 5s - loss: 569583.9089
3200/3835 [========================>.....] - ETA: 4s - loss: 569785.5200
3328/3835 [=========================>....] - ETA: 3s - loss: 570193.9447
3456/3835 [==========================>...] - ETA: 2s - loss: 570266.6227
3584/3835 [===========================>..] - ETA: 1s - loss: 570344.8237
3712/3835 [============================>.] - ETA: 0s - loss: 570328.0259
3835/3835 [==============================] - 28s 7ms/step - loss: 570492.9364
Epoch 97/100

 128/3835 [>.............................] - ETA: 27s - loss: 569418.6875
 256/3835 [=>............................] - ETA: 26s - loss: 573035.9062
 384/3835 [==>...........................] - ETA: 25s - loss: 570419.3542
 512/3835 [===>..........................] - ETA: 24s - loss: 571394.5469
 640/3835 [====>.........................] - ETA: 23s - loss: 570552.5125
 768/3835 [=====>........................] - ETA: 22s - loss: 571528.6875
 896/3835 [======>.......................] - ETA: 21s - loss: 570112.5089
1024/3835 [=======>......................] - ETA: 20s - loss: 570846.9297
1152/3835 [========>.....................] - ETA: 19s - loss: 570295.4653
1280/3835 [=========>....................] - ETA: 18s - loss: 570335.8187
1408/3835 [==========>...................] - ETA: 17s - loss: 570509.2443
1536/3835 [===========>..................] - ETA: 16s - loss: 571287.2760
1664/3835 [============>.................] - ETA: 15s - loss: 570923.9423
1792/3835 [=============>................] - ETA: 15s - loss: 570741.1384
1920/3835 [==============>...............] - ETA: 14s - loss: 570765.5750
2048/3835 [===============>..............] - ETA: 13s - loss: 570841.6172
2176/3835 [================>.............] - ETA: 12s - loss: 571025.6654
2304/3835 [=================>............] - ETA: 11s - loss: 570879.4132
2432/3835 [==================>...........] - ETA: 10s - loss: 570934.2533
2560/3835 [===================>..........] - ETA: 9s - loss: 570712.7688 
2688/3835 [====================>.........] - ETA: 8s - loss: 570697.0476
2816/3835 [=====================>........] - ETA: 7s - loss: 570953.7301
2944/3835 [======================>.......] - ETA: 6s - loss: 570754.2038
3072/3835 [=======================>......] - ETA: 5s - loss: 570791.5859
3200/3835 [========================>.....] - ETA: 4s - loss: 570642.7425
3328/3835 [=========================>....] - ETA: 3s - loss: 570439.9327
3456/3835 [==========================>...] - ETA: 2s - loss: 570403.2222
3584/3835 [===========================>..] - ETA: 1s - loss: 570268.1696
3712/3835 [============================>.] - ETA: 0s - loss: 570232.5129
3835/3835 [==============================] - 28s 7ms/step - loss: 570471.8073
Epoch 98/100

 128/3835 [>.............................] - ETA: 26s - loss: 567578.0000
 256/3835 [=>............................] - ETA: 26s - loss: 571268.7500
 384/3835 [==>...........................] - ETA: 25s - loss: 571299.2917
 512/3835 [===>..........................] - ETA: 24s - loss: 572264.4219
 640/3835 [====>.........................] - ETA: 23s - loss: 571909.2875
 768/3835 [=====>........................] - ETA: 22s - loss: 571064.8958
 896/3835 [======>.......................] - ETA: 21s - loss: 570608.8750
1024/3835 [=======>......................] - ETA: 20s - loss: 570334.9141
1152/3835 [========>.....................] - ETA: 19s - loss: 570007.6528
1280/3835 [=========>....................] - ETA: 18s - loss: 569535.5813
1408/3835 [==========>...................] - ETA: 17s - loss: 569629.5568
1536/3835 [===========>..................] - ETA: 16s - loss: 569242.9167
1664/3835 [============>.................] - ETA: 15s - loss: 568635.1154
1792/3835 [=============>................] - ETA: 15s - loss: 569398.2188
1920/3835 [==============>...............] - ETA: 14s - loss: 569746.1958
2048/3835 [===============>..............] - ETA: 13s - loss: 569906.4336
2176/3835 [================>.............] - ETA: 12s - loss: 569736.2684
2304/3835 [=================>............] - ETA: 11s - loss: 570138.3993
2432/3835 [==================>...........] - ETA: 10s - loss: 570397.9375
2560/3835 [===================>..........] - ETA: 9s - loss: 570312.9344 
2688/3835 [====================>.........] - ETA: 8s - loss: 570167.6845
2816/3835 [=====================>........] - ETA: 7s - loss: 570183.7784
2944/3835 [======================>.......] - ETA: 6s - loss: 570054.3967
3072/3835 [=======================>......] - ETA: 5s - loss: 570357.2865
3200/3835 [========================>.....] - ETA: 4s - loss: 570323.1600
3328/3835 [=========================>....] - ETA: 3s - loss: 570687.4399
3456/3835 [==========================>...] - ETA: 2s - loss: 570716.8218
3584/3835 [===========================>..] - ETA: 1s - loss: 570554.4799
3712/3835 [============================>.] - ETA: 0s - loss: 570619.7909
3835/3835 [==============================] - 28s 7ms/step - loss: 570802.2510
Epoch 99/100

 128/3835 [>.............................] - ETA: 26s - loss: 565970.0000
 256/3835 [=>............................] - ETA: 25s - loss: 568865.7500
 384/3835 [==>...........................] - ETA: 24s - loss: 567914.1875
 512/3835 [===>..........................] - ETA: 23s - loss: 569672.3594
 640/3835 [====>.........................] - ETA: 23s - loss: 570806.3625
 768/3835 [=====>........................] - ETA: 22s - loss: 571872.2188
 896/3835 [======>.......................] - ETA: 21s - loss: 571139.5536
1024/3835 [=======>......................] - ETA: 20s - loss: 570838.4922
1152/3835 [========>.....................] - ETA: 19s - loss: 570859.5764
1280/3835 [=========>....................] - ETA: 18s - loss: 570068.9625
1408/3835 [==========>...................] - ETA: 17s - loss: 569762.4830
1536/3835 [===========>..................] - ETA: 16s - loss: 569576.3229
1664/3835 [============>.................] - ETA: 15s - loss: 569695.2644
1792/3835 [=============>................] - ETA: 14s - loss: 569738.3661
1920/3835 [==============>...............] - ETA: 13s - loss: 569485.6000
2048/3835 [===============>..............] - ETA: 12s - loss: 569235.9180
2176/3835 [================>.............] - ETA: 12s - loss: 569071.3272
2304/3835 [=================>............] - ETA: 11s - loss: 568860.3924
2432/3835 [==================>...........] - ETA: 10s - loss: 569055.0362
2560/3835 [===================>..........] - ETA: 9s - loss: 568964.9719 
2688/3835 [====================>.........] - ETA: 8s - loss: 569340.9375
2816/3835 [=====================>........] - ETA: 7s - loss: 569624.6307
2944/3835 [======================>.......] - ETA: 6s - loss: 569753.1603
3072/3835 [=======================>......] - ETA: 5s - loss: 569744.3333
3200/3835 [========================>.....] - ETA: 4s - loss: 569707.9700
3328/3835 [=========================>....] - ETA: 3s - loss: 569800.4904
3456/3835 [==========================>...] - ETA: 2s - loss: 570167.5509
3584/3835 [===========================>..] - ETA: 1s - loss: 570182.8728
3712/3835 [============================>.] - ETA: 0s - loss: 570404.9591
3835/3835 [==============================] - 28s 7ms/step - loss: 570585.6437
Epoch 100/100

 128/3835 [>.............................] - ETA: 26s - loss: 574072.8750
 256/3835 [=>............................] - ETA: 25s - loss: 570877.7812
 384/3835 [==>...........................] - ETA: 24s - loss: 569855.7083
 512/3835 [===>..........................] - ETA: 24s - loss: 570251.6875
 640/3835 [====>.........................] - ETA: 23s - loss: 570979.0250
 768/3835 [=====>........................] - ETA: 22s - loss: 570940.8854
 896/3835 [======>.......................] - ETA: 21s - loss: 571114.3482
1024/3835 [=======>......................] - ETA: 20s - loss: 572170.3906
1152/3835 [========>.....................] - ETA: 19s - loss: 571682.0139
1280/3835 [=========>....................] - ETA: 18s - loss: 571172.4125
1408/3835 [==========>...................] - ETA: 17s - loss: 571758.8352
1536/3835 [===========>..................] - ETA: 16s - loss: 571737.8490
1664/3835 [============>.................] - ETA: 15s - loss: 571695.7115
1792/3835 [=============>................] - ETA: 14s - loss: 571546.2768
1920/3835 [==============>...............] - ETA: 13s - loss: 571178.4167
2048/3835 [===============>..............] - ETA: 13s - loss: 570894.0195
2176/3835 [================>.............] - ETA: 12s - loss: 570753.3493
2304/3835 [=================>............] - ETA: 11s - loss: 570648.2708
2432/3835 [==================>...........] - ETA: 10s - loss: 570529.0757
2560/3835 [===================>..........] - ETA: 9s - loss: 570243.6094 
2688/3835 [====================>.........] - ETA: 8s - loss: 570485.9077
2816/3835 [=====================>........] - ETA: 7s - loss: 570829.7898
2944/3835 [======================>.......] - ETA: 6s - loss: 571115.3587
3072/3835 [=======================>......] - ETA: 5s - loss: 570885.0052
3200/3835 [========================>.....] - ETA: 4s - loss: 570866.1950
3328/3835 [=========================>....] - ETA: 3s - loss: 570516.9087
3456/3835 [==========================>...] - ETA: 2s - loss: 570395.1782
3584/3835 [===========================>..] - ETA: 1s - loss: 570470.4665
3712/3835 [============================>.] - ETA: 0s - loss: 570358.3362
3835/3835 [==============================] - 28s 7ms/step - loss: 570549.2841

Training time: 2802.98 seconds
Weights saved: /datasets/zsuliman/msi_checkpoints/baselines/msipl/massnet/GBM22_1/msipl_weights.h5

=== ENCODING ===
Latent shape: (3835, 5)

=== RECONSTRUCTION ===
Decoded shape: (3835, 85062)

Direct reconstruction MSE: 0.00012223211494079801
TIC-normalised reconstruction MSE: 9.72856344258294e-09

=== Decoded output ===
shape: (3835, 85062)
dtype: float32
min: 9.45037e-26
max: 1.0
mean: 0.0005678534
std: 0.011291722

=== TIC-normalised decoded output ===
shape: (3835, 85062)
dtype: float32
min: 3.6847766e-27
max: 0.05116263
mean: 1.175616e-05
std: 0.0002483805

=== PEAK LEARNING ===
Learned m/z peaks: 589
Peak-learning time: 1.3331 seconds

==========================================
       LEGACY msiPL S1 COMPLETE
==========================================
Dataset: GBM22_1.h5
Training time: 2802.9797492027283
Direct MSE: 0.00012223211494079801
TIC-normalised MSE: 9.72856344258294e-09
Learned peaks: 589
Results: /home-mscluster/zsuliman/msi/results/baselines/msipl/massnet/GBM22_1
Checkpoint: /datasets/zsuliman/msi_checkpoints/baselines/msipl/massnet/GBM22_1/msipl_weights.h5
==========================================
{
  "dataset": "GBM22_1",
  "method": "legacy msiPL VAE-BN plus LearnPeaks",
  "evaluation": "S3PL-compatible PCC-threshold peak classification",
  "thresholds": [
    0.3,
    0.4,
    0.5,
    0.6
  ],
  "spectral_bins": 85062,
  "reported_peaks": 589,
  "unique_nearest_bins": 589,
  "threshold_results": {
    "0.3": {
      "class_metrics": {
        "normal": {
          "true_positive": 208,
          "false_positive": 381,
          "false_negative": 283,
          "true_negative": 84190,
          "recall": 0.42362525458248473,
          "precision": 0.3531409168081494,
          "F1": 0.3851851851851852
        },
        "tumour": {
          "true_positive": 126,
          "false_positive": 463,
          "false_negative": 600,
          "true_negative": 83873,
          "recall": 0.17355371900826447,
          "precision": 0.21392190152801357,
          "F1": 0.19163498098859316
        }
      },
      "mixed_classes": {
        "true_positive": 334,
        "false_positive": 255,
        "false_negative": 883,
        "true_negative": 83590,
        "recall": 0.2744453574363188,
        "precision": 0.567062818336163,
        "F1": 0.3698781838316722
      },
      "true_bins_mixed": 1217
    },
    "0.4": {
      "class_metrics": {
        "normal": {
          "true_positive": 158,
          "false_positive": 431,
          "false_negative": 183,
          "true_negative": 84290,
          "recall": 0.4633431085043988,
          "precision": 0.26825127334465193,
          "F1": 0.33978494623655914
        },
        "tumour": {
          "true_positive": 106,
          "false_positive": 483,
          "false_negative": 398,
          "true_negative": 84075,
          "recall": 0.21031746031746032,
          "precision": 0.1799660441426146,
          "F1": 0.1939615736505032
        }
      },
      "mixed_classes": {
        "true_positive": 264,
        "false_positive": 325,
        "false_negative": 581,
        "true_negative": 83892,
        "recall": 0.31242603550295855,
        "precision": 0.44821731748726656,
        "F1": 0.3682008368200837
      },
      "true_bins_mixed": 845
    },
    "0.5": {
      "class_metrics": {
        "normal": {
          "true_positive": 115,
          "false_positive": 474,
          "false_negative": 121,
          "true_negative": 84352,
          "recall": 0.4872881355932203,
          "precision": 0.19524617996604415,
          "F1": 0.2787878787878788
        },
        "tumour": {
          "true_positive": 88,
          "false_positive": 501,
          "false_negative": 266,
          "true_negative": 84207,
          "recall": 0.24858757062146894,
          "precision": 0.1494057724957555,
          "F1": 0.18663838812301167
        }
      },
      "mixed_classes": {
        "true_positive": 203,
        "false_positive": 386,
        "false_negative": 387,
        "true_negative": 84086,
        "recall": 0.3440677966101695,
        "precision": 0.34465195246179964,
        "F1": 0.3443596268023749
      },
      "true_bins_mixed": 590
    },
    "0.6": {
      "class_metrics": {
        "normal": {
          "true_positive": 80,
          "false_positive": 509,
          "false_negative": 67,
          "true_negative": 84406,
          "recall": 0.54421768707483,
          "precision": 0.13582342954159593,
          "F1": 0.21739130434782608
        },
        "tumour": {
          "true_positive": 75,
          "false_positive": 514,
          "false_negative": 173,
          "true_negative": 84300,
          "recall": 0.3024193548387097,
          "precision": 0.1273344651952462,
          "F1": 0.17921146953405018
        }
      },
      "mixed_classes": {
        "true_positive": 155,
        "false_positive": 434,
        "false_negative": 240,
        "true_negative": 84233,
        "recall": 0.3924050632911392,
        "precision": 0.2631578947368421,
        "F1": 0.3150406504065041
      },
      "true_bins_mixed": 395
    }
  },
  "mixed_f1": {
    "0.3": 0.3698781838316722,
    "0.4": 0.3682008368200837,
    "0.5": 0.3443596268023749,
    "0.6": 0.3150406504065041
  },
  "mSCF1": 0.34936982446515874,
  "status": "complete"
}
