=== LOADING DATA ===
Input: /datasets/zsuliman/msi_data/gbm_massnet/GBM12_1.h5
HDF5 keys: ['Class_Label', 'Data', 'mzArray', 'xLocation', 'yLocation']
Raw Data shape: (85062, 3658)
mzArray shape: (85062,)
xLocation shape: (3658,)
yLocation shape: (3658,)
Transposing Data to (pixels, m/z)...
Final spectra shape: (3658, 85062)
m/z range: 101.923820 - 999.985901

=== DATASET INFORMATION ===
Pixels: 3658
m/z features: 85062
Latent dimension: 5
Intermediate dimension: 512
Epochs: 100
Batch size: 128
Beta: 2.5

=== TIC-normalised spectra ===
shape: (3658, 85062)
dtype: float64
min: 0.0
max: 0.22573038784311691
mean: 1.1756130822223769e-05
std: 0.0002737505609020622

Post-normalisation TIC range: 1.000000000000 - 1.000000000000

=== BUILDING LEGACY msiPL ===
==== Encoder Architecture...
__________________________________________________________________________________________________
Layer (type)                    Output Shape         Param #     Connected to                     
==================================================================================================
encoder_input (InputLayer)      (None, 85062)        0                                            
__________________________________________________________________________________________________
dense_1 (Dense)                 (None, 512)          43552256    encoder_input[0][0]              
__________________________________________________________________________________________________
batch_normalization_1 (BatchNor (None, 512)          2048        dense_1[0][0]                    
__________________________________________________________________________________________________
activation_1 (Activation)       (None, 512)          0           batch_normalization_1[0][0]      
__________________________________________________________________________________________________
z_mean (Dense)                  (None, 5)            2565        activation_1[0][0]               
__________________________________________________________________________________________________
z_log_var (Dense)               (None, 5)            2565        activation_1[0][0]               
__________________________________________________________________________________________________
batch_normalization_2 (BatchNor (None, 5)            20          z_mean[0][0]                     
__________________________________________________________________________________________________
batch_normalization_3 (BatchNor (None, 5)            20          z_log_var[0][0]                  
__________________________________________________________________________________________________
z (Lambda)                      (None, 5)            0           batch_normalization_2[0][0]      
                                                                 batch_normalization_3[0][0]      
==================================================================================================
Total params: 43,559,474
Trainable params: 43,558,430
Non-trainable params: 1,044
__________________________________________________________________________________________________
==== Decoder Architecture...
_________________________________________________________________
Layer (type)                 Output Shape              Param #   
=================================================================
Latent_Space (InputLayer)    (None, 5)                 0         
_________________________________________________________________
dense_2 (Dense)              (None, 512)               3072      
_________________________________________________________________
batch_normalization_4 (Batch (None, 512)               2048      
_________________________________________________________________
activation_2 (Activation)    (None, 512)               0         
_________________________________________________________________
dense_3 (Dense)              (None, 85062)             43636806  
=================================================================
Total params: 43,641,926
Trainable params: 43,640,902
Non-trainable params: 1,024
_________________________________________________________________

=== TRAINING ===
Epoch 1/100

 128/3658 [>.............................] - ETA: 1:09 - loss: 965550.7500
 256/3658 [=>............................] - ETA: 45s - loss: 958029.9375 
 384/3658 [==>...........................] - ETA: 37s - loss: 950268.5000
 512/3658 [===>..........................] - ETA: 32s - loss: 942506.7188
 640/3658 [====>.........................] - ETA: 29s - loss: 935222.3000
 768/3658 [=====>........................] - ETA: 26s - loss: 928013.2708
 896/3658 [======>.......................] - ETA: 24s - loss: 920171.0625
1024/3658 [=======>......................] - ETA: 23s - loss: 912515.2812
1152/3658 [========>.....................] - ETA: 21s - loss: 905271.9167
1280/3658 [=========>....................] - ETA: 20s - loss: 897511.1562
1408/3658 [==========>...................] - ETA: 18s - loss: 889903.1307
1536/3658 [===========>..................] - ETA: 17s - loss: 882637.5104
1664/3658 [============>.................] - ETA: 16s - loss: 875635.5096
1792/3658 [=============>................] - ETA: 15s - loss: 868639.8571
1920/3658 [==============>...............] - ETA: 14s - loss: 862240.2750
2048/3658 [===============>..............] - ETA: 12s - loss: 855728.9766
2176/3658 [================>.............] - ETA: 11s - loss: 849592.0515
2304/3658 [=================>............] - ETA: 10s - loss: 843500.5069
2432/3658 [==================>...........] - ETA: 9s - loss: 837499.6447 
2560/3658 [===================>..........] - ETA: 8s - loss: 832048.0125
2688/3658 [=====================>........] - ETA: 7s - loss: 826572.8571
2816/3658 [======================>.......] - ETA: 6s - loss: 821241.0568
2944/3658 [=======================>......] - ETA: 5s - loss: 816183.1902
3072/3658 [========================>.....] - ETA: 4s - loss: 811520.3099
3200/3658 [=========================>....] - ETA: 3s - loss: 806988.9625
3328/3658 [==========================>...] - ETA: 2s - loss: 802661.8173
3456/3658 [===========================>..] - ETA: 1s - loss: 798553.0023
3584/3658 [============================>.] - ETA: 0s - loss: 794368.4085
3658/3658 [==============================] - 29s 8ms/step - loss: 792369.1864
Epoch 2/100

 128/3658 [>.............................] - ETA: 25s - loss: 675624.6875
 256/3658 [=>............................] - ETA: 24s - loss: 675433.0312
 384/3658 [==>...........................] - ETA: 24s - loss: 676100.3125
 512/3658 [===>..........................] - ETA: 23s - loss: 674490.1875
 640/3658 [====>.........................] - ETA: 22s - loss: 674028.1000
 768/3658 [=====>........................] - ETA: 21s - loss: 673353.6250
 896/3658 [======>.......................] - ETA: 20s - loss: 672995.7143
1024/3658 [=======>......................] - ETA: 19s - loss: 671821.7031
1152/3658 [========>.....................] - ETA: 18s - loss: 670587.5556
1280/3658 [=========>....................] - ETA: 17s - loss: 669554.8875
1408/3658 [==========>...................] - ETA: 16s - loss: 668961.8580
1536/3658 [===========>..................] - ETA: 15s - loss: 668185.3177
1664/3658 [============>.................] - ETA: 14s - loss: 667017.1394
1792/3658 [=============>................] - ETA: 13s - loss: 665695.3170
1920/3658 [==============>...............] - ETA: 12s - loss: 665519.7458
2048/3658 [===============>..............] - ETA: 11s - loss: 664616.0742
2176/3658 [================>.............] - ETA: 10s - loss: 664016.2684
2304/3658 [=================>............] - ETA: 9s - loss: 663070.8299 
2432/3658 [==================>...........] - ETA: 9s - loss: 662238.1842
2560/3658 [===================>..........] - ETA: 8s - loss: 661652.3156
2688/3658 [=====================>........] - ETA: 7s - loss: 661028.1458
2816/3658 [======================>.......] - ETA: 6s - loss: 660073.3182
2944/3658 [=======================>......] - ETA: 5s - loss: 659309.6957
3072/3658 [========================>.....] - ETA: 4s - loss: 658788.8958
3200/3658 [=========================>....] - ETA: 3s - loss: 658142.5600
3328/3658 [==========================>...] - ETA: 2s - loss: 657445.7548
3456/3658 [===========================>..] - ETA: 1s - loss: 657036.7546
3584/3658 [============================>.] - ETA: 0s - loss: 656595.3527
3658/3658 [==============================] - 27s 7ms/step - loss: 656856.2926
Epoch 3/100

 128/3658 [>.............................] - ETA: 26s - loss: 640418.8750
 256/3658 [=>............................] - ETA: 25s - loss: 643029.5625
 384/3658 [==>...........................] - ETA: 24s - loss: 644114.1667
 512/3658 [===>..........................] - ETA: 23s - loss: 642367.0000
 640/3658 [====>.........................] - ETA: 22s - loss: 641214.0000
 768/3658 [=====>........................] - ETA: 21s - loss: 640541.5625
 896/3658 [======>.......................] - ETA: 20s - loss: 639461.2679
1024/3658 [=======>......................] - ETA: 19s - loss: 639209.7969
1152/3658 [========>.....................] - ETA: 18s - loss: 639267.4236
1280/3658 [=========>....................] - ETA: 17s - loss: 638479.0938
1408/3658 [==========>...................] - ETA: 16s - loss: 637747.0795
1536/3658 [===========>..................] - ETA: 15s - loss: 637144.7396
1664/3658 [============>.................] - ETA: 14s - loss: 636284.5048
1792/3658 [=============>................] - ETA: 13s - loss: 636198.3750
1920/3658 [==============>...............] - ETA: 12s - loss: 635671.2417
2048/3658 [===============>..............] - ETA: 11s - loss: 635318.2070
2176/3658 [================>.............] - ETA: 10s - loss: 634940.6471
2304/3658 [=================>............] - ETA: 9s - loss: 634440.3403 
2432/3658 [==================>...........] - ETA: 8s - loss: 633997.2303
2560/3658 [===================>..........] - ETA: 8s - loss: 633868.6719
2688/3658 [=====================>........] - ETA: 7s - loss: 633506.6042
2816/3658 [======================>.......] - ETA: 6s - loss: 633391.2188
2944/3658 [=======================>......] - ETA: 5s - loss: 632966.4022
3072/3658 [========================>.....] - ETA: 4s - loss: 632677.1198
3200/3658 [=========================>....] - ETA: 3s - loss: 632389.9200
3328/3658 [==========================>...] - ETA: 2s - loss: 631938.0337
3456/3658 [===========================>..] - ETA: 1s - loss: 631452.0139
3584/3658 [============================>.] - ETA: 0s - loss: 630930.8438
3658/3658 [==============================] - 27s 7ms/step - loss: 631426.4059
Epoch 4/100

 128/3658 [>.............................] - ETA: 25s - loss: 631004.6875
 256/3658 [=>............................] - ETA: 25s - loss: 625681.8438
 384/3658 [==>...........................] - ETA: 24s - loss: 624308.2083
 512/3658 [===>..........................] - ETA: 23s - loss: 624316.0938
 640/3658 [====>.........................] - ETA: 22s - loss: 623083.3500
 768/3658 [=====>........................] - ETA: 21s - loss: 624147.2083
 896/3658 [======>.......................] - ETA: 20s - loss: 623875.2679
1024/3658 [=======>......................] - ETA: 19s - loss: 622589.9375
1152/3658 [========>.....................] - ETA: 18s - loss: 622204.5833
1280/3658 [=========>....................] - ETA: 17s - loss: 621505.0687
1408/3658 [==========>...................] - ETA: 16s - loss: 620964.3295
1536/3658 [===========>..................] - ETA: 15s - loss: 620894.6667
1664/3658 [============>.................] - ETA: 14s - loss: 620928.7019
1792/3658 [=============>................] - ETA: 13s - loss: 620407.8125
1920/3658 [==============>...............] - ETA: 12s - loss: 620233.6500
2048/3658 [===============>..............] - ETA: 11s - loss: 619866.0234
2176/3658 [================>.............] - ETA: 10s - loss: 619816.0368
2304/3658 [=================>............] - ETA: 9s - loss: 619708.8403 
2432/3658 [==================>...........] - ETA: 9s - loss: 619767.3882
2560/3658 [===================>..........] - ETA: 8s - loss: 619348.3250
2688/3658 [=====================>........] - ETA: 7s - loss: 619128.2440
2816/3658 [======================>.......] - ETA: 6s - loss: 618979.4602
2944/3658 [=======================>......] - ETA: 5s - loss: 618834.1467
3072/3658 [========================>.....] - ETA: 4s - loss: 618270.4401
3200/3658 [=========================>....] - ETA: 3s - loss: 618044.6975
3328/3658 [==========================>...] - ETA: 2s - loss: 617789.0553
3456/3658 [===========================>..] - ETA: 1s - loss: 617458.7292
3584/3658 [============================>.] - ETA: 0s - loss: 617154.2656
3658/3658 [==============================] - 27s 7ms/step - loss: 617692.8098
Epoch 5/100

 128/3658 [>.............................] - ETA: 25s - loss: 611555.8750
 256/3658 [=>............................] - ETA: 24s - loss: 610826.5312
 384/3658 [==>...........................] - ETA: 24s - loss: 611464.8333
 512/3658 [===>..........................] - ETA: 23s - loss: 611241.2344
 640/3658 [====>.........................] - ETA: 22s - loss: 611578.6000
 768/3658 [=====>........................] - ETA: 21s - loss: 611732.8229
 896/3658 [======>.......................] - ETA: 20s - loss: 611924.7411
1024/3658 [=======>......................] - ETA: 19s - loss: 611645.7578
1152/3658 [========>.....................] - ETA: 18s - loss: 610932.7431
1280/3658 [=========>....................] - ETA: 17s - loss: 610679.2438
1408/3658 [==========>...................] - ETA: 16s - loss: 611277.3523
1536/3658 [===========>..................] - ETA: 15s - loss: 611026.3281
1664/3658 [============>.................] - ETA: 14s - loss: 610858.9615
1792/3658 [=============>................] - ETA: 13s - loss: 610516.9018
1920/3658 [==============>...............] - ETA: 12s - loss: 610224.0417
2048/3658 [===============>..............] - ETA: 11s - loss: 609828.8594
2176/3658 [================>.............] - ETA: 10s - loss: 609712.3860
2304/3658 [=================>............] - ETA: 9s - loss: 610124.6979 
2432/3658 [==================>...........] - ETA: 8s - loss: 609971.6941
2560/3658 [===================>..........] - ETA: 8s - loss: 609797.3281
2688/3658 [=====================>........] - ETA: 7s - loss: 609321.2292
2816/3658 [======================>.......] - ETA: 6s - loss: 609074.1705
2944/3658 [=======================>......] - ETA: 5s - loss: 608863.6087
3072/3658 [========================>.....] - ETA: 4s - loss: 608779.8490
3200/3658 [=========================>....] - ETA: 3s - loss: 608593.2300
3328/3658 [==========================>...] - ETA: 2s - loss: 608180.8846
3456/3658 [===========================>..] - ETA: 1s - loss: 607924.6343
3584/3658 [============================>.] - ETA: 0s - loss: 607601.4933
3658/3658 [==============================] - 27s 7ms/step - loss: 608359.7444
Epoch 6/100

 128/3658 [>.............................] - ETA: 25s - loss: 603712.2500
 256/3658 [=>............................] - ETA: 25s - loss: 600162.0938
 384/3658 [==>...........................] - ETA: 24s - loss: 602722.2292
 512/3658 [===>..........................] - ETA: 23s - loss: 603548.6406
 640/3658 [====>.........................] - ETA: 22s - loss: 604117.4375
 768/3658 [=====>........................] - ETA: 21s - loss: 603089.5625
 896/3658 [======>.......................] - ETA: 20s - loss: 602817.4464
1024/3658 [=======>......................] - ETA: 19s - loss: 603165.3281
1152/3658 [========>.....................] - ETA: 18s - loss: 603223.5278
1280/3658 [=========>....................] - ETA: 17s - loss: 603020.9000
1408/3658 [==========>...................] - ETA: 16s - loss: 602685.0000
1536/3658 [===========>..................] - ETA: 15s - loss: 602410.2656
1664/3658 [============>.................] - ETA: 14s - loss: 602222.9087
1792/3658 [=============>................] - ETA: 13s - loss: 602223.6607
1920/3658 [==============>...............] - ETA: 12s - loss: 602770.9500
2048/3658 [===============>..............] - ETA: 11s - loss: 602636.6250
2176/3658 [================>.............] - ETA: 10s - loss: 602704.1103
2304/3658 [=================>............] - ETA: 9s - loss: 602358.6389 
2432/3658 [==================>...........] - ETA: 9s - loss: 602022.9737
2560/3658 [===================>..........] - ETA: 8s - loss: 602542.3875
2688/3658 [=====================>........] - ETA: 7s - loss: 602654.0833
2816/3658 [======================>.......] - ETA: 6s - loss: 602398.3125
2944/3658 [=======================>......] - ETA: 5s - loss: 602266.8125
3072/3658 [========================>.....] - ETA: 4s - loss: 602203.8255
3200/3658 [=========================>....] - ETA: 3s - loss: 602152.1200
3328/3658 [==========================>...] - ETA: 2s - loss: 602165.5721
3456/3658 [===========================>..] - ETA: 1s - loss: 601998.3843
3584/3658 [============================>.] - ETA: 0s - loss: 601861.4911
3658/3658 [==============================] - 27s 7ms/step - loss: 602595.0532
Epoch 7/100

 128/3658 [>.............................] - ETA: 25s - loss: 604731.0000
 256/3658 [=>............................] - ETA: 25s - loss: 601902.9375
 384/3658 [==>...........................] - ETA: 24s - loss: 600594.6875
 512/3658 [===>..........................] - ETA: 23s - loss: 599736.8281
 640/3658 [====>.........................] - ETA: 22s - loss: 599640.7375
 768/3658 [=====>........................] - ETA: 21s - loss: 599763.1771
 896/3658 [======>.......................] - ETA: 20s - loss: 600783.7054
1024/3658 [=======>......................] - ETA: 19s - loss: 600328.4453
1152/3658 [========>.....................] - ETA: 18s - loss: 601282.5625
1280/3658 [=========>....................] - ETA: 17s - loss: 601160.3438
1408/3658 [==========>...................] - ETA: 16s - loss: 601605.7330
1536/3658 [===========>..................] - ETA: 15s - loss: 601268.1302
1664/3658 [============>.................] - ETA: 14s - loss: 600771.8606
1792/3658 [=============>................] - ETA: 13s - loss: 600789.2723
1920/3658 [==============>...............] - ETA: 12s - loss: 600360.8542
2048/3658 [===============>..............] - ETA: 11s - loss: 600300.4570
2176/3658 [================>.............] - ETA: 10s - loss: 599764.2206
2304/3658 [=================>............] - ETA: 9s - loss: 599849.2500 
2432/3658 [==================>...........] - ETA: 9s - loss: 599805.5724
2560/3658 [===================>..........] - ETA: 8s - loss: 599336.0531
2688/3658 [=====================>........] - ETA: 7s - loss: 599246.5327
2816/3658 [======================>.......] - ETA: 6s - loss: 598904.5227
2944/3658 [=======================>......] - ETA: 5s - loss: 598963.0598
3072/3658 [========================>.....] - ETA: 4s - loss: 599010.6432
3200/3658 [=========================>....] - ETA: 3s - loss: 598947.9050
3328/3658 [==========================>...] - ETA: 2s - loss: 598829.6538
3456/3658 [===========================>..] - ETA: 1s - loss: 598924.5880
3584/3658 [============================>.] - ETA: 0s - loss: 598870.0000
3658/3658 [==============================] - 27s 7ms/step - loss: 599715.0019
Epoch 8/100

 128/3658 [>.............................] - ETA: 26s - loss: 599691.3125
 256/3658 [=>............................] - ETA: 25s - loss: 603614.1875
 384/3658 [==>...........................] - ETA: 24s - loss: 598899.0208
 512/3658 [===>..........................] - ETA: 23s - loss: 598289.0625
 640/3658 [====>.........................] - ETA: 22s - loss: 597605.8000
 768/3658 [=====>........................] - ETA: 21s - loss: 597425.1562
 896/3658 [======>.......................] - ETA: 20s - loss: 597639.6250
1024/3658 [=======>......................] - ETA: 19s - loss: 597072.9062
1152/3658 [========>.....................] - ETA: 18s - loss: 596857.8958
1280/3658 [=========>....................] - ETA: 17s - loss: 596749.2688
1408/3658 [==========>...................] - ETA: 16s - loss: 596131.8920
1536/3658 [===========>..................] - ETA: 15s - loss: 596187.5052
1664/3658 [============>.................] - ETA: 14s - loss: 596181.2500
1792/3658 [=============>................] - ETA: 13s - loss: 596324.6429
1920/3658 [==============>...............] - ETA: 12s - loss: 596032.0583
2048/3658 [===============>..............] - ETA: 11s - loss: 595980.5898
2176/3658 [================>.............] - ETA: 10s - loss: 596221.8676
2304/3658 [=================>............] - ETA: 9s - loss: 596461.0000 
2432/3658 [==================>...........] - ETA: 8s - loss: 596358.2632
2560/3658 [===================>..........] - ETA: 8s - loss: 596203.5813
2688/3658 [=====================>........] - ETA: 7s - loss: 596283.6250
2816/3658 [======================>.......] - ETA: 6s - loss: 596084.2642
2944/3658 [=======================>......] - ETA: 5s - loss: 595867.1603
3072/3658 [========================>.....] - ETA: 4s - loss: 595759.1094
3200/3658 [=========================>....] - ETA: 3s - loss: 596075.6275
3328/3658 [==========================>...] - ETA: 2s - loss: 595806.7837
3456/3658 [===========================>..] - ETA: 1s - loss: 595786.3148
3584/3658 [============================>.] - ETA: 0s - loss: 595601.6473
3658/3658 [==============================] - 27s 7ms/step - loss: 596408.6993
Epoch 9/100

 128/3658 [>.............................] - ETA: 25s - loss: 595950.0000
 256/3658 [=>............................] - ETA: 24s - loss: 594700.3125
 384/3658 [==>...........................] - ETA: 23s - loss: 595407.7500
 512/3658 [===>..........................] - ETA: 22s - loss: 595045.3438
 640/3658 [====>.........................] - ETA: 21s - loss: 594794.4750
 768/3658 [=====>........................] - ETA: 21s - loss: 594997.2083
 896/3658 [======>.......................] - ETA: 20s - loss: 593998.1875
1024/3658 [=======>......................] - ETA: 19s - loss: 593755.4609
1152/3658 [========>.....................] - ETA: 18s - loss: 593896.5347
1280/3658 [=========>....................] - ETA: 17s - loss: 593945.4875
1408/3658 [==========>...................] - ETA: 16s - loss: 594168.8977
1536/3658 [===========>..................] - ETA: 15s - loss: 594778.7188
1664/3658 [============>.................] - ETA: 14s - loss: 594487.9712
1792/3658 [=============>................] - ETA: 13s - loss: 594270.6071
1920/3658 [==============>...............] - ETA: 12s - loss: 593996.2667
2048/3658 [===============>..............] - ETA: 11s - loss: 593910.2422
2176/3658 [================>.............] - ETA: 10s - loss: 593471.5809
2304/3658 [=================>............] - ETA: 9s - loss: 593901.5312 
2432/3658 [==================>...........] - ETA: 9s - loss: 593821.4309
2560/3658 [===================>..........] - ETA: 8s - loss: 593427.4344
2688/3658 [=====================>........] - ETA: 7s - loss: 593426.2946
2816/3658 [======================>.......] - ETA: 6s - loss: 593444.9176
2944/3658 [=======================>......] - ETA: 5s - loss: 593449.7663
3072/3658 [========================>.....] - ETA: 4s - loss: 593077.3021
3200/3658 [=========================>....] - ETA: 3s - loss: 592956.5225
3328/3658 [==========================>...] - ETA: 2s - loss: 593020.1875
3456/3658 [===========================>..] - ETA: 1s - loss: 593074.4537
3584/3658 [============================>.] - ETA: 0s - loss: 592917.9286
3658/3658 [==============================] - 27s 7ms/step - loss: 593797.9494
Epoch 10/100

 128/3658 [>.............................] - ETA: 25s - loss: 591027.1250
 256/3658 [=>............................] - ETA: 24s - loss: 591230.8125
 384/3658 [==>...........................] - ETA: 23s - loss: 590069.0000
 512/3658 [===>..........................] - ETA: 22s - loss: 590361.1406
 640/3658 [====>.........................] - ETA: 21s - loss: 591644.8125
 768/3658 [=====>........................] - ETA: 20s - loss: 591635.5938
 896/3658 [======>.......................] - ETA: 19s - loss: 591912.0179
1024/3658 [=======>......................] - ETA: 19s - loss: 591264.3281
1152/3658 [========>.....................] - ETA: 18s - loss: 591875.0417
1280/3658 [=========>....................] - ETA: 17s - loss: 591411.2500
1408/3658 [==========>...................] - ETA: 16s - loss: 591189.6875
1536/3658 [===========>..................] - ETA: 15s - loss: 592148.9062
1664/3658 [============>.................] - ETA: 14s - loss: 592202.4087
1792/3658 [=============>................] - ETA: 13s - loss: 592467.6830
1920/3658 [==============>...............] - ETA: 12s - loss: 592279.7875
2048/3658 [===============>..............] - ETA: 11s - loss: 592111.0938
2176/3658 [================>.............] - ETA: 10s - loss: 591850.6912
2304/3658 [=================>............] - ETA: 9s - loss: 591827.4167 
2432/3658 [==================>...........] - ETA: 8s - loss: 592006.9704
2560/3658 [===================>..........] - ETA: 8s - loss: 591834.0250
2688/3658 [=====================>........] - ETA: 7s - loss: 591698.8899
2816/3658 [======================>.......] - ETA: 6s - loss: 592120.7699
2944/3658 [=======================>......] - ETA: 5s - loss: 592181.4321
3072/3658 [========================>.....] - ETA: 4s - loss: 592139.2057
3200/3658 [=========================>....] - ETA: 3s - loss: 591788.4225
3328/3658 [==========================>...] - ETA: 2s - loss: 591719.6154
3456/3658 [===========================>..] - ETA: 1s - loss: 591684.6042
3584/3658 [============================>.] - ETA: 0s - loss: 591662.8371
3658/3658 [==============================] - 27s 7ms/step - loss: 592535.5644
Epoch 11/100

 128/3658 [>.............................] - ETA: 25s - loss: 583131.0000
 256/3658 [=>............................] - ETA: 24s - loss: 587107.8125
 384/3658 [==>...........................] - ETA: 23s - loss: 591157.3750
 512/3658 [===>..........................] - ETA: 22s - loss: 590681.7812
 640/3658 [====>.........................] - ETA: 22s - loss: 590169.7250
 768/3658 [=====>........................] - ETA: 21s - loss: 590542.0833
 896/3658 [======>.......................] - ETA: 20s - loss: 590533.6339
1024/3658 [=======>......................] - ETA: 19s - loss: 590469.2734
1152/3658 [========>.....................] - ETA: 18s - loss: 590120.5764
1280/3658 [=========>....................] - ETA: 17s - loss: 591055.0312
1408/3658 [==========>...................] - ETA: 16s - loss: 590591.0398
1536/3658 [===========>..................] - ETA: 15s - loss: 590638.1146
1664/3658 [============>.................] - ETA: 14s - loss: 590699.4423
1792/3658 [=============>................] - ETA: 13s - loss: 590686.3661
1920/3658 [==============>...............] - ETA: 12s - loss: 590412.5417
2048/3658 [===============>..............] - ETA: 11s - loss: 590541.9062
2176/3658 [================>.............] - ETA: 10s - loss: 590194.9412
2304/3658 [=================>............] - ETA: 9s - loss: 590421.2500 
2432/3658 [==================>...........] - ETA: 8s - loss: 590087.1053
2560/3658 [===================>..........] - ETA: 8s - loss: 589988.0188
2688/3658 [=====================>........] - ETA: 7s - loss: 589686.9315
2816/3658 [======================>.......] - ETA: 6s - loss: 590008.4148
2944/3658 [=======================>......] - ETA: 5s - loss: 589857.4103
3072/3658 [========================>.....] - ETA: 4s - loss: 589963.7604
3200/3658 [=========================>....] - ETA: 3s - loss: 589854.6200
3328/3658 [==========================>...] - ETA: 2s - loss: 589755.3413
3456/3658 [===========================>..] - ETA: 1s - loss: 589772.5741
3584/3658 [============================>.] - ETA: 0s - loss: 589765.0000
3658/3658 [==============================] - 27s 7ms/step - loss: 590721.9413
Epoch 12/100

 128/3658 [>.............................] - ETA: 25s - loss: 591500.0000
 256/3658 [=>............................] - ETA: 24s - loss: 590116.6250
 384/3658 [==>...........................] - ETA: 23s - loss: 589604.5000
 512/3658 [===>..........................] - ETA: 22s - loss: 589399.5938
 640/3658 [====>.........................] - ETA: 21s - loss: 591002.5000
 768/3658 [=====>........................] - ETA: 21s - loss: 590682.4896
 896/3658 [======>.......................] - ETA: 20s - loss: 590769.0268
1024/3658 [=======>......................] - ETA: 19s - loss: 590368.8594
1152/3658 [========>.....................] - ETA: 18s - loss: 590326.7847
1280/3658 [=========>....................] - ETA: 17s - loss: 589693.1188
1408/3658 [==========>...................] - ETA: 16s - loss: 589375.2784
1536/3658 [===========>..................] - ETA: 15s - loss: 589315.7760
1664/3658 [============>.................] - ETA: 14s - loss: 589755.1106
1792/3658 [=============>................] - ETA: 13s - loss: 589925.0759
1920/3658 [==============>...............] - ETA: 12s - loss: 590093.2542
2048/3658 [===============>..............] - ETA: 11s - loss: 590055.4805
2176/3658 [================>.............] - ETA: 10s - loss: 589823.2831
2304/3658 [=================>............] - ETA: 9s - loss: 589348.8993 
2432/3658 [==================>...........] - ETA: 8s - loss: 589384.4901
2560/3658 [===================>..........] - ETA: 8s - loss: 589317.7031
2688/3658 [=====================>........] - ETA: 7s - loss: 589007.8244
2816/3658 [======================>.......] - ETA: 6s - loss: 588943.9801
2944/3658 [=======================>......] - ETA: 5s - loss: 589054.8043
3072/3658 [========================>.....] - ETA: 4s - loss: 589074.3125
3200/3658 [=========================>....] - ETA: 3s - loss: 588812.7550
3328/3658 [==========================>...] - ETA: 2s - loss: 589255.2981
3456/3658 [===========================>..] - ETA: 1s - loss: 589106.9051
3584/3658 [============================>.] - ETA: 0s - loss: 588828.0156
3658/3658 [==============================] - 27s 7ms/step - loss: 589752.7055
Epoch 13/100

 128/3658 [>.............................] - ETA: 26s - loss: 589865.2500
 256/3658 [=>............................] - ETA: 25s - loss: 589274.6250
 384/3658 [==>...........................] - ETA: 24s - loss: 586888.8750
 512/3658 [===>..........................] - ETA: 23s - loss: 587116.7500
 640/3658 [====>.........................] - ETA: 22s - loss: 588260.2000
 768/3658 [=====>........................] - ETA: 21s - loss: 587449.8646
 896/3658 [======>.......................] - ETA: 20s - loss: 588550.2679
1024/3658 [=======>......................] - ETA: 19s - loss: 587758.1172
1152/3658 [========>.....................] - ETA: 18s - loss: 587402.5625
1280/3658 [=========>....................] - ETA: 17s - loss: 586788.1250
1408/3658 [==========>...................] - ETA: 16s - loss: 586961.3693
1536/3658 [===========>..................] - ETA: 15s - loss: 586786.2969
1664/3658 [============>.................] - ETA: 14s - loss: 586683.3413
1792/3658 [=============>................] - ETA: 13s - loss: 586536.5759
1920/3658 [==============>...............] - ETA: 12s - loss: 586520.8917
2048/3658 [===============>..............] - ETA: 11s - loss: 586711.2656
2176/3658 [================>.............] - ETA: 10s - loss: 586933.5221
2304/3658 [=================>............] - ETA: 9s - loss: 587076.4028 
2432/3658 [==================>...........] - ETA: 9s - loss: 586675.3454
2560/3658 [===================>..........] - ETA: 8s - loss: 586942.7594
2688/3658 [=====================>........] - ETA: 7s - loss: 586872.2649
2816/3658 [======================>.......] - ETA: 6s - loss: 586962.5085
2944/3658 [=======================>......] - ETA: 5s - loss: 586860.6440
3072/3658 [========================>.....] - ETA: 4s - loss: 587182.0234
3200/3658 [=========================>....] - ETA: 3s - loss: 587134.3275
3328/3658 [==========================>...] - ETA: 2s - loss: 587193.8149
3456/3658 [===========================>..] - ETA: 1s - loss: 587166.1921
3584/3658 [============================>.] - ETA: 0s - loss: 587268.9799
3658/3658 [==============================] - 27s 7ms/step - loss: 588195.7833
Epoch 14/100

 128/3658 [>.............................] - ETA: 25s - loss: 581828.5000
 256/3658 [=>............................] - ETA: 24s - loss: 584220.5312
 384/3658 [==>...........................] - ETA: 23s - loss: 584643.2708
 512/3658 [===>..........................] - ETA: 22s - loss: 583844.7344
 640/3658 [====>.........................] - ETA: 21s - loss: 584437.7250
 768/3658 [=====>........................] - ETA: 21s - loss: 584721.4792
 896/3658 [======>.......................] - ETA: 20s - loss: 584159.7500
1024/3658 [=======>......................] - ETA: 19s - loss: 584448.8438
1152/3658 [========>.....................] - ETA: 18s - loss: 585472.2569
1280/3658 [=========>....................] - ETA: 17s - loss: 584848.8250
1408/3658 [==========>...................] - ETA: 16s - loss: 584787.0568
1536/3658 [===========>..................] - ETA: 15s - loss: 584785.0990
1664/3658 [============>.................] - ETA: 14s - loss: 584759.9087
1792/3658 [=============>................] - ETA: 13s - loss: 584301.6161
1920/3658 [==============>...............] - ETA: 12s - loss: 584251.7875
2048/3658 [===============>..............] - ETA: 11s - loss: 585129.9102
2176/3658 [================>.............] - ETA: 10s - loss: 585280.0919
2304/3658 [=================>............] - ETA: 9s - loss: 585319.4479 
2432/3658 [==================>...........] - ETA: 8s - loss: 585414.1020
2560/3658 [===================>..........] - ETA: 8s - loss: 585584.3656
2688/3658 [=====================>........] - ETA: 7s - loss: 585794.2202
2816/3658 [======================>.......] - ETA: 6s - loss: 585930.2386
2944/3658 [=======================>......] - ETA: 5s - loss: 586046.1087
3072/3658 [========================>.....] - ETA: 4s - loss: 586226.9193
3200/3658 [=========================>....] - ETA: 3s - loss: 586337.8725
3328/3658 [==========================>...] - ETA: 2s - loss: 586261.2308
3456/3658 [===========================>..] - ETA: 1s - loss: 586344.0671
3584/3658 [============================>.] - ETA: 0s - loss: 586403.9129
3658/3658 [==============================] - 27s 7ms/step - loss: 587258.1906
Epoch 15/100

 128/3658 [>.............................] - ETA: 25s - loss: 586610.2500
 256/3658 [=>............................] - ETA: 24s - loss: 584902.2188
 384/3658 [==>...........................] - ETA: 24s - loss: 585728.1875
 512/3658 [===>..........................] - ETA: 23s - loss: 584613.9531
 640/3658 [====>.........................] - ETA: 22s - loss: 584386.2375
 768/3658 [=====>........................] - ETA: 21s - loss: 583668.5729
 896/3658 [======>.......................] - ETA: 20s - loss: 583907.6161
1024/3658 [=======>......................] - ETA: 19s - loss: 583409.2422
1152/3658 [========>.....................] - ETA: 18s - loss: 583638.2361
1280/3658 [=========>....................] - ETA: 17s - loss: 583572.6875
1408/3658 [==========>...................] - ETA: 16s - loss: 583756.0000
1536/3658 [===========>..................] - ETA: 15s - loss: 584189.4115
1664/3658 [============>.................] - ETA: 14s - loss: 584852.2548
1792/3658 [=============>................] - ETA: 13s - loss: 584972.6071
1920/3658 [==============>...............] - ETA: 12s - loss: 585025.3125
2048/3658 [===============>..............] - ETA: 11s - loss: 584920.9258
2176/3658 [================>.............] - ETA: 10s - loss: 584959.1507
2304/3658 [=================>............] - ETA: 9s - loss: 584866.8194 
2432/3658 [==================>...........] - ETA: 8s - loss: 585174.7763
2560/3658 [===================>..........] - ETA: 8s - loss: 585101.3438
2688/3658 [=====================>........] - ETA: 7s - loss: 585011.3333
2816/3658 [======================>.......] - ETA: 6s - loss: 585495.2955
2944/3658 [=======================>......] - ETA: 5s - loss: 585180.5109
3072/3658 [========================>.....] - ETA: 4s - loss: 585133.0312
3200/3658 [=========================>....] - ETA: 3s - loss: 585233.2650
3328/3658 [==========================>...] - ETA: 2s - loss: 585249.5096
3456/3658 [===========================>..] - ETA: 1s - loss: 585190.9630
3584/3658 [============================>.] - ETA: 0s - loss: 585236.3884
3658/3658 [==============================] - 27s 7ms/step - loss: 586173.2136
Epoch 16/100

 128/3658 [>.............................] - ETA: 25s - loss: 591969.8750
 256/3658 [=>............................] - ETA: 24s - loss: 587752.2812
 384/3658 [==>...........................] - ETA: 24s - loss: 586720.2500
 512/3658 [===>..........................] - ETA: 23s - loss: 587980.9688
 640/3658 [====>.........................] - ETA: 22s - loss: 588480.6500
 768/3658 [=====>........................] - ETA: 21s - loss: 587306.1250
 896/3658 [======>.......................] - ETA: 20s - loss: 587062.6607
1024/3658 [=======>......................] - ETA: 19s - loss: 586959.4062
1152/3658 [========>.....................] - ETA: 18s - loss: 586576.9861
1280/3658 [=========>....................] - ETA: 17s - loss: 585925.1625
1408/3658 [==========>...................] - ETA: 16s - loss: 585584.4261
1536/3658 [===========>..................] - ETA: 15s - loss: 585773.9323
1664/3658 [============>.................] - ETA: 14s - loss: 585448.7933
1792/3658 [=============>................] - ETA: 13s - loss: 585658.9777
1920/3658 [==============>...............] - ETA: 12s - loss: 585509.8375
2048/3658 [===============>..............] - ETA: 11s - loss: 584944.9961
2176/3658 [================>.............] - ETA: 10s - loss: 584857.0441
2304/3658 [=================>............] - ETA: 9s - loss: 584489.1806 
2432/3658 [==================>...........] - ETA: 9s - loss: 584569.1184
2560/3658 [===================>..........] - ETA: 8s - loss: 584413.9750
2688/3658 [=====================>........] - ETA: 7s - loss: 584337.6696
2816/3658 [======================>.......] - ETA: 6s - loss: 584411.4858
2944/3658 [=======================>......] - ETA: 5s - loss: 584420.8723
3072/3658 [========================>.....] - ETA: 4s - loss: 584475.9922
3200/3658 [=========================>....] - ETA: 3s - loss: 584212.3225
3328/3658 [==========================>...] - ETA: 2s - loss: 584108.1635
3456/3658 [===========================>..] - ETA: 1s - loss: 583836.9259
3584/3658 [============================>.] - ETA: 0s - loss: 583987.0357
3658/3658 [==============================] - 27s 7ms/step - loss: 584946.7187
Epoch 17/100

 128/3658 [>.............................] - ETA: 26s - loss: 577091.0000
 256/3658 [=>............................] - ETA: 25s - loss: 579431.9375
 384/3658 [==>...........................] - ETA: 24s - loss: 582215.0833
 512/3658 [===>..........................] - ETA: 23s - loss: 582678.1875
 640/3658 [====>.........................] - ETA: 22s - loss: 582899.0000
 768/3658 [=====>........................] - ETA: 21s - loss: 584041.1042
 896/3658 [======>.......................] - ETA: 20s - loss: 583986.5625
1024/3658 [=======>......................] - ETA: 19s - loss: 583721.2422
1152/3658 [========>.....................] - ETA: 18s - loss: 583540.7847
1280/3658 [=========>....................] - ETA: 17s - loss: 583625.3313
1408/3658 [==========>...................] - ETA: 16s - loss: 584023.3352
1536/3658 [===========>..................] - ETA: 15s - loss: 584212.6198
1664/3658 [============>.................] - ETA: 14s - loss: 584902.8029
1792/3658 [=============>................] - ETA: 13s - loss: 584367.8973
1920/3658 [==============>...............] - ETA: 12s - loss: 584049.1333
2048/3658 [===============>..............] - ETA: 11s - loss: 583896.4805
2176/3658 [================>.............] - ETA: 10s - loss: 583734.4265
2304/3658 [=================>............] - ETA: 9s - loss: 583766.5451 
2432/3658 [==================>...........] - ETA: 8s - loss: 583766.1612
2560/3658 [===================>..........] - ETA: 7s - loss: 583407.7063
2688/3658 [=====================>........] - ETA: 7s - loss: 583065.1131
2816/3658 [======================>.......] - ETA: 6s - loss: 583052.5739
2944/3658 [=======================>......] - ETA: 5s - loss: 583026.6359
3072/3658 [========================>.....] - ETA: 4s - loss: 583187.5833
3200/3658 [=========================>....] - ETA: 3s - loss: 583311.5100
3328/3658 [==========================>...] - ETA: 2s - loss: 583326.6250
3456/3658 [===========================>..] - ETA: 1s - loss: 583341.1296
3584/3658 [============================>.] - ETA: 0s - loss: 583305.7188
3658/3658 [==============================] - 27s 7ms/step - loss: 584223.3609
Epoch 18/100

 128/3658 [>.............................] - ETA: 26s - loss: 575765.8750
 256/3658 [=>............................] - ETA: 25s - loss: 579326.2500
 384/3658 [==>...........................] - ETA: 24s - loss: 580526.3750
 512/3658 [===>..........................] - ETA: 22s - loss: 581636.0312
 640/3658 [====>.........................] - ETA: 22s - loss: 582250.9500
 768/3658 [=====>........................] - ETA: 21s - loss: 582153.8333
 896/3658 [======>.......................] - ETA: 20s - loss: 582201.4286
1024/3658 [=======>......................] - ETA: 19s - loss: 582062.3906
1152/3658 [========>.....................] - ETA: 18s - loss: 582202.9722
1280/3658 [=========>....................] - ETA: 17s - loss: 582164.7438
1408/3658 [==========>...................] - ETA: 16s - loss: 582460.8239
1536/3658 [===========>..................] - ETA: 15s - loss: 582391.2240
1664/3658 [============>.................] - ETA: 14s - loss: 582647.2788
1792/3658 [=============>................] - ETA: 13s - loss: 582260.1964
1920/3658 [==============>...............] - ETA: 12s - loss: 582782.2167
2048/3658 [===============>..............] - ETA: 11s - loss: 582798.7500
2176/3658 [================>.............] - ETA: 10s - loss: 582456.5882
2304/3658 [=================>............] - ETA: 9s - loss: 582350.8403 
2432/3658 [==================>...........] - ETA: 9s - loss: 582340.7368
2560/3658 [===================>..........] - ETA: 8s - loss: 581921.7937
2688/3658 [=====================>........] - ETA: 7s - loss: 581599.3155
2816/3658 [======================>.......] - ETA: 6s - loss: 582162.4943
2944/3658 [=======================>......] - ETA: 5s - loss: 582076.2310
3072/3658 [========================>.....] - ETA: 4s - loss: 581929.8698
3200/3658 [=========================>....] - ETA: 3s - loss: 581882.5750
3328/3658 [==========================>...] - ETA: 2s - loss: 582014.8558
3456/3658 [===========================>..] - ETA: 1s - loss: 581959.4398
3584/3658 [============================>.] - ETA: 0s - loss: 582112.4107
3658/3658 [==============================] - 27s 7ms/step - loss: 583132.2882
Epoch 19/100

 128/3658 [>.............................] - ETA: 25s - loss: 583407.1250
 256/3658 [=>............................] - ETA: 25s - loss: 581300.4375
 384/3658 [==>...........................] - ETA: 23s - loss: 581817.4792
 512/3658 [===>..........................] - ETA: 22s - loss: 581784.9219
 640/3658 [====>.........................] - ETA: 22s - loss: 582869.1125
 768/3658 [=====>........................] - ETA: 21s - loss: 583291.6354
 896/3658 [======>.......................] - ETA: 20s - loss: 583252.5000
1024/3658 [=======>......................] - ETA: 19s - loss: 584138.0469
1152/3658 [========>.....................] - ETA: 18s - loss: 583814.5972
1280/3658 [=========>....................] - ETA: 17s - loss: 583074.3125
1408/3658 [==========>...................] - ETA: 16s - loss: 583582.8068
1536/3658 [===========>..................] - ETA: 15s - loss: 583370.1510
1664/3658 [============>.................] - ETA: 14s - loss: 582779.8510
1792/3658 [=============>................] - ETA: 13s - loss: 582239.9509
1920/3658 [==============>...............] - ETA: 12s - loss: 582426.0708
2048/3658 [===============>..............] - ETA: 11s - loss: 582003.6680
2176/3658 [================>.............] - ETA: 10s - loss: 581926.6728
2304/3658 [=================>............] - ETA: 9s - loss: 581946.7396 
2432/3658 [==================>...........] - ETA: 9s - loss: 581778.7204
2560/3658 [===================>..........] - ETA: 8s - loss: 581701.6719
2688/3658 [=====================>........] - ETA: 7s - loss: 581706.9137
2816/3658 [======================>.......] - ETA: 6s - loss: 581741.0000
2944/3658 [=======================>......] - ETA: 5s - loss: 581870.0272
3072/3658 [========================>.....] - ETA: 4s - loss: 581787.1979
3200/3658 [=========================>....] - ETA: 3s - loss: 581513.0150
3328/3658 [==========================>...] - ETA: 2s - loss: 581583.3005
3456/3658 [===========================>..] - ETA: 1s - loss: 581576.8958
3584/3658 [============================>.] - ETA: 0s - loss: 581481.0089
3658/3658 [==============================] - 27s 7ms/step - loss: 582464.3257
Epoch 20/100

 128/3658 [>.............................] - ETA: 25s - loss: 574603.6875
 256/3658 [=>............................] - ETA: 25s - loss: 575040.1875
 384/3658 [==>...........................] - ETA: 24s - loss: 577195.1042
 512/3658 [===>..........................] - ETA: 23s - loss: 578969.7656
 640/3658 [====>.........................] - ETA: 22s - loss: 581195.3625
 768/3658 [=====>........................] - ETA: 21s - loss: 580206.1562
 896/3658 [======>.......................] - ETA: 20s - loss: 580638.4018
1024/3658 [=======>......................] - ETA: 19s - loss: 580697.6172
1152/3658 [========>.....................] - ETA: 18s - loss: 580840.6042
1280/3658 [=========>....................] - ETA: 17s - loss: 581180.2812
1408/3658 [==========>...................] - ETA: 16s - loss: 580799.7159
1536/3658 [===========>..................] - ETA: 15s - loss: 580654.9479
1664/3658 [============>.................] - ETA: 14s - loss: 580649.3990
1792/3658 [=============>................] - ETA: 13s - loss: 580755.5804
1920/3658 [==============>...............] - ETA: 12s - loss: 581427.0583
2048/3658 [===============>..............] - ETA: 11s - loss: 581644.9531
2176/3658 [================>.............] - ETA: 11s - loss: 581659.5993
2304/3658 [=================>............] - ETA: 10s - loss: 581673.8507
2432/3658 [==================>...........] - ETA: 9s - loss: 581919.1546 
2560/3658 [===================>..........] - ETA: 8s - loss: 581806.9156
2688/3658 [=====================>........] - ETA: 7s - loss: 581689.5804
2816/3658 [======================>.......] - ETA: 6s - loss: 581630.7841
2944/3658 [=======================>......] - ETA: 5s - loss: 581567.7337
3072/3658 [========================>.....] - ETA: 4s - loss: 581477.2500
3200/3658 [=========================>....] - ETA: 3s - loss: 581513.0100
3328/3658 [==========================>...] - ETA: 2s - loss: 581420.4639
3456/3658 [===========================>..] - ETA: 1s - loss: 581389.0417
3584/3658 [============================>.] - ETA: 0s - loss: 581098.0625
3658/3658 [==============================] - 27s 7ms/step - loss: 582185.8188
Epoch 21/100

 128/3658 [>.............................] - ETA: 26s - loss: 578158.7500
 256/3658 [=>............................] - ETA: 25s - loss: 579933.7500
 384/3658 [==>...........................] - ETA: 24s - loss: 579744.9792
 512/3658 [===>..........................] - ETA: 23s - loss: 579473.4844
 640/3658 [====>.........................] - ETA: 22s - loss: 581399.3250
 768/3658 [=====>........................] - ETA: 21s - loss: 580299.8125
 896/3658 [======>.......................] - ETA: 20s - loss: 580590.1339
1024/3658 [=======>......................] - ETA: 19s - loss: 580943.5312
1152/3658 [========>.....................] - ETA: 18s - loss: 580833.9306
1280/3658 [=========>....................] - ETA: 17s - loss: 580924.0188
1408/3658 [==========>...................] - ETA: 16s - loss: 580747.9034
1536/3658 [===========>..................] - ETA: 15s - loss: 580790.7083
1664/3658 [============>.................] - ETA: 14s - loss: 580285.1058
1792/3658 [=============>................] - ETA: 13s - loss: 579903.4464
1920/3658 [==============>...............] - ETA: 12s - loss: 579423.5208
2048/3658 [===============>..............] - ETA: 11s - loss: 579319.0508
2176/3658 [================>.............] - ETA: 10s - loss: 579516.4265
2304/3658 [=================>............] - ETA: 9s - loss: 579772.9653 
2432/3658 [==================>...........] - ETA: 9s - loss: 579984.3750
2560/3658 [===================>..........] - ETA: 8s - loss: 579918.2250
2688/3658 [=====================>........] - ETA: 7s - loss: 580091.8304
2816/3658 [======================>.......] - ETA: 6s - loss: 580147.6562
2944/3658 [=======================>......] - ETA: 5s - loss: 580116.1386
3072/3658 [========================>.....] - ETA: 4s - loss: 579795.7396
3200/3658 [=========================>....] - ETA: 3s - loss: 579993.8350
3328/3658 [==========================>...] - ETA: 2s - loss: 580006.6707
3456/3658 [===========================>..] - ETA: 1s - loss: 580307.6597
3584/3658 [============================>.] - ETA: 0s - loss: 580263.6161
3658/3658 [==============================] - 27s 7ms/step - loss: 581213.9020
Epoch 22/100

 128/3658 [>.............................] - ETA: 25s - loss: 579840.5000
 256/3658 [=>............................] - ETA: 24s - loss: 580438.7188
 384/3658 [==>...........................] - ETA: 23s - loss: 579156.2500
 512/3658 [===>..........................] - ETA: 23s - loss: 579657.7031
 640/3658 [====>.........................] - ETA: 22s - loss: 579523.6625
 768/3658 [=====>........................] - ETA: 21s - loss: 578606.9062
 896/3658 [======>.......................] - ETA: 20s - loss: 578410.5089
1024/3658 [=======>......................] - ETA: 19s - loss: 578325.4688
1152/3658 [========>.....................] - ETA: 18s - loss: 578245.7500
1280/3658 [=========>....................] - ETA: 17s - loss: 578612.3875
1408/3658 [==========>...................] - ETA: 16s - loss: 579184.6364
1536/3658 [===========>..................] - ETA: 15s - loss: 579440.3698
1664/3658 [============>.................] - ETA: 14s - loss: 579520.3029
1792/3658 [=============>................] - ETA: 13s - loss: 579683.5000
1920/3658 [==============>...............] - ETA: 12s - loss: 580271.7833
2048/3658 [===============>..............] - ETA: 11s - loss: 580190.0938
2176/3658 [================>.............] - ETA: 10s - loss: 580184.1471
2304/3658 [=================>............] - ETA: 9s - loss: 580171.5069 
2432/3658 [==================>...........] - ETA: 9s - loss: 580281.8882
2560/3658 [===================>..........] - ETA: 8s - loss: 580008.8250
2688/3658 [=====================>........] - ETA: 7s - loss: 580196.1607
2816/3658 [======================>.......] - ETA: 6s - loss: 580349.4261
2944/3658 [=======================>......] - ETA: 5s - loss: 580631.8478
3072/3658 [========================>.....] - ETA: 4s - loss: 580311.7396
3200/3658 [=========================>....] - ETA: 3s - loss: 580243.1600
3328/3658 [==========================>...] - ETA: 2s - loss: 580167.4471
3456/3658 [===========================>..] - ETA: 1s - loss: 580070.7639
3584/3658 [============================>.] - ETA: 0s - loss: 579784.2188
3658/3658 [==============================] - 27s 7ms/step - loss: 580734.7568
Epoch 23/100

 128/3658 [>.............................] - ETA: 25s - loss: 582760.4375
 256/3658 [=>............................] - ETA: 25s - loss: 580844.9062
 384/3658 [==>...........................] - ETA: 23s - loss: 581561.5417
 512/3658 [===>..........................] - ETA: 22s - loss: 579321.7812
 640/3658 [====>.........................] - ETA: 21s - loss: 579406.8250
 768/3658 [=====>........................] - ETA: 21s - loss: 579288.6458
 896/3658 [======>.......................] - ETA: 20s - loss: 579290.4375
1024/3658 [=======>......................] - ETA: 19s - loss: 579096.8359
1152/3658 [========>.....................] - ETA: 18s - loss: 579192.1875
1280/3658 [=========>....................] - ETA: 17s - loss: 578567.6125
1408/3658 [==========>...................] - ETA: 16s - loss: 578951.5909
1536/3658 [===========>..................] - ETA: 15s - loss: 578832.4792
1664/3658 [============>.................] - ETA: 14s - loss: 578488.6827
1792/3658 [=============>................] - ETA: 13s - loss: 578372.9821
1920/3658 [==============>...............] - ETA: 12s - loss: 578568.8000
2048/3658 [===============>..............] - ETA: 11s - loss: 578206.7578
2176/3658 [================>.............] - ETA: 10s - loss: 578455.0956
2304/3658 [=================>............] - ETA: 9s - loss: 578484.1840 
2432/3658 [==================>...........] - ETA: 9s - loss: 578550.7039
2560/3658 [===================>..........] - ETA: 8s - loss: 578493.2937
2688/3658 [=====================>........] - ETA: 7s - loss: 578377.6399
2816/3658 [======================>.......] - ETA: 6s - loss: 578345.6562
2944/3658 [=======================>......] - ETA: 5s - loss: 578044.5951
3072/3658 [========================>.....] - ETA: 4s - loss: 578531.3932
3200/3658 [=========================>....] - ETA: 3s - loss: 578814.5575
3328/3658 [==========================>...] - ETA: 2s - loss: 578768.5889
3456/3658 [===========================>..] - ETA: 1s - loss: 578850.7060
3584/3658 [============================>.] - ETA: 0s - loss: 579007.8192
3658/3658 [==============================] - 27s 7ms/step - loss: 579897.8066
Epoch 24/100

 128/3658 [>.............................] - ETA: 25s - loss: 575443.3750
 256/3658 [=>............................] - ETA: 25s - loss: 578434.1875
 384/3658 [==>...........................] - ETA: 23s - loss: 578506.8750
 512/3658 [===>..........................] - ETA: 22s - loss: 579567.0625
 640/3658 [====>.........................] - ETA: 21s - loss: 578645.7750
 768/3658 [=====>........................] - ETA: 21s - loss: 579013.6771
 896/3658 [======>.......................] - ETA: 20s - loss: 578708.1161
1024/3658 [=======>......................] - ETA: 19s - loss: 578924.2266
1152/3658 [========>.....................] - ETA: 18s - loss: 578306.8403
1280/3658 [=========>....................] - ETA: 17s - loss: 578553.4062
1408/3658 [==========>...................] - ETA: 16s - loss: 578457.0057
1536/3658 [===========>..................] - ETA: 15s - loss: 577983.8802
1664/3658 [============>.................] - ETA: 14s - loss: 578055.8798
1792/3658 [=============>................] - ETA: 13s - loss: 578860.4241
1920/3658 [==============>...............] - ETA: 12s - loss: 578931.6750
2048/3658 [===============>..............] - ETA: 11s - loss: 578928.1641
2176/3658 [================>.............] - ETA: 10s - loss: 578508.7096
2304/3658 [=================>............] - ETA: 9s - loss: 578456.1493 
2432/3658 [==================>...........] - ETA: 8s - loss: 578155.7928
2560/3658 [===================>..........] - ETA: 8s - loss: 578299.8281
2688/3658 [=====================>........] - ETA: 7s - loss: 578256.3065
2816/3658 [======================>.......] - ETA: 6s - loss: 578523.3580
2944/3658 [=======================>......] - ETA: 5s - loss: 578443.2500
3072/3658 [========================>.....] - ETA: 4s - loss: 578398.6146
3200/3658 [=========================>....] - ETA: 3s - loss: 578333.4225
3328/3658 [==========================>...] - ETA: 2s - loss: 578307.6490
3456/3658 [===========================>..] - ETA: 1s - loss: 578458.2407
3584/3658 [============================>.] - ETA: 0s - loss: 578477.7143
3658/3658 [==============================] - 27s 7ms/step - loss: 579494.2149
Epoch 25/100

 128/3658 [>.............................] - ETA: 25s - loss: 577989.7500
 256/3658 [=>............................] - ETA: 25s - loss: 577846.0000
 384/3658 [==>...........................] - ETA: 24s - loss: 578977.8750
 512/3658 [===>..........................] - ETA: 23s - loss: 580498.8125
 640/3658 [====>.........................] - ETA: 22s - loss: 580040.2375
 768/3658 [=====>........................] - ETA: 21s - loss: 579401.4479
 896/3658 [======>.......................] - ETA: 20s - loss: 579076.0446
1024/3658 [=======>......................] - ETA: 19s - loss: 579116.3203
1152/3658 [========>.....................] - ETA: 18s - loss: 578451.0069
1280/3658 [=========>....................] - ETA: 17s - loss: 577851.9437
1408/3658 [==========>...................] - ETA: 16s - loss: 577948.5000
1536/3658 [===========>..................] - ETA: 15s - loss: 577883.1510
1664/3658 [============>.................] - ETA: 14s - loss: 578031.7356
1792/3658 [=============>................] - ETA: 13s - loss: 578009.9196
1920/3658 [==============>...............] - ETA: 12s - loss: 578214.4708
2048/3658 [===============>..............] - ETA: 11s - loss: 578313.6562
2176/3658 [================>.............] - ETA: 10s - loss: 578419.4301
2304/3658 [=================>............] - ETA: 9s - loss: 578560.1319 
2432/3658 [==================>...........] - ETA: 9s - loss: 578660.2204
2560/3658 [===================>..........] - ETA: 8s - loss: 578771.3438
2688/3658 [=====================>........] - ETA: 7s - loss: 579214.8631
2816/3658 [======================>.......] - ETA: 6s - loss: 579127.5227
2944/3658 [=======================>......] - ETA: 5s - loss: 579111.1250
3072/3658 [========================>.....] - ETA: 4s - loss: 579134.5469
3200/3658 [=========================>....] - ETA: 3s - loss: 578900.3300
3328/3658 [==========================>...] - ETA: 2s - loss: 578716.8654
3456/3658 [===========================>..] - ETA: 1s - loss: 578484.6204
3584/3658 [============================>.] - ETA: 0s - loss: 578424.7701
3658/3658 [==============================] - 27s 7ms/step - loss: 579343.1040
Epoch 26/100

 128/3658 [>.............................] - ETA: 25s - loss: 577196.3750
 256/3658 [=>............................] - ETA: 25s - loss: 573679.3125
 384/3658 [==>...........................] - ETA: 23s - loss: 572551.8958
 512/3658 [===>..........................] - ETA: 23s - loss: 575036.2500
 640/3658 [====>.........................] - ETA: 22s - loss: 575675.8875
 768/3658 [=====>........................] - ETA: 21s - loss: 576045.2812
 896/3658 [======>.......................] - ETA: 20s - loss: 575345.2857
1024/3658 [=======>......................] - ETA: 19s - loss: 575626.9844
1152/3658 [========>.....................] - ETA: 18s - loss: 576069.6667
1280/3658 [=========>....................] - ETA: 17s - loss: 576447.5875
1408/3658 [==========>...................] - ETA: 16s - loss: 576682.8580
1536/3658 [===========>..................] - ETA: 15s - loss: 576332.7448
1664/3658 [============>.................] - ETA: 14s - loss: 576458.3029
1792/3658 [=============>................] - ETA: 13s - loss: 576367.8884
1920/3658 [==============>...............] - ETA: 12s - loss: 576414.5042
2048/3658 [===============>..............] - ETA: 11s - loss: 576806.3438
2176/3658 [================>.............] - ETA: 10s - loss: 577501.9853
2304/3658 [=================>............] - ETA: 9s - loss: 577674.5972 
2432/3658 [==================>...........] - ETA: 9s - loss: 577701.8289
2560/3658 [===================>..........] - ETA: 8s - loss: 577618.3125
2688/3658 [=====================>........] - ETA: 7s - loss: 577382.7083
2816/3658 [======================>.......] - ETA: 6s - loss: 577441.5909
2944/3658 [=======================>......] - ETA: 5s - loss: 577782.1223
3072/3658 [========================>.....] - ETA: 4s - loss: 577732.5391
3200/3658 [=========================>....] - ETA: 3s - loss: 577854.3025
3328/3658 [==========================>...] - ETA: 2s - loss: 577815.7764
3456/3658 [===========================>..] - ETA: 1s - loss: 577810.6620
3584/3658 [============================>.] - ETA: 0s - loss: 577937.3393
3658/3658 [==============================] - 27s 7ms/step - loss: 578799.5270
Epoch 27/100

 128/3658 [>.............................] - ETA: 26s - loss: 580457.0625
 256/3658 [=>............................] - ETA: 25s - loss: 576169.9688
 384/3658 [==>...........................] - ETA: 24s - loss: 574930.3750
 512/3658 [===>..........................] - ETA: 23s - loss: 575646.5312
 640/3658 [====>.........................] - ETA: 22s - loss: 576185.5875
 768/3658 [=====>........................] - ETA: 21s - loss: 576902.0312
 896/3658 [======>.......................] - ETA: 20s - loss: 577126.6875
1024/3658 [=======>......................] - ETA: 19s - loss: 577236.5859
1152/3658 [========>.....................] - ETA: 18s - loss: 577167.5486
1280/3658 [=========>....................] - ETA: 17s - loss: 577143.6438
1408/3658 [==========>...................] - ETA: 16s - loss: 577288.0341
1536/3658 [===========>..................] - ETA: 15s - loss: 577250.9583
1664/3658 [============>.................] - ETA: 14s - loss: 577156.6971
1792/3658 [=============>................] - ETA: 13s - loss: 577421.9866
1920/3658 [==============>...............] - ETA: 12s - loss: 577897.7542
2048/3658 [===============>..............] - ETA: 11s - loss: 578100.3008
2176/3658 [================>.............] - ETA: 10s - loss: 578189.9816
2304/3658 [=================>............] - ETA: 10s - loss: 577812.6042
2432/3658 [==================>...........] - ETA: 9s - loss: 577763.7632 
2560/3658 [===================>..........] - ETA: 8s - loss: 577754.0312
2688/3658 [=====================>........] - ETA: 7s - loss: 577876.6071
2816/3658 [======================>.......] - ETA: 6s - loss: 577781.1420
2944/3658 [=======================>......] - ETA: 5s - loss: 577703.7826
3072/3658 [========================>.....] - ETA: 4s - loss: 577632.6562
3200/3658 [=========================>....] - ETA: 3s - loss: 578014.2200
3328/3658 [==========================>...] - ETA: 2s - loss: 577804.7644
3456/3658 [===========================>..] - ETA: 1s - loss: 577761.4213
3584/3658 [============================>.] - ETA: 0s - loss: 577526.9799
3658/3658 [==============================] - 27s 7ms/step - loss: 578467.9731
Epoch 28/100

 128/3658 [>.............................] - ETA: 26s - loss: 578690.3750
 256/3658 [=>............................] - ETA: 25s - loss: 579657.6250
 384/3658 [==>...........................] - ETA: 24s - loss: 578144.0417
 512/3658 [===>..........................] - ETA: 22s - loss: 580014.3438
 640/3658 [====>.........................] - ETA: 21s - loss: 579256.6000
 768/3658 [=====>........................] - ETA: 20s - loss: 579198.9375
 896/3658 [======>.......................] - ETA: 20s - loss: 578727.9821
1024/3658 [=======>......................] - ETA: 19s - loss: 577873.6406
1152/3658 [========>.....................] - ETA: 18s - loss: 578109.6250
1280/3658 [=========>....................] - ETA: 17s - loss: 578282.5687
1408/3658 [==========>...................] - ETA: 16s - loss: 577694.4830
1536/3658 [===========>..................] - ETA: 15s - loss: 577765.3021
1664/3658 [============>.................] - ETA: 14s - loss: 577633.2740
1792/3658 [=============>................] - ETA: 13s - loss: 577132.2098
1920/3658 [==============>...............] - ETA: 12s - loss: 577401.1417
2048/3658 [===============>..............] - ETA: 11s - loss: 577383.6094
2176/3658 [================>.............] - ETA: 10s - loss: 577432.3897
2304/3658 [=================>............] - ETA: 9s - loss: 577609.1597 
2432/3658 [==================>...........] - ETA: 8s - loss: 577208.6382
2560/3658 [===================>..........] - ETA: 7s - loss: 577154.8438
2688/3658 [=====================>........] - ETA: 7s - loss: 577164.5238
2816/3658 [======================>.......] - ETA: 6s - loss: 577108.2670
2944/3658 [=======================>......] - ETA: 5s - loss: 577014.0190
3072/3658 [========================>.....] - ETA: 4s - loss: 577054.1536
3200/3658 [=========================>....] - ETA: 3s - loss: 577036.2625
3328/3658 [==========================>...] - ETA: 2s - loss: 576814.1466
3456/3658 [===========================>..] - ETA: 1s - loss: 577109.0926
3584/3658 [============================>.] - ETA: 0s - loss: 577062.8326
3658/3658 [==============================] - 27s 7ms/step - loss: 578073.4111
Epoch 29/100

 128/3658 [>.............................] - ETA: 25s - loss: 577848.2500
 256/3658 [=>............................] - ETA: 25s - loss: 575979.5625
 384/3658 [==>...........................] - ETA: 24s - loss: 575746.9375
 512/3658 [===>..........................] - ETA: 23s - loss: 575845.4844
 640/3658 [====>.........................] - ETA: 22s - loss: 576207.5875
 768/3658 [=====>........................] - ETA: 21s - loss: 575233.3229
 896/3658 [======>.......................] - ETA: 20s - loss: 575448.8839
1024/3658 [=======>......................] - ETA: 19s - loss: 574817.1875
1152/3658 [========>.....................] - ETA: 18s - loss: 575110.8681
1280/3658 [=========>....................] - ETA: 17s - loss: 575049.9437
1408/3658 [==========>...................] - ETA: 16s - loss: 574651.9830
1536/3658 [===========>..................] - ETA: 15s - loss: 574240.6719
1664/3658 [============>.................] - ETA: 14s - loss: 574673.1875
1792/3658 [=============>................] - ETA: 13s - loss: 575227.7277
1920/3658 [==============>...............] - ETA: 12s - loss: 575330.7583
2048/3658 [===============>..............] - ETA: 11s - loss: 575650.1953
2176/3658 [================>.............] - ETA: 10s - loss: 575713.0588
2304/3658 [=================>............] - ETA: 9s - loss: 576392.8611 
2432/3658 [==================>...........] - ETA: 9s - loss: 576383.8849
2560/3658 [===================>..........] - ETA: 8s - loss: 576333.8344
2688/3658 [=====================>........] - ETA: 7s - loss: 576504.9018
2816/3658 [======================>.......] - ETA: 6s - loss: 576622.8892
2944/3658 [=======================>......] - ETA: 5s - loss: 576620.0897
3072/3658 [========================>.....] - ETA: 4s - loss: 576748.9401
3200/3658 [=========================>....] - ETA: 3s - loss: 576688.6900
3328/3658 [==========================>...] - ETA: 2s - loss: 576610.5240
3456/3658 [===========================>..] - ETA: 1s - loss: 576661.8634
3584/3658 [============================>.] - ETA: 0s - loss: 576429.8504
3658/3658 [==============================] - 27s 7ms/step - loss: 577356.1001
Epoch 30/100

 128/3658 [>.............................] - ETA: 25s - loss: 577626.8125
 256/3658 [=>............................] - ETA: 25s - loss: 576447.9688
 384/3658 [==>...........................] - ETA: 24s - loss: 577066.9375
 512/3658 [===>..........................] - ETA: 23s - loss: 577621.4531
 640/3658 [====>.........................] - ETA: 22s - loss: 578526.9125
 768/3658 [=====>........................] - ETA: 21s - loss: 578052.5729
 896/3658 [======>.......................] - ETA: 20s - loss: 577743.0446
1024/3658 [=======>......................] - ETA: 19s - loss: 577710.2891
1152/3658 [========>.....................] - ETA: 18s - loss: 577904.0000
1280/3658 [=========>....................] - ETA: 17s - loss: 577629.9250
1408/3658 [==========>...................] - ETA: 16s - loss: 576979.2500
1536/3658 [===========>..................] - ETA: 15s - loss: 576426.6094
1664/3658 [============>.................] - ETA: 14s - loss: 575933.3317
1792/3658 [=============>................] - ETA: 13s - loss: 575843.6562
1920/3658 [==============>...............] - ETA: 12s - loss: 575825.3958
2048/3658 [===============>..............] - ETA: 11s - loss: 576013.7656
2176/3658 [================>.............] - ETA: 11s - loss: 576258.5662
2304/3658 [=================>............] - ETA: 10s - loss: 576146.2500
2432/3658 [==================>...........] - ETA: 9s - loss: 576047.3224 
2560/3658 [===================>..........] - ETA: 8s - loss: 575988.4062
2688/3658 [=====================>........] - ETA: 7s - loss: 575696.9256
2816/3658 [======================>.......] - ETA: 6s - loss: 575459.6193
2944/3658 [=======================>......] - ETA: 5s - loss: 575670.6196
3072/3658 [========================>.....] - ETA: 4s - loss: 575673.7448
3200/3658 [=========================>....] - ETA: 3s - loss: 576118.5075
3328/3658 [==========================>...] - ETA: 2s - loss: 576076.3558
3456/3658 [===========================>..] - ETA: 1s - loss: 576131.9537
3584/3658 [============================>.] - ETA: 0s - loss: 576238.5379
3658/3658 [==============================] - 27s 7ms/step - loss: 577149.0464
Epoch 31/100

 128/3658 [>.............................] - ETA: 25s - loss: 575421.3750
 256/3658 [=>............................] - ETA: 24s - loss: 576230.3125
 384/3658 [==>...........................] - ETA: 24s - loss: 575951.0625
 512/3658 [===>..........................] - ETA: 23s - loss: 575756.9375
 640/3658 [====>.........................] - ETA: 22s - loss: 576525.1500
 768/3658 [=====>........................] - ETA: 21s - loss: 577498.2917
 896/3658 [======>.......................] - ETA: 20s - loss: 578346.3036
1024/3658 [=======>......................] - ETA: 19s - loss: 577361.6250
1152/3658 [========>.....................] - ETA: 18s - loss: 577255.1528
1280/3658 [=========>....................] - ETA: 17s - loss: 577336.1500
1408/3658 [==========>...................] - ETA: 16s - loss: 576664.0568
1536/3658 [===========>..................] - ETA: 15s - loss: 576043.8438
1664/3658 [============>.................] - ETA: 14s - loss: 575949.9038
1792/3658 [=============>................] - ETA: 13s - loss: 576231.6562
1920/3658 [==============>...............] - ETA: 12s - loss: 576345.9667
2048/3658 [===============>..............] - ETA: 11s - loss: 576231.9883
2176/3658 [================>.............] - ETA: 10s - loss: 576266.8125
2304/3658 [=================>............] - ETA: 9s - loss: 575967.8368 
2432/3658 [==================>...........] - ETA: 9s - loss: 575890.7533
2560/3658 [===================>..........] - ETA: 8s - loss: 575646.6094
2688/3658 [=====================>........] - ETA: 7s - loss: 575630.3780
2816/3658 [======================>.......] - ETA: 6s - loss: 575845.3551
2944/3658 [=======================>......] - ETA: 5s - loss: 575830.6712
3072/3658 [========================>.....] - ETA: 4s - loss: 575864.6641
3200/3658 [=========================>....] - ETA: 3s - loss: 575746.7025
3328/3658 [==========================>...] - ETA: 2s - loss: 575791.6851
3456/3658 [===========================>..] - ETA: 1s - loss: 575913.5231
3584/3658 [============================>.] - ETA: 0s - loss: 575977.2567
3658/3658 [==============================] - 27s 7ms/step - loss: 576854.1947
Epoch 32/100

 128/3658 [>.............................] - ETA: 26s - loss: 581298.0000
 256/3658 [=>............................] - ETA: 25s - loss: 579163.5312
 384/3658 [==>...........................] - ETA: 24s - loss: 578655.6042
 512/3658 [===>..........................] - ETA: 23s - loss: 577877.5156
 640/3658 [====>.........................] - ETA: 22s - loss: 577300.6875
 768/3658 [=====>........................] - ETA: 21s - loss: 577300.1146
 896/3658 [======>.......................] - ETA: 20s - loss: 576620.6607
1024/3658 [=======>......................] - ETA: 19s - loss: 576736.8750
1152/3658 [========>.....................] - ETA: 18s - loss: 576403.3056
1280/3658 [=========>....................] - ETA: 17s - loss: 576685.1438
1408/3658 [==========>...................] - ETA: 16s - loss: 577424.5114
1536/3658 [===========>..................] - ETA: 15s - loss: 577328.5000
1664/3658 [============>.................] - ETA: 14s - loss: 576773.9856
1792/3658 [=============>................] - ETA: 13s - loss: 576308.9509
1920/3658 [==============>...............] - ETA: 12s - loss: 576156.7042
2048/3658 [===============>..............] - ETA: 11s - loss: 576103.8398
2176/3658 [================>.............] - ETA: 10s - loss: 575759.2353
2304/3658 [=================>............] - ETA: 10s - loss: 575666.5069
2432/3658 [==================>...........] - ETA: 9s - loss: 575597.1908 
2560/3658 [===================>..........] - ETA: 8s - loss: 575608.7375
2688/3658 [=====================>........] - ETA: 7s - loss: 575587.1786
2816/3658 [======================>.......] - ETA: 6s - loss: 575685.4432
2944/3658 [=======================>......] - ETA: 5s - loss: 575370.9429
3072/3658 [========================>.....] - ETA: 4s - loss: 575515.1354
3200/3658 [=========================>....] - ETA: 3s - loss: 575476.3500
3328/3658 [==========================>...] - ETA: 2s - loss: 575520.2308
3456/3658 [===========================>..] - ETA: 1s - loss: 575641.8773
3584/3658 [============================>.] - ETA: 0s - loss: 575771.1205
3658/3658 [==============================] - 27s 7ms/step - loss: 576682.5427
Epoch 33/100

 128/3658 [>.............................] - ETA: 25s - loss: 575281.1250
 256/3658 [=>............................] - ETA: 24s - loss: 575956.9688
 384/3658 [==>...........................] - ETA: 23s - loss: 573924.3542
 512/3658 [===>..........................] - ETA: 23s - loss: 573796.7656
 640/3658 [====>.........................] - ETA: 22s - loss: 573331.0375
 768/3658 [=====>........................] - ETA: 21s - loss: 573386.6771
 896/3658 [======>.......................] - ETA: 20s - loss: 573594.1250
1024/3658 [=======>......................] - ETA: 19s - loss: 573736.8047
1152/3658 [========>.....................] - ETA: 18s - loss: 574386.8681
1280/3658 [=========>....................] - ETA: 17s - loss: 574395.5500
1408/3658 [==========>...................] - ETA: 16s - loss: 574406.1705
1536/3658 [===========>..................] - ETA: 15s - loss: 574791.1979
1664/3658 [============>.................] - ETA: 14s - loss: 575346.3510
1792/3658 [=============>................] - ETA: 13s - loss: 576042.0045
1920/3658 [==============>...............] - ETA: 12s - loss: 575550.3542
2048/3658 [===============>..............] - ETA: 11s - loss: 575616.4375
2176/3658 [================>.............] - ETA: 10s - loss: 575764.5846
2304/3658 [=================>............] - ETA: 10s - loss: 575359.0833
2432/3658 [==================>...........] - ETA: 9s - loss: 575405.6118 
2560/3658 [===================>..........] - ETA: 8s - loss: 575514.9187
2688/3658 [=====================>........] - ETA: 7s - loss: 575658.5089
2816/3658 [======================>.......] - ETA: 6s - loss: 575563.8097
2944/3658 [=======================>......] - ETA: 5s - loss: 575588.6766
3072/3658 [========================>.....] - ETA: 4s - loss: 575307.7891
3200/3658 [=========================>....] - ETA: 3s - loss: 575217.7725
3328/3658 [==========================>...] - ETA: 2s - loss: 575186.7572
3456/3658 [===========================>..] - ETA: 1s - loss: 575171.5301
3584/3658 [============================>.] - ETA: 0s - loss: 575238.4397
3658/3658 [==============================] - 27s 7ms/step - loss: 576158.4581
Epoch 34/100

 128/3658 [>.............................] - ETA: 24s - loss: 575774.8750
 256/3658 [=>............................] - ETA: 24s - loss: 574676.3125
 384/3658 [==>...........................] - ETA: 23s - loss: 574897.3750
 512/3658 [===>..........................] - ETA: 22s - loss: 576709.0000
 640/3658 [====>.........................] - ETA: 21s - loss: 576921.4750
 768/3658 [=====>........................] - ETA: 20s - loss: 576406.2292
 896/3658 [======>.......................] - ETA: 20s - loss: 576303.6071
1024/3658 [=======>......................] - ETA: 19s - loss: 575967.0781
1152/3658 [========>.....................] - ETA: 18s - loss: 575833.4028
1280/3658 [=========>....................] - ETA: 17s - loss: 575924.0750
1408/3658 [==========>...................] - ETA: 16s - loss: 575719.8182
1536/3658 [===========>..................] - ETA: 15s - loss: 575561.6719
1664/3658 [============>.................] - ETA: 14s - loss: 575119.4423
1792/3658 [=============>................] - ETA: 13s - loss: 575405.8036
1920/3658 [==============>...............] - ETA: 12s - loss: 575428.4583
2048/3658 [===============>..............] - ETA: 11s - loss: 575608.6875
2176/3658 [================>.............] - ETA: 10s - loss: 575309.0662
2304/3658 [=================>............] - ETA: 10s - loss: 575283.2917
2432/3658 [==================>...........] - ETA: 9s - loss: 574964.1908 
2560/3658 [===================>..........] - ETA: 8s - loss: 574623.7188
2688/3658 [=====================>........] - ETA: 7s - loss: 575000.7054
2816/3658 [======================>.......] - ETA: 6s - loss: 575068.9574
2944/3658 [=======================>......] - ETA: 5s - loss: 575005.3940
3072/3658 [========================>.....] - ETA: 4s - loss: 574875.5547
3200/3658 [=========================>....] - ETA: 3s - loss: 574591.7475
3328/3658 [==========================>...] - ETA: 2s - loss: 574570.7572
3456/3658 [===========================>..] - ETA: 1s - loss: 574692.3310
3584/3658 [============================>.] - ETA: 0s - loss: 574838.5246
3658/3658 [==============================] - 27s 7ms/step - loss: 575815.1324
Epoch 35/100

 128/3658 [>.............................] - ETA: 25s - loss: 574135.3750
 256/3658 [=>............................] - ETA: 24s - loss: 571662.8125
 384/3658 [==>...........................] - ETA: 23s - loss: 570402.7917
 512/3658 [===>..........................] - ETA: 23s - loss: 571125.3594
 640/3658 [====>.........................] - ETA: 22s - loss: 571776.1875
 768/3658 [=====>........................] - ETA: 21s - loss: 572716.1354
 896/3658 [======>.......................] - ETA: 20s - loss: 573073.9196
1024/3658 [=======>......................] - ETA: 19s - loss: 572407.8672
1152/3658 [========>.....................] - ETA: 18s - loss: 572826.7986
1280/3658 [=========>....................] - ETA: 17s - loss: 572963.1562
1408/3658 [==========>...................] - ETA: 16s - loss: 572383.1761
1536/3658 [===========>..................] - ETA: 15s - loss: 572881.8229
1664/3658 [============>.................] - ETA: 14s - loss: 572908.5000
1792/3658 [=============>................] - ETA: 13s - loss: 573001.4464
1920/3658 [==============>...............] - ETA: 12s - loss: 573182.3667
2048/3658 [===============>..............] - ETA: 11s - loss: 572912.7812
2176/3658 [================>.............] - ETA: 10s - loss: 573482.5625
2304/3658 [=================>............] - ETA: 9s - loss: 573543.7396 
2432/3658 [==================>...........] - ETA: 8s - loss: 573651.5921
2560/3658 [===================>..........] - ETA: 8s - loss: 573910.5156
2688/3658 [=====================>........] - ETA: 7s - loss: 574010.4970
2816/3658 [======================>.......] - ETA: 6s - loss: 574477.0341
2944/3658 [=======================>......] - ETA: 5s - loss: 574427.2935
3072/3658 [========================>.....] - ETA: 4s - loss: 574423.9635
3200/3658 [=========================>....] - ETA: 3s - loss: 574481.2200
3328/3658 [==========================>...] - ETA: 2s - loss: 574589.1683
3456/3658 [===========================>..] - ETA: 1s - loss: 574679.5278
3584/3658 [============================>.] - ETA: 0s - loss: 574606.6451
3658/3658 [==============================] - 27s 7ms/step - loss: 575411.1886
Epoch 36/100

 128/3658 [>.............................] - ETA: 26s - loss: 576670.2500
 256/3658 [=>............................] - ETA: 25s - loss: 576345.2812
 384/3658 [==>...........................] - ETA: 24s - loss: 575844.4792
 512/3658 [===>..........................] - ETA: 23s - loss: 575025.9531
 640/3658 [====>.........................] - ETA: 22s - loss: 575061.7125
 768/3658 [=====>........................] - ETA: 21s - loss: 574642.7812
 896/3658 [======>.......................] - ETA: 20s - loss: 575604.9196
1024/3658 [=======>......................] - ETA: 19s - loss: 574841.2109
1152/3658 [========>.....................] - ETA: 18s - loss: 574272.0347
1280/3658 [=========>....................] - ETA: 17s - loss: 574246.7688
1408/3658 [==========>...................] - ETA: 16s - loss: 574601.7273
1536/3658 [===========>..................] - ETA: 15s - loss: 574438.9896
1664/3658 [============>.................] - ETA: 14s - loss: 574375.0192
1792/3658 [=============>................] - ETA: 13s - loss: 574414.0982
1920/3658 [==============>...............] - ETA: 12s - loss: 574406.0042
2048/3658 [===============>..............] - ETA: 11s - loss: 574107.2852
2176/3658 [================>.............] - ETA: 10s - loss: 574053.5993
2304/3658 [=================>............] - ETA: 9s - loss: 574214.3333 
2432/3658 [==================>...........] - ETA: 8s - loss: 574318.5099
2560/3658 [===================>..........] - ETA: 8s - loss: 574258.6281
2688/3658 [=====================>........] - ETA: 7s - loss: 574264.9435
2816/3658 [======================>.......] - ETA: 6s - loss: 574312.3864
2944/3658 [=======================>......] - ETA: 5s - loss: 574061.1875
3072/3658 [========================>.....] - ETA: 4s - loss: 574213.8255
3200/3658 [=========================>....] - ETA: 3s - loss: 574247.3925
3328/3658 [==========================>...] - ETA: 2s - loss: 574182.4808
3456/3658 [===========================>..] - ETA: 1s - loss: 573922.1157
3584/3658 [============================>.] - ETA: 0s - loss: 574122.5446
3658/3658 [==============================] - 27s 7ms/step - loss: 575070.0050
Epoch 37/100

 128/3658 [>.............................] - ETA: 25s - loss: 571021.3750
 256/3658 [=>............................] - ETA: 24s - loss: 572716.7500
 384/3658 [==>...........................] - ETA: 24s - loss: 573553.5000
 512/3658 [===>..........................] - ETA: 23s - loss: 572260.5625
 640/3658 [====>.........................] - ETA: 22s - loss: 573281.8500
 768/3658 [=====>........................] - ETA: 21s - loss: 573464.7708
 896/3658 [======>.......................] - ETA: 20s - loss: 573357.7500
1024/3658 [=======>......................] - ETA: 19s - loss: 572912.4844
1152/3658 [========>.....................] - ETA: 18s - loss: 572880.2778
1280/3658 [=========>....................] - ETA: 17s - loss: 572891.0875
1408/3658 [==========>...................] - ETA: 16s - loss: 573346.3182
1536/3658 [===========>..................] - ETA: 15s - loss: 573629.0052
1664/3658 [============>.................] - ETA: 14s - loss: 573108.2163
1792/3658 [=============>................] - ETA: 13s - loss: 573191.2321
1920/3658 [==============>...............] - ETA: 12s - loss: 573226.3167
2048/3658 [===============>..............] - ETA: 11s - loss: 573546.4141
2176/3658 [================>.............] - ETA: 10s - loss: 573484.8529
2304/3658 [=================>............] - ETA: 9s - loss: 573170.1806 
2432/3658 [==================>...........] - ETA: 8s - loss: 572808.9013
2560/3658 [===================>..........] - ETA: 8s - loss: 572830.7812
2688/3658 [=====================>........] - ETA: 7s - loss: 572858.1845
2816/3658 [======================>.......] - ETA: 6s - loss: 573033.9602
2944/3658 [=======================>......] - ETA: 5s - loss: 573144.5245
3072/3658 [========================>.....] - ETA: 4s - loss: 573303.2943
3200/3658 [=========================>....] - ETA: 3s - loss: 573472.7525
3328/3658 [==========================>...] - ETA: 2s - loss: 573836.6250
3456/3658 [===========================>..] - ETA: 1s - loss: 574069.7407
3584/3658 [============================>.] - ETA: 0s - loss: 574083.3616
3658/3658 [==============================] - 27s 7ms/step - loss: 575001.6861
Epoch 38/100

 128/3658 [>.............................] - ETA: 26s - loss: 574700.1250
 256/3658 [=>............................] - ETA: 25s - loss: 575700.7500
 384/3658 [==>...........................] - ETA: 24s - loss: 575598.7917
 512/3658 [===>..........................] - ETA: 23s - loss: 574174.6250
 640/3658 [====>.........................] - ETA: 22s - loss: 575307.8000
 768/3658 [=====>........................] - ETA: 21s - loss: 574365.5000
 896/3658 [======>.......................] - ETA: 20s - loss: 574287.8125
1024/3658 [=======>......................] - ETA: 19s - loss: 574090.6406
1152/3658 [========>.....................] - ETA: 18s - loss: 574637.4583
1280/3658 [=========>....................] - ETA: 17s - loss: 574453.7500
1408/3658 [==========>...................] - ETA: 16s - loss: 574332.2045
1536/3658 [===========>..................] - ETA: 15s - loss: 574082.6094
1664/3658 [============>.................] - ETA: 14s - loss: 573954.1923
1792/3658 [=============>................] - ETA: 13s - loss: 573888.2768
1920/3658 [==============>...............] - ETA: 12s - loss: 573836.9250
2048/3658 [===============>..............] - ETA: 11s - loss: 573440.9727
2176/3658 [================>.............] - ETA: 10s - loss: 573667.1250
2304/3658 [=================>............] - ETA: 9s - loss: 573584.7500 
2432/3658 [==================>...........] - ETA: 8s - loss: 573649.6053
2560/3658 [===================>..........] - ETA: 8s - loss: 573720.2875
2688/3658 [=====================>........] - ETA: 7s - loss: 573852.3839
2816/3658 [======================>.......] - ETA: 6s - loss: 574013.4545
2944/3658 [=======================>......] - ETA: 5s - loss: 574102.7391
3072/3658 [========================>.....] - ETA: 4s - loss: 574127.5625
3200/3658 [=========================>....] - ETA: 3s - loss: 573944.6450
3328/3658 [==========================>...] - ETA: 2s - loss: 573928.2115
3456/3658 [===========================>..] - ETA: 1s - loss: 573885.0972
3584/3658 [============================>.] - ETA: 0s - loss: 573630.5089
3658/3658 [==============================] - 27s 7ms/step - loss: 574519.7503
Epoch 39/100

 128/3658 [>.............................] - ETA: 26s - loss: 572231.0625
 256/3658 [=>............................] - ETA: 25s - loss: 575031.5000
 384/3658 [==>...........................] - ETA: 24s - loss: 574176.9167
 512/3658 [===>..........................] - ETA: 23s - loss: 574585.3906
 640/3658 [====>.........................] - ETA: 22s - loss: 574130.3125
 768/3658 [=====>........................] - ETA: 21s - loss: 574206.3438
 896/3658 [======>.......................] - ETA: 20s - loss: 573127.5982
1024/3658 [=======>......................] - ETA: 19s - loss: 572304.6797
1152/3658 [========>.....................] - ETA: 18s - loss: 572524.9306
1280/3658 [=========>....................] - ETA: 17s - loss: 573007.9750
1408/3658 [==========>...................] - ETA: 16s - loss: 573839.7045
1536/3658 [===========>..................] - ETA: 15s - loss: 573696.8594
1664/3658 [============>.................] - ETA: 14s - loss: 573709.7356
1792/3658 [=============>................] - ETA: 13s - loss: 573811.7991
1920/3658 [==============>...............] - ETA: 12s - loss: 573884.4125
2048/3658 [===============>..............] - ETA: 11s - loss: 573880.5742
2176/3658 [================>.............] - ETA: 10s - loss: 573804.3346
2304/3658 [=================>............] - ETA: 9s - loss: 574109.1424 
2432/3658 [==================>...........] - ETA: 9s - loss: 573776.4046
2560/3658 [===================>..........] - ETA: 8s - loss: 573812.6844
2688/3658 [=====================>........] - ETA: 7s - loss: 573713.3304
2816/3658 [======================>.......] - ETA: 6s - loss: 573420.7585
2944/3658 [=======================>......] - ETA: 5s - loss: 573339.1413
3072/3658 [========================>.....] - ETA: 4s - loss: 573210.8177
3200/3658 [=========================>....] - ETA: 3s - loss: 573185.7150
3328/3658 [==========================>...] - ETA: 2s - loss: 573156.7764
3456/3658 [===========================>..] - ETA: 1s - loss: 573160.6227
3584/3658 [============================>.] - ETA: 0s - loss: 572943.1853
3658/3658 [==============================] - 27s 7ms/step - loss: 573871.7950
Epoch 40/100

 128/3658 [>.............................] - ETA: 25s - loss: 570205.6875
 256/3658 [=>............................] - ETA: 24s - loss: 571292.0000
 384/3658 [==>...........................] - ETA: 23s - loss: 571498.9375
 512/3658 [===>..........................] - ETA: 22s - loss: 571696.9375
 640/3658 [====>.........................] - ETA: 21s - loss: 572304.3000
 768/3658 [=====>........................] - ETA: 21s - loss: 571908.9479
 896/3658 [======>.......................] - ETA: 20s - loss: 572140.0625
1024/3658 [=======>......................] - ETA: 19s - loss: 572830.7422
1152/3658 [========>.....................] - ETA: 18s - loss: 572711.7083
1280/3658 [=========>....................] - ETA: 17s - loss: 572531.8375
1408/3658 [==========>...................] - ETA: 16s - loss: 572831.5795
1536/3658 [===========>..................] - ETA: 15s - loss: 572345.5521
1664/3658 [============>.................] - ETA: 14s - loss: 571884.4423
1792/3658 [=============>................] - ETA: 13s - loss: 572125.8214
1920/3658 [==============>...............] - ETA: 12s - loss: 572248.6083
2048/3658 [===============>..............] - ETA: 11s - loss: 572383.5078
2176/3658 [================>.............] - ETA: 10s - loss: 572594.0000
2304/3658 [=================>............] - ETA: 9s - loss: 573122.4236 
2432/3658 [==================>...........] - ETA: 8s - loss: 572737.6316
2560/3658 [===================>..........] - ETA: 8s - loss: 572413.9969
2688/3658 [=====================>........] - ETA: 7s - loss: 572327.1071
2816/3658 [======================>.......] - ETA: 6s - loss: 572297.2273
2944/3658 [=======================>......] - ETA: 5s - loss: 572373.5707
3072/3658 [========================>.....] - ETA: 4s - loss: 572447.9609
3200/3658 [=========================>....] - ETA: 3s - loss: 572405.7325
3328/3658 [==========================>...] - ETA: 2s - loss: 572553.8365
3456/3658 [===========================>..] - ETA: 1s - loss: 572687.4468
3584/3658 [============================>.] - ETA: 0s - loss: 572519.8683
3658/3658 [==============================] - 27s 7ms/step - loss: 573339.0498
Epoch 41/100

 128/3658 [>.............................] - ETA: 26s - loss: 575339.3750
 256/3658 [=>............................] - ETA: 24s - loss: 574521.8125
 384/3658 [==>...........................] - ETA: 23s - loss: 574298.0417
 512/3658 [===>..........................] - ETA: 22s - loss: 574203.2031
 640/3658 [====>.........................] - ETA: 21s - loss: 573762.6875
 768/3658 [=====>........................] - ETA: 21s - loss: 573377.6354
 896/3658 [======>.......................] - ETA: 20s - loss: 573242.0982
1024/3658 [=======>......................] - ETA: 19s - loss: 572397.7734
1152/3658 [========>.....................] - ETA: 18s - loss: 572296.0903
1280/3658 [=========>....................] - ETA: 17s - loss: 571725.6562
1408/3658 [==========>...................] - ETA: 16s - loss: 571667.9205
1536/3658 [===========>..................] - ETA: 15s - loss: 572271.0052
1664/3658 [============>.................] - ETA: 14s - loss: 572628.8942
1792/3658 [=============>................] - ETA: 13s - loss: 572114.7500
1920/3658 [==============>...............] - ETA: 12s - loss: 572768.2000
2048/3658 [===============>..............] - ETA: 11s - loss: 572390.9453
2176/3658 [================>.............] - ETA: 10s - loss: 571933.5735
2304/3658 [=================>............] - ETA: 10s - loss: 572120.1701
2432/3658 [==================>...........] - ETA: 9s - loss: 572105.7039 
2560/3658 [===================>..........] - ETA: 8s - loss: 572097.0687
2688/3658 [=====================>........] - ETA: 7s - loss: 572265.2768
2816/3658 [======================>.......] - ETA: 6s - loss: 572269.7017
2944/3658 [=======================>......] - ETA: 5s - loss: 572287.3261
3072/3658 [========================>.....] - ETA: 4s - loss: 572333.9427
3200/3658 [=========================>....] - ETA: 3s - loss: 572429.2450
3328/3658 [==========================>...] - ETA: 2s - loss: 572469.8894
3456/3658 [===========================>..] - ETA: 1s - loss: 572488.1736
3584/3658 [============================>.] - ETA: 0s - loss: 572394.3683
3658/3658 [==============================] - 27s 7ms/step - loss: 573291.0381
Epoch 42/100

 128/3658 [>.............................] - ETA: 25s - loss: 566287.2500
 256/3658 [=>............................] - ETA: 25s - loss: 573116.6875
 384/3658 [==>...........................] - ETA: 23s - loss: 573572.3333
 512/3658 [===>..........................] - ETA: 23s - loss: 573150.1406
 640/3658 [====>.........................] - ETA: 22s - loss: 573798.4375
 768/3658 [=====>........................] - ETA: 21s - loss: 573606.2604
 896/3658 [======>.......................] - ETA: 20s - loss: 573564.3125
1024/3658 [=======>......................] - ETA: 19s - loss: 573303.0078
1152/3658 [========>.....................] - ETA: 18s - loss: 573510.4444
1280/3658 [=========>....................] - ETA: 17s - loss: 573313.7750
1408/3658 [==========>...................] - ETA: 16s - loss: 573336.0000
1536/3658 [===========>..................] - ETA: 15s - loss: 573022.9583
1664/3658 [============>.................] - ETA: 14s - loss: 572901.6587
1792/3658 [=============>................] - ETA: 13s - loss: 573094.3170
1920/3658 [==============>...............] - ETA: 12s - loss: 572931.7042
2048/3658 [===============>..............] - ETA: 11s - loss: 572513.6289
2176/3658 [================>.............] - ETA: 10s - loss: 572527.5515
2304/3658 [=================>............] - ETA: 9s - loss: 572461.6806 
2432/3658 [==================>...........] - ETA: 8s - loss: 572390.8586
2560/3658 [===================>..........] - ETA: 8s - loss: 572363.6719
2688/3658 [=====================>........] - ETA: 7s - loss: 572042.5030
2816/3658 [======================>.......] - ETA: 6s - loss: 572130.9489
2944/3658 [=======================>......] - ETA: 5s - loss: 572411.6413
3072/3658 [========================>.....] - ETA: 4s - loss: 572551.8932
3200/3658 [=========================>....] - ETA: 3s - loss: 572647.1175
3328/3658 [==========================>...] - ETA: 2s - loss: 572344.6562
3456/3658 [===========================>..] - ETA: 1s - loss: 572346.2292
3584/3658 [============================>.] - ETA: 0s - loss: 572126.1987
3658/3658 [==============================] - 27s 7ms/step - loss: 573009.5165
Epoch 43/100

 128/3658 [>.............................] - ETA: 25s - loss: 570989.3125
 256/3658 [=>............................] - ETA: 25s - loss: 572180.3750
 384/3658 [==>...........................] - ETA: 24s - loss: 572181.8333
 512/3658 [===>..........................] - ETA: 23s - loss: 571842.5312
 640/3658 [====>.........................] - ETA: 22s - loss: 572925.9500
 768/3658 [=====>........................] - ETA: 21s - loss: 571776.4375
 896/3658 [======>.......................] - ETA: 20s - loss: 571708.9464
1024/3658 [=======>......................] - ETA: 19s - loss: 572068.2891
1152/3658 [========>.....................] - ETA: 18s - loss: 572441.3750
1280/3658 [=========>....................] - ETA: 17s - loss: 572301.9125
1408/3658 [==========>...................] - ETA: 16s - loss: 573091.1875
1536/3658 [===========>..................] - ETA: 15s - loss: 572939.5156
1664/3658 [============>.................] - ETA: 14s - loss: 572460.4327
1792/3658 [=============>................] - ETA: 13s - loss: 572670.1473
1920/3658 [==============>...............] - ETA: 12s - loss: 572839.6958
2048/3658 [===============>..............] - ETA: 11s - loss: 572815.9141
2176/3658 [================>.............] - ETA: 10s - loss: 572790.8235
2304/3658 [=================>............] - ETA: 10s - loss: 572431.5069
2432/3658 [==================>...........] - ETA: 9s - loss: 572272.4671 
2560/3658 [===================>..........] - ETA: 8s - loss: 572387.5625
2688/3658 [=====================>........] - ETA: 7s - loss: 572277.7798
2816/3658 [======================>.......] - ETA: 6s - loss: 572219.4830
2944/3658 [=======================>......] - ETA: 5s - loss: 571896.1929
3072/3658 [========================>.....] - ETA: 4s - loss: 571950.4453
3200/3658 [=========================>....] - ETA: 3s - loss: 571929.7175
3328/3658 [==========================>...] - ETA: 2s - loss: 572055.1851
3456/3658 [===========================>..] - ETA: 1s - loss: 572059.6968
3584/3658 [============================>.] - ETA: 0s - loss: 571789.1317
3658/3658 [==============================] - 27s 7ms/step - loss: 572650.1693
Epoch 44/100

 128/3658 [>.............................] - ETA: 25s - loss: 563980.3125
 256/3658 [=>............................] - ETA: 24s - loss: 566527.3438
 384/3658 [==>...........................] - ETA: 23s - loss: 568828.7292
 512/3658 [===>..........................] - ETA: 23s - loss: 569489.7031
 640/3658 [====>.........................] - ETA: 22s - loss: 569775.7750
 768/3658 [=====>........................] - ETA: 21s - loss: 570295.1458
 896/3658 [======>.......................] - ETA: 20s - loss: 570124.3482
1024/3658 [=======>......................] - ETA: 19s - loss: 570590.1250
1152/3658 [========>.....................] - ETA: 18s - loss: 570609.8611
1280/3658 [=========>....................] - ETA: 17s - loss: 570847.2125
1408/3658 [==========>...................] - ETA: 16s - loss: 570392.0114
1536/3658 [===========>..................] - ETA: 15s - loss: 570808.5104
1664/3658 [============>.................] - ETA: 14s - loss: 571525.2212
1792/3658 [=============>................] - ETA: 13s - loss: 571054.3482
1920/3658 [==============>...............] - ETA: 13s - loss: 571019.5292
2048/3658 [===============>..............] - ETA: 12s - loss: 571253.3867
2176/3658 [================>.............] - ETA: 11s - loss: 571488.8787
2304/3658 [=================>............] - ETA: 10s - loss: 571473.5903
2432/3658 [==================>...........] - ETA: 9s - loss: 571590.7566 
2560/3658 [===================>..........] - ETA: 8s - loss: 571558.2156
2688/3658 [=====================>........] - ETA: 7s - loss: 571507.9673
2816/3658 [======================>.......] - ETA: 6s - loss: 571574.5511
2944/3658 [=======================>......] - ETA: 5s - loss: 571569.1902
3072/3658 [========================>.....] - ETA: 4s - loss: 571842.6510
3200/3658 [=========================>....] - ETA: 3s - loss: 571639.8325
3328/3658 [==========================>...] - ETA: 2s - loss: 571628.8365
3456/3658 [===========================>..] - ETA: 1s - loss: 571393.6019
3584/3658 [============================>.] - ETA: 0s - loss: 571516.8795
3658/3658 [==============================] - 27s 7ms/step - loss: 572383.7849
Epoch 45/100

 128/3658 [>.............................] - ETA: 24s - loss: 564534.2500
 256/3658 [=>............................] - ETA: 24s - loss: 569029.9375
 384/3658 [==>...........................] - ETA: 23s - loss: 569768.7917
 512/3658 [===>..........................] - ETA: 22s - loss: 569747.7031
 640/3658 [====>.........................] - ETA: 21s - loss: 570834.5750
 768/3658 [=====>........................] - ETA: 20s - loss: 571064.5000
 896/3658 [======>.......................] - ETA: 19s - loss: 571442.3393
1024/3658 [=======>......................] - ETA: 19s - loss: 571369.9375
1152/3658 [========>.....................] - ETA: 18s - loss: 571365.9444
1280/3658 [=========>....................] - ETA: 17s - loss: 571298.4437
1408/3658 [==========>...................] - ETA: 16s - loss: 571215.6080
1536/3658 [===========>..................] - ETA: 15s - loss: 570713.0052
1664/3658 [============>.................] - ETA: 14s - loss: 570698.8510
1792/3658 [=============>................] - ETA: 13s - loss: 570954.9598
1920/3658 [==============>...............] - ETA: 12s - loss: 571008.9542
2048/3658 [===============>..............] - ETA: 11s - loss: 571239.0000
2176/3658 [================>.............] - ETA: 10s - loss: 570880.9412
2304/3658 [=================>............] - ETA: 9s - loss: 570531.3576 
2432/3658 [==================>...........] - ETA: 8s - loss: 570425.3092
2560/3658 [===================>..........] - ETA: 8s - loss: 570572.5125
2688/3658 [=====================>........] - ETA: 7s - loss: 570691.8006
2816/3658 [======================>.......] - ETA: 6s - loss: 570626.2131
2944/3658 [=======================>......] - ETA: 5s - loss: 570758.4212
3072/3658 [========================>.....] - ETA: 4s - loss: 570760.6536
3200/3658 [=========================>....] - ETA: 3s - loss: 570506.7800
3328/3658 [==========================>...] - ETA: 2s - loss: 570877.7308
3456/3658 [===========================>..] - ETA: 1s - loss: 571015.3148
3584/3658 [============================>.] - ETA: 0s - loss: 571224.8036
3658/3658 [==============================] - 27s 7ms/step - loss: 571999.4179
Epoch 46/100

 128/3658 [>.............................] - ETA: 25s - loss: 570876.5625
 256/3658 [=>............................] - ETA: 25s - loss: 568642.2500
 384/3658 [==>...........................] - ETA: 24s - loss: 567903.1042
 512/3658 [===>..........................] - ETA: 23s - loss: 568750.3594
 640/3658 [====>.........................] - ETA: 22s - loss: 569898.0375
 768/3658 [=====>........................] - ETA: 21s - loss: 570390.1354
 896/3658 [======>.......................] - ETA: 20s - loss: 571487.9375
1024/3658 [=======>......................] - ETA: 19s - loss: 571318.4766
1152/3658 [========>.....................] - ETA: 18s - loss: 571673.6597
1280/3658 [=========>....................] - ETA: 17s - loss: 572203.4812
1408/3658 [==========>...................] - ETA: 16s - loss: 571866.5852
1536/3658 [===========>..................] - ETA: 15s - loss: 571372.0885
1664/3658 [============>.................] - ETA: 14s - loss: 571591.7740
1792/3658 [=============>................] - ETA: 13s - loss: 571735.8259
1920/3658 [==============>...............] - ETA: 12s - loss: 571656.1458
2048/3658 [===============>..............] - ETA: 11s - loss: 571231.1641
2176/3658 [================>.............] - ETA: 10s - loss: 571292.8235
2304/3658 [=================>............] - ETA: 9s - loss: 570852.7014 
2432/3658 [==================>...........] - ETA: 9s - loss: 570891.8224
2560/3658 [===================>..........] - ETA: 8s - loss: 570966.6438
2688/3658 [=====================>........] - ETA: 7s - loss: 570832.1845
2816/3658 [======================>.......] - ETA: 6s - loss: 570815.9119
2944/3658 [=======================>......] - ETA: 5s - loss: 570760.1875
3072/3658 [========================>.....] - ETA: 4s - loss: 570796.9010
3200/3658 [=========================>....] - ETA: 3s - loss: 570940.1950
3328/3658 [==========================>...] - ETA: 2s - loss: 571033.4712
3456/3658 [===========================>..] - ETA: 1s - loss: 570977.4884
3584/3658 [============================>.] - ETA: 0s - loss: 570966.9487
3658/3658 [==============================] - 27s 7ms/step - loss: 571751.0983
Epoch 47/100

 128/3658 [>.............................] - ETA: 26s - loss: 575408.3750
 256/3658 [=>............................] - ETA: 25s - loss: 573157.8750
 384/3658 [==>...........................] - ETA: 24s - loss: 571063.3333
 512/3658 [===>..........................] - ETA: 23s - loss: 570924.3125
 640/3658 [====>.........................] - ETA: 22s - loss: 571266.1125
 768/3658 [=====>........................] - ETA: 21s - loss: 570172.7188
 896/3658 [======>.......................] - ETA: 20s - loss: 569375.9911
1024/3658 [=======>......................] - ETA: 19s - loss: 569393.3828
1152/3658 [========>.....................] - ETA: 18s - loss: 569517.3542
1280/3658 [=========>....................] - ETA: 17s - loss: 569666.4500
1408/3658 [==========>...................] - ETA: 16s - loss: 569160.0511
1536/3658 [===========>..................] - ETA: 15s - loss: 568558.9948
1664/3658 [============>.................] - ETA: 14s - loss: 569502.8654
1792/3658 [=============>................] - ETA: 13s - loss: 569835.0045
1920/3658 [==============>...............] - ETA: 12s - loss: 569992.1833
2048/3658 [===============>..............] - ETA: 11s - loss: 570196.5938
2176/3658 [================>.............] - ETA: 11s - loss: 570061.9963
2304/3658 [=================>............] - ETA: 10s - loss: 570028.2812
2432/3658 [==================>...........] - ETA: 9s - loss: 570028.6086 
2560/3658 [===================>..........] - ETA: 8s - loss: 569992.5406
2688/3658 [=====================>........] - ETA: 7s - loss: 570050.7560
2816/3658 [======================>.......] - ETA: 6s - loss: 570039.5710
2944/3658 [=======================>......] - ETA: 5s - loss: 570199.0924
3072/3658 [========================>.....] - ETA: 4s - loss: 570381.8724
3200/3658 [=========================>....] - ETA: 3s - loss: 570332.4075
3328/3658 [==========================>...] - ETA: 2s - loss: 570470.0361
3456/3658 [===========================>..] - ETA: 1s - loss: 570536.0532
3584/3658 [============================>.] - ETA: 0s - loss: 570498.7634
3658/3658 [==============================] - 27s 7ms/step - loss: 571340.5055
Epoch 48/100

 128/3658 [>.............................] - ETA: 26s - loss: 571149.4375
 256/3658 [=>............................] - ETA: 25s - loss: 573823.1250
 384/3658 [==>...........................] - ETA: 24s - loss: 573283.5000
 512/3658 [===>..........................] - ETA: 23s - loss: 572953.1562
 640/3658 [====>.........................] - ETA: 22s - loss: 572523.0250
 768/3658 [=====>........................] - ETA: 21s - loss: 572765.9583
 896/3658 [======>.......................] - ETA: 20s - loss: 572421.8482
1024/3658 [=======>......................] - ETA: 19s - loss: 571952.1641
1152/3658 [========>.....................] - ETA: 18s - loss: 571829.7361
1280/3658 [=========>....................] - ETA: 17s - loss: 571811.4812
1408/3658 [==========>...................] - ETA: 16s - loss: 571608.6080
1536/3658 [===========>..................] - ETA: 15s - loss: 571429.2917
1664/3658 [============>.................] - ETA: 14s - loss: 570947.6058
1792/3658 [=============>................] - ETA: 13s - loss: 571164.8482
1920/3658 [==============>...............] - ETA: 12s - loss: 571044.1000
2048/3658 [===============>..............] - ETA: 11s - loss: 571312.4219
2176/3658 [================>.............] - ETA: 10s - loss: 570917.1765
2304/3658 [=================>............] - ETA: 9s - loss: 570781.5799 
2432/3658 [==================>...........] - ETA: 9s - loss: 570487.1743
2560/3658 [===================>..........] - ETA: 8s - loss: 570561.3719
2688/3658 [=====================>........] - ETA: 7s - loss: 570192.9702
2816/3658 [======================>.......] - ETA: 6s - loss: 570293.6989
2944/3658 [=======================>......] - ETA: 5s - loss: 570267.3614
3072/3658 [========================>.....] - ETA: 4s - loss: 570535.5339
3200/3658 [=========================>....] - ETA: 3s - loss: 570232.7275
3328/3658 [==========================>...] - ETA: 2s - loss: 570193.0168
3456/3658 [===========================>..] - ETA: 1s - loss: 570265.9861
3584/3658 [============================>.] - ETA: 0s - loss: 570368.9844
3658/3658 [==============================] - 27s 7ms/step - loss: 571194.6041
Epoch 49/100

 128/3658 [>.............................] - ETA: 25s - loss: 573700.0000
 256/3658 [=>............................] - ETA: 25s - loss: 571668.1250
 384/3658 [==>...........................] - ETA: 23s - loss: 569607.9167
 512/3658 [===>..........................] - ETA: 23s - loss: 568434.6875
 640/3658 [====>.........................] - ETA: 22s - loss: 568756.7000
 768/3658 [=====>........................] - ETA: 21s - loss: 569332.1250
 896/3658 [======>.......................] - ETA: 20s - loss: 569884.3304
1024/3658 [=======>......................] - ETA: 19s - loss: 569656.2656
1152/3658 [========>.....................] - ETA: 18s - loss: 568802.2014
1280/3658 [=========>....................] - ETA: 17s - loss: 568670.4812
1408/3658 [==========>...................] - ETA: 16s - loss: 569704.4205
1536/3658 [===========>..................] - ETA: 15s - loss: 570131.7604
1664/3658 [============>.................] - ETA: 14s - loss: 570310.7885
1792/3658 [=============>................] - ETA: 13s - loss: 569755.0268
1920/3658 [==============>...............] - ETA: 12s - loss: 570035.5083
2048/3658 [===============>..............] - ETA: 11s - loss: 570231.4453
2176/3658 [================>.............] - ETA: 10s - loss: 570288.7941
2304/3658 [=================>............] - ETA: 9s - loss: 570263.3819 
2432/3658 [==================>...........] - ETA: 9s - loss: 570212.3224
2560/3658 [===================>..........] - ETA: 8s - loss: 570189.8281
2688/3658 [=====================>........] - ETA: 7s - loss: 570234.9792
2816/3658 [======================>.......] - ETA: 6s - loss: 569981.8153
2944/3658 [=======================>......] - ETA: 5s - loss: 570086.5408
3072/3658 [========================>.....] - ETA: 4s - loss: 570102.8464
3200/3658 [=========================>....] - ETA: 3s - loss: 570149.7075
3328/3658 [==========================>...] - ETA: 2s - loss: 570128.3678
3456/3658 [===========================>..] - ETA: 1s - loss: 570090.4421
3584/3658 [============================>.] - ETA: 0s - loss: 570045.8036
3658/3658 [==============================] - 27s 7ms/step - loss: 570853.9018
Epoch 50/100

 128/3658 [>.............................] - ETA: 26s - loss: 574611.8125
 256/3658 [=>............................] - ETA: 25s - loss: 570770.6875
 384/3658 [==>...........................] - ETA: 23s - loss: 570508.0625
 512/3658 [===>..........................] - ETA: 22s - loss: 570954.0625
 640/3658 [====>.........................] - ETA: 21s - loss: 572120.0875
 768/3658 [=====>........................] - ETA: 21s - loss: 571085.5833
 896/3658 [======>.......................] - ETA: 20s - loss: 570429.7143
1024/3658 [=======>......................] - ETA: 19s - loss: 570589.9375
1152/3658 [========>.....................] - ETA: 18s - loss: 570795.1389
1280/3658 [=========>....................] - ETA: 17s - loss: 571164.7625
1408/3658 [==========>...................] - ETA: 16s - loss: 570431.7159
1536/3658 [===========>..................] - ETA: 15s - loss: 569791.6667
1664/3658 [============>.................] - ETA: 14s - loss: 569848.7596
1792/3658 [=============>................] - ETA: 13s - loss: 569949.5089
1920/3658 [==============>...............] - ETA: 12s - loss: 570137.3333
2048/3658 [===============>..............] - ETA: 11s - loss: 570072.3203
2176/3658 [================>.............] - ETA: 10s - loss: 570103.2721
2304/3658 [=================>............] - ETA: 9s - loss: 570097.1042 
2432/3658 [==================>...........] - ETA: 9s - loss: 569961.7697
2560/3658 [===================>..........] - ETA: 8s - loss: 569654.5312
2688/3658 [=====================>........] - ETA: 7s - loss: 569830.6280
2816/3658 [======================>.......] - ETA: 6s - loss: 569901.4801
2944/3658 [=======================>......] - ETA: 5s - loss: 569993.9212
3072/3658 [========================>.....] - ETA: 4s - loss: 570134.8047
3200/3658 [=========================>....] - ETA: 3s - loss: 570092.5450
3328/3658 [==========================>...] - ETA: 2s - loss: 570036.2115
3456/3658 [===========================>..] - ETA: 1s - loss: 569986.7824
3584/3658 [============================>.] - ETA: 0s - loss: 569959.9710
3658/3658 [==============================] - 27s 7ms/step - loss: 570756.7511
Epoch 51/100

 128/3658 [>.............................] - ETA: 26s - loss: 563481.7500
 256/3658 [=>............................] - ETA: 25s - loss: 566803.9688
 384/3658 [==>...........................] - ETA: 24s - loss: 566939.8542
 512/3658 [===>..........................] - ETA: 23s - loss: 568626.9219
 640/3658 [====>.........................] - ETA: 22s - loss: 568702.5250
 768/3658 [=====>........................] - ETA: 21s - loss: 569978.1042
 896/3658 [======>.......................] - ETA: 20s - loss: 569775.1786
1024/3658 [=======>......................] - ETA: 19s - loss: 568992.0078
1152/3658 [========>.....................] - ETA: 18s - loss: 569007.0764
1280/3658 [=========>....................] - ETA: 17s - loss: 569222.4688
1408/3658 [==========>...................] - ETA: 16s - loss: 569353.9943
1536/3658 [===========>..................] - ETA: 15s - loss: 569257.5208
1664/3658 [============>.................] - ETA: 14s - loss: 569311.3846
1792/3658 [=============>................] - ETA: 13s - loss: 569357.6696
1920/3658 [==============>...............] - ETA: 12s - loss: 569050.2750
2048/3658 [===============>..............] - ETA: 11s - loss: 569263.3750
2176/3658 [================>.............] - ETA: 10s - loss: 569310.0441
2304/3658 [=================>............] - ETA: 9s - loss: 569262.1632 
2432/3658 [==================>...........] - ETA: 9s - loss: 569028.1941
2560/3658 [===================>..........] - ETA: 8s - loss: 569352.9375
2688/3658 [=====================>........] - ETA: 7s - loss: 569474.0536
2816/3658 [======================>.......] - ETA: 6s - loss: 569362.3977
2944/3658 [=======================>......] - ETA: 5s - loss: 569524.5897
3072/3658 [========================>.....] - ETA: 4s - loss: 569553.8854
3200/3658 [=========================>....] - ETA: 3s - loss: 569287.8400
3328/3658 [==========================>...] - ETA: 2s - loss: 569458.0505
3456/3658 [===========================>..] - ETA: 1s - loss: 569608.6690
3584/3658 [============================>.] - ETA: 0s - loss: 569664.9710
3658/3658 [==============================] - 27s 7ms/step - loss: 570446.4625
Epoch 52/100

 128/3658 [>.............................] - ETA: 26s - loss: 573969.8750
 256/3658 [=>............................] - ETA: 25s - loss: 571461.4375
 384/3658 [==>...........................] - ETA: 24s - loss: 569450.7708
 512/3658 [===>..........................] - ETA: 23s - loss: 569977.6406
 640/3658 [====>.........................] - ETA: 22s - loss: 569361.7875
 768/3658 [=====>........................] - ETA: 21s - loss: 569803.7604
 896/3658 [======>.......................] - ETA: 20s - loss: 570368.6964
1024/3658 [=======>......................] - ETA: 19s - loss: 570425.6250
1152/3658 [========>.....................] - ETA: 18s - loss: 569737.6667
1280/3658 [=========>....................] - ETA: 17s - loss: 569725.4000
1408/3658 [==========>...................] - ETA: 16s - loss: 569917.9943
1536/3658 [===========>..................] - ETA: 15s - loss: 569934.1302
1664/3658 [============>.................] - ETA: 14s - loss: 570585.7644
1792/3658 [=============>................] - ETA: 13s - loss: 570582.9509
1920/3658 [==============>...............] - ETA: 12s - loss: 570464.9292
2048/3658 [===============>..............] - ETA: 11s - loss: 570367.6523
2176/3658 [================>.............] - ETA: 10s - loss: 570451.4522
2304/3658 [=================>............] - ETA: 9s - loss: 570466.0590 
2432/3658 [==================>...........] - ETA: 8s - loss: 570308.1974
2560/3658 [===================>..........] - ETA: 8s - loss: 570232.4906
2688/3658 [=====================>........] - ETA: 7s - loss: 570366.5208
2816/3658 [======================>.......] - ETA: 6s - loss: 570321.9290
2944/3658 [=======================>......] - ETA: 5s - loss: 570102.6821
3072/3658 [========================>.....] - ETA: 4s - loss: 570120.4896
3200/3658 [=========================>....] - ETA: 3s - loss: 570082.8775
3328/3658 [==========================>...] - ETA: 2s - loss: 569787.4591
3456/3658 [===========================>..] - ETA: 1s - loss: 569542.9190
3584/3658 [============================>.] - ETA: 0s - loss: 569614.1228
3658/3658 [==============================] - 27s 7ms/step - loss: 570372.3965
Epoch 53/100

 128/3658 [>.............................] - ETA: 26s - loss: 560689.8125
 256/3658 [=>............................] - ETA: 25s - loss: 561944.3750
 384/3658 [==>...........................] - ETA: 24s - loss: 565775.6667
 512/3658 [===>..........................] - ETA: 23s - loss: 567312.6562
 640/3658 [====>.........................] - ETA: 22s - loss: 567879.4500
 768/3658 [=====>........................] - ETA: 21s - loss: 567838.3438
 896/3658 [======>.......................] - ETA: 20s - loss: 567972.7857
1024/3658 [=======>......................] - ETA: 19s - loss: 568911.1562
1152/3658 [========>.....................] - ETA: 18s - loss: 569037.9931
1280/3658 [=========>....................] - ETA: 17s - loss: 568476.7688
1408/3658 [==========>...................] - ETA: 16s - loss: 568842.3807
1536/3658 [===========>..................] - ETA: 15s - loss: 568433.3958
1664/3658 [============>.................] - ETA: 14s - loss: 568663.2596
1792/3658 [=============>................] - ETA: 13s - loss: 568998.3214
1920/3658 [==============>...............] - ETA: 12s - loss: 568976.9417
2048/3658 [===============>..............] - ETA: 11s - loss: 568993.1289
2176/3658 [================>.............] - ETA: 10s - loss: 568909.7978
2304/3658 [=================>............] - ETA: 9s - loss: 569156.7951 
2432/3658 [==================>...........] - ETA: 8s - loss: 569165.5625
2560/3658 [===================>..........] - ETA: 8s - loss: 569287.7344
2688/3658 [=====================>........] - ETA: 7s - loss: 569693.7946
2816/3658 [======================>.......] - ETA: 6s - loss: 569798.1136
2944/3658 [=======================>......] - ETA: 5s - loss: 569848.0027
3072/3658 [========================>.....] - ETA: 4s - loss: 569643.0078
3200/3658 [=========================>....] - ETA: 3s - loss: 569639.9025
3328/3658 [==========================>...] - ETA: 2s - loss: 569665.3870
3456/3658 [===========================>..] - ETA: 1s - loss: 569579.0694
3584/3658 [============================>.] - ETA: 0s - loss: 569627.4420
3658/3658 [==============================] - 27s 7ms/step - loss: 570388.3454
Epoch 54/100

 128/3658 [>.............................] - ETA: 25s - loss: 562586.5625
 256/3658 [=>............................] - ETA: 24s - loss: 568236.7812
 384/3658 [==>...........................] - ETA: 23s - loss: 568561.8125
 512/3658 [===>..........................] - ETA: 22s - loss: 569785.2656
 640/3658 [====>.........................] - ETA: 21s - loss: 570260.2750
 768/3658 [=====>........................] - ETA: 21s - loss: 569210.0000
 896/3658 [======>.......................] - ETA: 20s - loss: 569617.3214
1024/3658 [=======>......................] - ETA: 19s - loss: 569564.2266
1152/3658 [========>.....................] - ETA: 18s - loss: 569632.9306
1280/3658 [=========>....................] - ETA: 17s - loss: 569984.6250
1408/3658 [==========>...................] - ETA: 16s - loss: 570146.6023
1536/3658 [===========>..................] - ETA: 15s - loss: 570344.3438
1664/3658 [============>.................] - ETA: 14s - loss: 570246.1538
1792/3658 [=============>................] - ETA: 13s - loss: 570220.3036
1920/3658 [==============>...............] - ETA: 12s - loss: 570263.8583
2048/3658 [===============>..............] - ETA: 11s - loss: 569952.3281
2176/3658 [================>.............] - ETA: 10s - loss: 569887.6765
2304/3658 [=================>............] - ETA: 9s - loss: 569648.2431 
2432/3658 [==================>...........] - ETA: 8s - loss: 569637.1053
2560/3658 [===================>..........] - ETA: 8s - loss: 569848.3438
2688/3658 [=====================>........] - ETA: 7s - loss: 569902.2143
2816/3658 [======================>.......] - ETA: 6s - loss: 570365.0795
2944/3658 [=======================>......] - ETA: 5s - loss: 570255.2826
3072/3658 [========================>.....] - ETA: 4s - loss: 570296.3229
3200/3658 [=========================>....] - ETA: 3s - loss: 569973.8950
3328/3658 [==========================>...] - ETA: 2s - loss: 569960.6106
3456/3658 [===========================>..] - ETA: 1s - loss: 569851.7778
3584/3658 [============================>.] - ETA: 0s - loss: 569835.6920
3658/3658 [==============================] - 27s 7ms/step - loss: 570568.4636
Epoch 55/100

 128/3658 [>.............................] - ETA: 25s - loss: 570028.0000
 256/3658 [=>............................] - ETA: 24s - loss: 568217.0000
 384/3658 [==>...........................] - ETA: 23s - loss: 569482.4583
 512/3658 [===>..........................] - ETA: 22s - loss: 570085.0625
 640/3658 [====>.........................] - ETA: 21s - loss: 569141.3250
 768/3658 [=====>........................] - ETA: 20s - loss: 568956.0000
 896/3658 [======>.......................] - ETA: 19s - loss: 569520.0982
1024/3658 [=======>......................] - ETA: 18s - loss: 569967.8203
1152/3658 [========>.....................] - ETA: 18s - loss: 569896.7986
1280/3658 [=========>....................] - ETA: 17s - loss: 569806.6188
1408/3658 [==========>...................] - ETA: 16s - loss: 569511.6989
1536/3658 [===========>..................] - ETA: 15s - loss: 568871.6667
1664/3658 [============>.................] - ETA: 14s - loss: 568974.4519
1792/3658 [=============>................] - ETA: 13s - loss: 568479.4018
1920/3658 [==============>...............] - ETA: 12s - loss: 568705.3208
2048/3658 [===============>..............] - ETA: 11s - loss: 568956.7461
2176/3658 [================>.............] - ETA: 10s - loss: 568614.4706
2304/3658 [=================>............] - ETA: 9s - loss: 568833.8750 
2432/3658 [==================>...........] - ETA: 8s - loss: 568828.5724
2560/3658 [===================>..........] - ETA: 7s - loss: 568802.5094
2688/3658 [=====================>........] - ETA: 7s - loss: 568896.5238
2816/3658 [======================>.......] - ETA: 6s - loss: 568956.4034
2944/3658 [=======================>......] - ETA: 5s - loss: 569249.5136
3072/3658 [========================>.....] - ETA: 4s - loss: 569214.6172
3200/3658 [=========================>....] - ETA: 3s - loss: 569056.1475
3328/3658 [==========================>...] - ETA: 2s - loss: 569360.5096
3456/3658 [===========================>..] - ETA: 1s - loss: 569362.2778
3584/3658 [============================>.] - ETA: 0s - loss: 569332.1161
3658/3658 [==============================] - 27s 7ms/step - loss: 570092.5393
Epoch 56/100

 128/3658 [>.............................] - ETA: 27s - loss: 563358.7500
 256/3658 [=>............................] - ETA: 25s - loss: 567080.3125
 384/3658 [==>...........................] - ETA: 24s - loss: 569208.7292
 512/3658 [===>..........................] - ETA: 23s - loss: 569197.0625
 640/3658 [====>.........................] - ETA: 22s - loss: 569484.5250
 768/3658 [=====>........................] - ETA: 21s - loss: 568213.5833
 896/3658 [======>.......................] - ETA: 20s - loss: 567963.0714
1024/3658 [=======>......................] - ETA: 19s - loss: 568510.1250
1152/3658 [========>.....................] - ETA: 18s - loss: 567999.7222
1280/3658 [=========>....................] - ETA: 17s - loss: 567504.6438
1408/3658 [==========>...................] - ETA: 16s - loss: 567799.6023
1536/3658 [===========>..................] - ETA: 15s - loss: 567835.4375
1664/3658 [============>.................] - ETA: 14s - loss: 567866.3077
1792/3658 [=============>................] - ETA: 13s - loss: 568304.3750
1920/3658 [==============>...............] - ETA: 12s - loss: 567872.1083
2048/3658 [===============>..............] - ETA: 11s - loss: 568137.3125
2176/3658 [================>.............] - ETA: 11s - loss: 568649.0956
2304/3658 [=================>............] - ETA: 10s - loss: 568780.1458
2432/3658 [==================>...........] - ETA: 9s - loss: 568806.9211 
2560/3658 [===================>..........] - ETA: 8s - loss: 568864.5375
2688/3658 [=====================>........] - ETA: 7s - loss: 568867.7589
2816/3658 [======================>.......] - ETA: 6s - loss: 568906.5824
2944/3658 [=======================>......] - ETA: 5s - loss: 568818.7038
3072/3658 [========================>.....] - ETA: 4s - loss: 568939.9089
3200/3658 [=========================>....] - ETA: 3s - loss: 569037.3825
3328/3658 [==========================>...] - ETA: 2s - loss: 569015.5889
3456/3658 [===========================>..] - ETA: 1s - loss: 568982.9514
3584/3658 [============================>.] - ETA: 0s - loss: 569034.7701
3658/3658 [==============================] - 27s 7ms/step - loss: 569730.4516
Epoch 57/100

 128/3658 [>.............................] - ETA: 26s - loss: 564163.3125
 256/3658 [=>............................] - ETA: 24s - loss: 567004.0000
 384/3658 [==>...........................] - ETA: 24s - loss: 565394.2292
 512/3658 [===>..........................] - ETA: 23s - loss: 566091.8281
 640/3658 [====>.........................] - ETA: 22s - loss: 566599.5500
 768/3658 [=====>........................] - ETA: 21s - loss: 568103.8333
 896/3658 [======>.......................] - ETA: 20s - loss: 568153.7321
1024/3658 [=======>......................] - ETA: 19s - loss: 568187.0000
1152/3658 [========>.....................] - ETA: 18s - loss: 568526.6528
1280/3658 [=========>....................] - ETA: 17s - loss: 568708.7375
1408/3658 [==========>...................] - ETA: 16s - loss: 568179.0852
1536/3658 [===========>..................] - ETA: 15s - loss: 567784.5156
1664/3658 [============>.................] - ETA: 14s - loss: 567913.0144
1792/3658 [=============>................] - ETA: 13s - loss: 568110.9509
1920/3658 [==============>...............] - ETA: 12s - loss: 568135.0292
2048/3658 [===============>..............] - ETA: 11s - loss: 568132.2930
2176/3658 [================>.............] - ETA: 10s - loss: 568119.8272
2304/3658 [=================>............] - ETA: 9s - loss: 567796.8229 
2432/3658 [==================>...........] - ETA: 9s - loss: 567984.8257
2560/3658 [===================>..........] - ETA: 8s - loss: 568115.4844
2688/3658 [=====================>........] - ETA: 7s - loss: 568191.5238
2816/3658 [======================>.......] - ETA: 6s - loss: 568366.2273
2944/3658 [=======================>......] - ETA: 5s - loss: 568650.6630
3072/3658 [========================>.....] - ETA: 4s - loss: 568734.1641
3200/3658 [=========================>....] - ETA: 3s - loss: 568892.5100
3328/3658 [==========================>...] - ETA: 2s - loss: 568783.4832
3456/3658 [===========================>..] - ETA: 1s - loss: 568741.0880
3584/3658 [============================>.] - ETA: 0s - loss: 568641.7879
3658/3658 [==============================] - 27s 7ms/step - loss: 569362.5602
Epoch 58/100

 128/3658 [>.............................] - ETA: 25s - loss: 569098.2500
 256/3658 [=>............................] - ETA: 24s - loss: 570030.7500
 384/3658 [==>...........................] - ETA: 23s - loss: 571263.6250
 512/3658 [===>..........................] - ETA: 22s - loss: 571353.6875
 640/3658 [====>.........................] - ETA: 21s - loss: 570828.7750
 768/3658 [=====>........................] - ETA: 20s - loss: 570827.3958
 896/3658 [======>.......................] - ETA: 20s - loss: 569759.9554
1024/3658 [=======>......................] - ETA: 19s - loss: 569639.7578
1152/3658 [========>.....................] - ETA: 18s - loss: 569836.2014
1280/3658 [=========>....................] - ETA: 17s - loss: 570455.2438
1408/3658 [==========>...................] - ETA: 16s - loss: 569736.8864
1536/3658 [===========>..................] - ETA: 15s - loss: 569913.5781
1664/3658 [============>.................] - ETA: 14s - loss: 569933.9663
1792/3658 [=============>................] - ETA: 13s - loss: 569823.1295
1920/3658 [==============>...............] - ETA: 12s - loss: 569711.5292
2048/3658 [===============>..............] - ETA: 11s - loss: 569806.0898
2176/3658 [================>.............] - ETA: 10s - loss: 569568.0699
2304/3658 [=================>............] - ETA: 9s - loss: 569701.7118 
2432/3658 [==================>...........] - ETA: 8s - loss: 569447.4112
2560/3658 [===================>..........] - ETA: 7s - loss: 569486.2219
2688/3658 [=====================>........] - ETA: 7s - loss: 569205.3720
2816/3658 [======================>.......] - ETA: 6s - loss: 569116.6108
2944/3658 [=======================>......] - ETA: 5s - loss: 569108.1793
3072/3658 [========================>.....] - ETA: 4s - loss: 568856.4010
3200/3658 [=========================>....] - ETA: 3s - loss: 568640.5150
3328/3658 [==========================>...] - ETA: 2s - loss: 568621.1010
3456/3658 [===========================>..] - ETA: 1s - loss: 568844.5093
3584/3658 [============================>.] - ETA: 0s - loss: 568892.2991
3658/3658 [==============================] - 27s 7ms/step - loss: 569622.2048
Epoch 59/100

 128/3658 [>.............................] - ETA: 26s - loss: 572916.6250
 256/3658 [=>............................] - ETA: 25s - loss: 567517.8125
 384/3658 [==>...........................] - ETA: 23s - loss: 568097.5000
 512/3658 [===>..........................] - ETA: 23s - loss: 568966.5469
 640/3658 [====>.........................] - ETA: 22s - loss: 568811.4250
 768/3658 [=====>........................] - ETA: 21s - loss: 569062.7083
 896/3658 [======>.......................] - ETA: 20s - loss: 568064.2411
1024/3658 [=======>......................] - ETA: 19s - loss: 567459.2422
1152/3658 [========>.....................] - ETA: 18s - loss: 567609.9514
1280/3658 [=========>....................] - ETA: 17s - loss: 567154.7937
1408/3658 [==========>...................] - ETA: 16s - loss: 567244.4602
1536/3658 [===========>..................] - ETA: 15s - loss: 567787.9115
1664/3658 [============>.................] - ETA: 14s - loss: 567675.8510
1792/3658 [=============>................] - ETA: 13s - loss: 567518.7455
1920/3658 [==============>...............] - ETA: 12s - loss: 567834.7292
2048/3658 [===============>..............] - ETA: 11s - loss: 568437.5742
2176/3658 [================>.............] - ETA: 10s - loss: 568333.1581
2304/3658 [=================>............] - ETA: 9s - loss: 568435.6319 
2432/3658 [==================>...........] - ETA: 8s - loss: 568613.2566
2560/3658 [===================>..........] - ETA: 8s - loss: 568363.8031
2688/3658 [=====================>........] - ETA: 7s - loss: 568470.1161
2816/3658 [======================>.......] - ETA: 6s - loss: 568496.7528
2944/3658 [=======================>......] - ETA: 5s - loss: 568611.1929
3072/3658 [========================>.....] - ETA: 4s - loss: 568664.7057
3200/3658 [=========================>....] - ETA: 3s - loss: 568686.8025
3328/3658 [==========================>...] - ETA: 2s - loss: 568675.7404
3456/3658 [===========================>..] - ETA: 1s - loss: 568651.5185
3584/3658 [============================>.] - ETA: 0s - loss: 568650.8281
3658/3658 [==============================] - 27s 7ms/step - loss: 569379.3525
Epoch 60/100

 128/3658 [>.............................] - ETA: 25s - loss: 571849.7500
 256/3658 [=>............................] - ETA: 24s - loss: 568842.8750
 384/3658 [==>...........................] - ETA: 23s - loss: 569389.3125
 512/3658 [===>..........................] - ETA: 23s - loss: 570081.3281
 640/3658 [====>.........................] - ETA: 22s - loss: 569862.8750
 768/3658 [=====>........................] - ETA: 21s - loss: 569680.6875
 896/3658 [======>.......................] - ETA: 20s - loss: 569649.1964
1024/3658 [=======>......................] - ETA: 19s - loss: 569654.3047
1152/3658 [========>.....................] - ETA: 18s - loss: 569215.1458
1280/3658 [=========>....................] - ETA: 17s - loss: 568522.0875
1408/3658 [==========>...................] - ETA: 16s - loss: 568431.3920
1536/3658 [===========>..................] - ETA: 15s - loss: 568895.6094
1664/3658 [============>.................] - ETA: 14s - loss: 568410.8413
1792/3658 [=============>................] - ETA: 13s - loss: 568498.2589
1920/3658 [==============>...............] - ETA: 12s - loss: 568594.5000
2048/3658 [===============>..............] - ETA: 11s - loss: 568745.4688
2176/3658 [================>.............] - ETA: 10s - loss: 568420.7059
2304/3658 [=================>............] - ETA: 9s - loss: 568384.7361 
2432/3658 [==================>...........] - ETA: 8s - loss: 568460.2303
2560/3658 [===================>..........] - ETA: 8s - loss: 568135.9250
2688/3658 [=====================>........] - ETA: 7s - loss: 568526.5000
2816/3658 [======================>.......] - ETA: 6s - loss: 568448.5767
2944/3658 [=======================>......] - ETA: 5s - loss: 568173.7418
3072/3658 [========================>.....] - ETA: 4s - loss: 568286.2266
3200/3658 [=========================>....] - ETA: 3s - loss: 568264.7175
3328/3658 [==========================>...] - ETA: 2s - loss: 568249.9832
3456/3658 [===========================>..] - ETA: 1s - loss: 568246.3889
3584/3658 [============================>.] - ETA: 0s - loss: 568334.4732
3658/3658 [==============================] - 27s 7ms/step - loss: 568986.0399
Epoch 61/100

 128/3658 [>.............................] - ETA: 25s - loss: 568932.2500
 256/3658 [=>............................] - ETA: 24s - loss: 571321.7188
 384/3658 [==>...........................] - ETA: 23s - loss: 570896.1250
 512/3658 [===>..........................] - ETA: 23s - loss: 569516.7188
 640/3658 [====>.........................] - ETA: 22s - loss: 569319.2250
 768/3658 [=====>........................] - ETA: 21s - loss: 569284.7083
 896/3658 [======>.......................] - ETA: 20s - loss: 569417.3929
1024/3658 [=======>......................] - ETA: 19s - loss: 569249.1875
1152/3658 [========>.....................] - ETA: 18s - loss: 568993.9722
1280/3658 [=========>....................] - ETA: 17s - loss: 569280.1687
1408/3658 [==========>...................] - ETA: 16s - loss: 569099.1534
1536/3658 [===========>..................] - ETA: 15s - loss: 568964.7917
1664/3658 [============>.................] - ETA: 14s - loss: 568452.7692
1792/3658 [=============>................] - ETA: 13s - loss: 568557.0357
1920/3658 [==============>...............] - ETA: 12s - loss: 568536.6292
2048/3658 [===============>..............] - ETA: 11s - loss: 568632.9492
2176/3658 [================>.............] - ETA: 10s - loss: 568669.7316
2304/3658 [=================>............] - ETA: 9s - loss: 568970.5521 
2432/3658 [==================>...........] - ETA: 8s - loss: 568905.0033
2560/3658 [===================>..........] - ETA: 8s - loss: 568558.8375
2688/3658 [=====================>........] - ETA: 7s - loss: 568403.4554
2816/3658 [======================>.......] - ETA: 6s - loss: 568586.9631
2944/3658 [=======================>......] - ETA: 5s - loss: 568296.5625
3072/3658 [========================>.....] - ETA: 4s - loss: 568035.6328
3200/3658 [=========================>....] - ETA: 3s - loss: 567816.0625
3328/3658 [==========================>...] - ETA: 2s - loss: 567930.9639
3456/3658 [===========================>..] - ETA: 1s - loss: 568069.8356
3584/3658 [============================>.] - ETA: 0s - loss: 568185.0112
3658/3658 [==============================] - 27s 7ms/step - loss: 568866.4626
Epoch 62/100

 128/3658 [>.............................] - ETA: 25s - loss: 571305.1250
 256/3658 [=>............................] - ETA: 24s - loss: 569316.6250
 384/3658 [==>...........................] - ETA: 23s - loss: 568795.8750
 512/3658 [===>..........................] - ETA: 22s - loss: 567337.7188
 640/3658 [====>.........................] - ETA: 22s - loss: 566988.4750
 768/3658 [=====>........................] - ETA: 21s - loss: 567602.6354
 896/3658 [======>.......................] - ETA: 20s - loss: 567721.1786
1024/3658 [=======>......................] - ETA: 19s - loss: 567556.5625
1152/3658 [========>.....................] - ETA: 18s - loss: 568087.9028
1280/3658 [=========>....................] - ETA: 17s - loss: 567595.8438
1408/3658 [==========>...................] - ETA: 16s - loss: 567750.9830
1536/3658 [===========>..................] - ETA: 15s - loss: 567200.1979
1664/3658 [============>.................] - ETA: 14s - loss: 567981.3990
1792/3658 [=============>................] - ETA: 13s - loss: 567518.4955
1920/3658 [==============>...............] - ETA: 12s - loss: 567648.3750
2048/3658 [===============>..............] - ETA: 11s - loss: 567681.1797
2176/3658 [================>.............] - ETA: 10s - loss: 567234.8824
2304/3658 [=================>............] - ETA: 9s - loss: 567532.0694 
2432/3658 [==================>...........] - ETA: 9s - loss: 567548.2434
2560/3658 [===================>..........] - ETA: 8s - loss: 567642.9625
2688/3658 [=====================>........] - ETA: 7s - loss: 567792.9762
2816/3658 [======================>.......] - ETA: 6s - loss: 567788.0625
2944/3658 [=======================>......] - ETA: 5s - loss: 567870.5489
3072/3658 [========================>.....] - ETA: 4s - loss: 567932.8880
3200/3658 [=========================>....] - ETA: 3s - loss: 567937.2350
3328/3658 [==========================>...] - ETA: 2s - loss: 568019.6274
3456/3658 [===========================>..] - ETA: 1s - loss: 568076.4792
3584/3658 [============================>.] - ETA: 0s - loss: 568014.4866
3658/3658 [==============================] - 27s 7ms/step - loss: 568640.1781
Epoch 63/100

 128/3658 [>.............................] - ETA: 25s - loss: 562760.7500
 256/3658 [=>............................] - ETA: 24s - loss: 562952.0625
 384/3658 [==>...........................] - ETA: 23s - loss: 563614.1875
 512/3658 [===>..........................] - ETA: 22s - loss: 564318.8594
 640/3658 [====>.........................] - ETA: 21s - loss: 565748.0625
 768/3658 [=====>........................] - ETA: 20s - loss: 566704.0208
 896/3658 [======>.......................] - ETA: 19s - loss: 565736.3750
1024/3658 [=======>......................] - ETA: 19s - loss: 565987.3906
1152/3658 [========>.....................] - ETA: 18s - loss: 566746.9931
1280/3658 [=========>....................] - ETA: 17s - loss: 567216.8688
1408/3658 [==========>...................] - ETA: 16s - loss: 567478.3352
1536/3658 [===========>..................] - ETA: 15s - loss: 566986.3646
1664/3658 [============>.................] - ETA: 14s - loss: 567030.7019
1792/3658 [=============>................] - ETA: 13s - loss: 567421.9688
1920/3658 [==============>...............] - ETA: 12s - loss: 567458.2083
2048/3658 [===============>..............] - ETA: 11s - loss: 567511.8438
2176/3658 [================>.............] - ETA: 10s - loss: 567647.9632
2304/3658 [=================>............] - ETA: 9s - loss: 567663.2431 
2432/3658 [==================>...........] - ETA: 8s - loss: 567744.5395
2560/3658 [===================>..........] - ETA: 8s - loss: 567760.8344
2688/3658 [=====================>........] - ETA: 7s - loss: 568015.1161
2816/3658 [======================>.......] - ETA: 6s - loss: 567858.5057
2944/3658 [=======================>......] - ETA: 5s - loss: 567920.6196
3072/3658 [========================>.....] - ETA: 4s - loss: 568225.6562
3200/3658 [=========================>....] - ETA: 3s - loss: 568202.9100
3328/3658 [==========================>...] - ETA: 2s - loss: 568019.8197
3456/3658 [===========================>..] - ETA: 1s - loss: 568051.3819
3584/3658 [============================>.] - ETA: 0s - loss: 568042.8259
3658/3658 [==============================] - 27s 7ms/step - loss: 568672.9281
Epoch 64/100

 128/3658 [>.............................] - ETA: 26s - loss: 561635.2500
 256/3658 [=>............................] - ETA: 24s - loss: 565805.4062
 384/3658 [==>...........................] - ETA: 23s - loss: 567200.5208
 512/3658 [===>..........................] - ETA: 22s - loss: 568353.2969
 640/3658 [====>.........................] - ETA: 21s - loss: 568687.1625
 768/3658 [=====>........................] - ETA: 20s - loss: 568457.3333
 896/3658 [======>.......................] - ETA: 19s - loss: 567887.5536
1024/3658 [=======>......................] - ETA: 19s - loss: 568089.9766
1152/3658 [========>.....................] - ETA: 18s - loss: 568398.2708
1280/3658 [=========>....................] - ETA: 17s - loss: 568386.0250
1408/3658 [==========>...................] - ETA: 16s - loss: 567888.5398
1536/3658 [===========>..................] - ETA: 15s - loss: 568241.6719
1664/3658 [============>.................] - ETA: 14s - loss: 567700.1490
1792/3658 [=============>................] - ETA: 13s - loss: 567827.4196
1920/3658 [==============>...............] - ETA: 12s - loss: 567925.5833
2048/3658 [===============>..............] - ETA: 11s - loss: 567908.4531
2176/3658 [================>.............] - ETA: 10s - loss: 568347.7978
2304/3658 [=================>............] - ETA: 9s - loss: 568315.5938 
2432/3658 [==================>...........] - ETA: 8s - loss: 568289.7730
2560/3658 [===================>..........] - ETA: 7s - loss: 567993.6844
2688/3658 [=====================>........] - ETA: 7s - loss: 567876.7679
2816/3658 [======================>.......] - ETA: 6s - loss: 567845.9460
2944/3658 [=======================>......] - ETA: 5s - loss: 567816.2636
3072/3658 [========================>.....] - ETA: 4s - loss: 567523.0964
3200/3658 [=========================>....] - ETA: 3s - loss: 567462.3275
3328/3658 [==========================>...] - ETA: 2s - loss: 567458.4856
3456/3658 [===========================>..] - ETA: 1s - loss: 567613.3079
3584/3658 [============================>.] - ETA: 0s - loss: 567677.4040
3658/3658 [==============================] - 27s 7ms/step - loss: 568344.4630
Epoch 65/100

 128/3658 [>.............................] - ETA: 25s - loss: 570335.3125
 256/3658 [=>............................] - ETA: 24s - loss: 565462.1562
 384/3658 [==>...........................] - ETA: 23s - loss: 566917.5625
 512/3658 [===>..........................] - ETA: 23s - loss: 567366.2969
 640/3658 [====>.........................] - ETA: 22s - loss: 566118.9625
 768/3658 [=====>........................] - ETA: 21s - loss: 567411.3542
 896/3658 [======>.......................] - ETA: 20s - loss: 568042.7679
1024/3658 [=======>......................] - ETA: 19s - loss: 567274.4375
1152/3658 [========>.....................] - ETA: 18s - loss: 567439.3403
1280/3658 [=========>....................] - ETA: 17s - loss: 566974.3313
1408/3658 [==========>...................] - ETA: 16s - loss: 566744.8352
1536/3658 [===========>..................] - ETA: 15s - loss: 567129.7604
1664/3658 [============>.................] - ETA: 14s - loss: 567022.0385
1792/3658 [=============>................] - ETA: 13s - loss: 567225.4732
1920/3658 [==============>...............] - ETA: 12s - loss: 567197.5583
2048/3658 [===============>..............] - ETA: 11s - loss: 567207.1875
2176/3658 [================>.............] - ETA: 10s - loss: 567232.3603
2304/3658 [=================>............] - ETA: 9s - loss: 567193.2431 
2432/3658 [==================>...........] - ETA: 9s - loss: 566900.7336
2560/3658 [===================>..........] - ETA: 8s - loss: 567096.0594
2688/3658 [=====================>........] - ETA: 7s - loss: 567213.7768
2816/3658 [======================>.......] - ETA: 6s - loss: 567300.1960
2944/3658 [=======================>......] - ETA: 5s - loss: 567207.6440
3072/3658 [========================>.....] - ETA: 4s - loss: 567230.0182
3200/3658 [=========================>....] - ETA: 3s - loss: 567525.0750
3328/3658 [==========================>...] - ETA: 2s - loss: 567544.3894
3456/3658 [===========================>..] - ETA: 1s - loss: 567612.1019
3584/3658 [============================>.] - ETA: 0s - loss: 567604.8929
3658/3658 [==============================] - 27s 7ms/step - loss: 568181.7342
Epoch 66/100

 128/3658 [>.............................] - ETA: 25s - loss: 572901.3750
 256/3658 [=>............................] - ETA: 24s - loss: 571034.1250
 384/3658 [==>...........................] - ETA: 24s - loss: 569839.4375
 512/3658 [===>..........................] - ETA: 23s - loss: 569390.3906
 640/3658 [====>.........................] - ETA: 22s - loss: 569828.2875
 768/3658 [=====>........................] - ETA: 21s - loss: 569470.8854
 896/3658 [======>.......................] - ETA: 20s - loss: 569172.7589
1024/3658 [=======>......................] - ETA: 19s - loss: 568865.6797
1152/3658 [========>.....................] - ETA: 18s - loss: 568907.2778
1280/3658 [=========>....................] - ETA: 17s - loss: 568533.1625
1408/3658 [==========>...................] - ETA: 16s - loss: 568181.6477
1536/3658 [===========>..................] - ETA: 15s - loss: 568437.0938
1664/3658 [============>.................] - ETA: 14s - loss: 568259.5529
1792/3658 [=============>................] - ETA: 13s - loss: 568186.4152
1920/3658 [==============>...............] - ETA: 12s - loss: 568179.4042
2048/3658 [===============>..............] - ETA: 11s - loss: 568076.5664
2176/3658 [================>.............] - ETA: 10s - loss: 567698.6287
2304/3658 [=================>............] - ETA: 9s - loss: 567354.0938 
2432/3658 [==================>...........] - ETA: 9s - loss: 567674.8684
2560/3658 [===================>..........] - ETA: 8s - loss: 567405.5219
2688/3658 [=====================>........] - ETA: 7s - loss: 567561.3601
2816/3658 [======================>.......] - ETA: 6s - loss: 567264.2188
2944/3658 [=======================>......] - ETA: 5s - loss: 567411.4293
3072/3658 [========================>.....] - ETA: 4s - loss: 567496.6875
3200/3658 [=========================>....] - ETA: 3s - loss: 567656.6250
3328/3658 [==========================>...] - ETA: 2s - loss: 567392.4255
3456/3658 [===========================>..] - ETA: 1s - loss: 567477.9931
3584/3658 [============================>.] - ETA: 0s - loss: 567562.5402
3658/3658 [==============================] - 27s 7ms/step - loss: 568145.5726
Epoch 67/100

 128/3658 [>.............................] - ETA: 27s - loss: 568268.7500
 256/3658 [=>............................] - ETA: 25s - loss: 568994.4688
 384/3658 [==>...........................] - ETA: 24s - loss: 570330.5000
 512/3658 [===>..........................] - ETA: 23s - loss: 570280.4062
 640/3658 [====>.........................] - ETA: 22s - loss: 570105.1375
 768/3658 [=====>........................] - ETA: 21s - loss: 569257.0417
 896/3658 [======>.......................] - ETA: 20s - loss: 568137.1071
1024/3658 [=======>......................] - ETA: 19s - loss: 568227.7969
1152/3658 [========>.....................] - ETA: 18s - loss: 568177.6806
1280/3658 [=========>....................] - ETA: 17s - loss: 568819.7188
1408/3658 [==========>...................] - ETA: 16s - loss: 568875.1875
1536/3658 [===========>..................] - ETA: 15s - loss: 568758.3906
1664/3658 [============>.................] - ETA: 14s - loss: 568929.0433
1792/3658 [=============>................] - ETA: 13s - loss: 568932.6295
1920/3658 [==============>...............] - ETA: 12s - loss: 568828.0625
2048/3658 [===============>..............] - ETA: 11s - loss: 568982.2891
2176/3658 [================>.............] - ETA: 10s - loss: 568562.1691
2304/3658 [=================>............] - ETA: 9s - loss: 568464.3403 
2432/3658 [==================>...........] - ETA: 9s - loss: 568276.3158
2560/3658 [===================>..........] - ETA: 8s - loss: 568371.6188
2688/3658 [=====================>........] - ETA: 7s - loss: 568097.8631
2816/3658 [======================>.......] - ETA: 6s - loss: 567779.4091
2944/3658 [=======================>......] - ETA: 5s - loss: 567763.5380
3072/3658 [========================>.....] - ETA: 4s - loss: 567686.5573
3200/3658 [=========================>....] - ETA: 3s - loss: 567769.2975
3328/3658 [==========================>...] - ETA: 2s - loss: 567763.4351
3456/3658 [===========================>..] - ETA: 1s - loss: 567506.5718
3584/3658 [============================>.] - ETA: 0s - loss: 567568.0402
3658/3658 [==============================] - 27s 7ms/step - loss: 568176.4089
Epoch 68/100

 128/3658 [>.............................] - ETA: 27s - loss: 569632.7500
 256/3658 [=>............................] - ETA: 25s - loss: 565136.8750
 384/3658 [==>...........................] - ETA: 24s - loss: 567399.8750
 512/3658 [===>..........................] - ETA: 23s - loss: 567462.2188
 640/3658 [====>.........................] - ETA: 22s - loss: 567431.1875
 768/3658 [=====>........................] - ETA: 21s - loss: 567867.3021
 896/3658 [======>.......................] - ETA: 20s - loss: 567708.1518
1024/3658 [=======>......................] - ETA: 19s - loss: 567570.9062
1152/3658 [========>.....................] - ETA: 18s - loss: 567262.3611
1280/3658 [=========>....................] - ETA: 17s - loss: 566693.2125
1408/3658 [==========>...................] - ETA: 16s - loss: 566848.6875
1536/3658 [===========>..................] - ETA: 15s - loss: 567008.9531
1664/3658 [============>.................] - ETA: 14s - loss: 567220.2067
1792/3658 [=============>................] - ETA: 13s - loss: 567203.7277
1920/3658 [==============>...............] - ETA: 12s - loss: 567031.0292
2048/3658 [===============>..............] - ETA: 11s - loss: 567021.9023
2176/3658 [================>.............] - ETA: 10s - loss: 566764.7463
2304/3658 [=================>............] - ETA: 10s - loss: 566477.5139
2432/3658 [==================>...........] - ETA: 9s - loss: 566501.0724 
2560/3658 [===================>..........] - ETA: 8s - loss: 566607.7281
2688/3658 [=====================>........] - ETA: 7s - loss: 567009.9405
2816/3658 [======================>.......] - ETA: 6s - loss: 567235.9432
2944/3658 [=======================>......] - ETA: 5s - loss: 567369.0924
3072/3658 [========================>.....] - ETA: 4s - loss: 567408.9740
3200/3658 [=========================>....] - ETA: 3s - loss: 567490.1350
3328/3658 [==========================>...] - ETA: 2s - loss: 567572.8630
3456/3658 [===========================>..] - ETA: 1s - loss: 567337.5301
3584/3658 [============================>.] - ETA: 0s - loss: 567285.1362
3658/3658 [==============================] - 27s 7ms/step - loss: 567814.5720
Epoch 69/100

 128/3658 [>.............................] - ETA: 25s - loss: 569129.8750
 256/3658 [=>............................] - ETA: 25s - loss: 570596.0625
 384/3658 [==>...........................] - ETA: 24s - loss: 569688.0000
 512/3658 [===>..........................] - ETA: 23s - loss: 569815.5469
 640/3658 [====>.........................] - ETA: 22s - loss: 569339.6125
 768/3658 [=====>........................] - ETA: 21s - loss: 568202.1562
 896/3658 [======>.......................] - ETA: 20s - loss: 567106.7054
1024/3658 [=======>......................] - ETA: 19s - loss: 566372.9375
1152/3658 [========>.....................] - ETA: 18s - loss: 566256.1042
1280/3658 [=========>....................] - ETA: 17s - loss: 566594.6562
1408/3658 [==========>...................] - ETA: 16s - loss: 566067.8295
1536/3658 [===========>..................] - ETA: 15s - loss: 566330.5000
1664/3658 [============>.................] - ETA: 14s - loss: 566836.5192
1792/3658 [=============>................] - ETA: 13s - loss: 567109.8929
1920/3658 [==============>...............] - ETA: 12s - loss: 567133.6083
2048/3658 [===============>..............] - ETA: 11s - loss: 567211.0781
2176/3658 [================>.............] - ETA: 10s - loss: 567188.3676
2304/3658 [=================>............] - ETA: 9s - loss: 566923.9444 
2432/3658 [==================>...........] - ETA: 9s - loss: 566928.5658
2560/3658 [===================>..........] - ETA: 8s - loss: 567020.3000
2688/3658 [=====================>........] - ETA: 7s - loss: 567141.7560
2816/3658 [======================>.......] - ETA: 6s - loss: 567002.0057
2944/3658 [=======================>......] - ETA: 5s - loss: 567100.5408
3072/3658 [========================>.....] - ETA: 4s - loss: 566986.4818
3200/3658 [=========================>....] - ETA: 3s - loss: 567169.1975
3328/3658 [==========================>...] - ETA: 2s - loss: 567167.7524
3456/3658 [===========================>..] - ETA: 1s - loss: 567301.2315
3584/3658 [============================>.] - ETA: 0s - loss: 567310.1295
3658/3658 [==============================] - 27s 7ms/step - loss: 567919.8556
Epoch 70/100

 128/3658 [>.............................] - ETA: 26s - loss: 569399.0000
 256/3658 [=>............................] - ETA: 24s - loss: 567620.3125
 384/3658 [==>...........................] - ETA: 23s - loss: 566954.2083
 512/3658 [===>..........................] - ETA: 23s - loss: 568340.1719
 640/3658 [====>.........................] - ETA: 22s - loss: 567171.1375
 768/3658 [=====>........................] - ETA: 21s - loss: 566344.5312
 896/3658 [======>.......................] - ETA: 20s - loss: 565814.9732
1024/3658 [=======>......................] - ETA: 19s - loss: 566584.9609
1152/3658 [========>.....................] - ETA: 18s - loss: 566953.1250
1280/3658 [=========>....................] - ETA: 17s - loss: 566216.8500
1408/3658 [==========>...................] - ETA: 16s - loss: 566520.2614
1536/3658 [===========>..................] - ETA: 15s - loss: 566565.3125
1664/3658 [============>.................] - ETA: 14s - loss: 566631.3558
1792/3658 [=============>................] - ETA: 13s - loss: 566482.5357
1920/3658 [==============>...............] - ETA: 12s - loss: 566145.5208
2048/3658 [===============>..............] - ETA: 11s - loss: 566339.6641
2176/3658 [================>.............] - ETA: 10s - loss: 566365.3824
2304/3658 [=================>............] - ETA: 10s - loss: 566484.5069
2432/3658 [==================>...........] - ETA: 9s - loss: 566528.9868 
2560/3658 [===================>..........] - ETA: 8s - loss: 566791.3562
2688/3658 [=====================>........] - ETA: 7s - loss: 566870.3958
2816/3658 [======================>.......] - ETA: 6s - loss: 566866.9432
2944/3658 [=======================>......] - ETA: 5s - loss: 566889.3560
3072/3658 [========================>.....] - ETA: 4s - loss: 566967.0573
3200/3658 [=========================>....] - ETA: 3s - loss: 567072.0300
3328/3658 [==========================>...] - ETA: 2s - loss: 567137.0144
3456/3658 [===========================>..] - ETA: 1s - loss: 567042.8657
3584/3658 [============================>.] - ETA: 0s - loss: 567164.3750
3658/3658 [==============================] - 27s 7ms/step - loss: 567772.9936
Epoch 71/100

 128/3658 [>.............................] - ETA: 25s - loss: 565430.2500
 256/3658 [=>............................] - ETA: 24s - loss: 564429.2500
 384/3658 [==>...........................] - ETA: 23s - loss: 563969.4583
 512/3658 [===>..........................] - ETA: 23s - loss: 564462.7188
 640/3658 [====>.........................] - ETA: 22s - loss: 563935.3625
 768/3658 [=====>........................] - ETA: 21s - loss: 565018.3333
 896/3658 [======>.......................] - ETA: 20s - loss: 565778.6607
1024/3658 [=======>......................] - ETA: 19s - loss: 566737.9688
1152/3658 [========>.....................] - ETA: 18s - loss: 566751.9306
1280/3658 [=========>....................] - ETA: 17s - loss: 566974.8625
1408/3658 [==========>...................] - ETA: 16s - loss: 567276.2443
1536/3658 [===========>..................] - ETA: 15s - loss: 566804.2552
1664/3658 [============>.................] - ETA: 14s - loss: 567366.7981
1792/3658 [=============>................] - ETA: 13s - loss: 567435.2054
1920/3658 [==============>...............] - ETA: 12s - loss: 567662.5833
2048/3658 [===============>..............] - ETA: 11s - loss: 567722.9883
2176/3658 [================>.............] - ETA: 10s - loss: 567784.9118
2304/3658 [=================>............] - ETA: 9s - loss: 567755.1319 
2432/3658 [==================>...........] - ETA: 9s - loss: 567434.7336
2560/3658 [===================>..........] - ETA: 8s - loss: 567414.1469
2688/3658 [=====================>........] - ETA: 7s - loss: 567405.3869
2816/3658 [======================>.......] - ETA: 6s - loss: 567375.4659
2944/3658 [=======================>......] - ETA: 5s - loss: 567427.7092
3072/3658 [========================>.....] - ETA: 4s - loss: 567301.5859
3200/3658 [=========================>....] - ETA: 3s - loss: 567430.0825
3328/3658 [==========================>...] - ETA: 2s - loss: 567440.6611
3456/3658 [===========================>..] - ETA: 1s - loss: 567581.9329
3584/3658 [============================>.] - ETA: 0s - loss: 567354.1987
3658/3658 [==============================] - 27s 7ms/step - loss: 567935.3225
Epoch 72/100

 128/3658 [>.............................] - ETA: 26s - loss: 569131.5000
 256/3658 [=>............................] - ETA: 25s - loss: 567704.1562
 384/3658 [==>...........................] - ETA: 24s - loss: 567826.2500
 512/3658 [===>..........................] - ETA: 23s - loss: 566655.7969
 640/3658 [====>.........................] - ETA: 22s - loss: 566731.6500
 768/3658 [=====>........................] - ETA: 21s - loss: 566937.4896
 896/3658 [======>.......................] - ETA: 20s - loss: 567261.9375
1024/3658 [=======>......................] - ETA: 19s - loss: 567649.8594
1152/3658 [========>.....................] - ETA: 18s - loss: 567625.4583
1280/3658 [=========>....................] - ETA: 17s - loss: 567530.6813
1408/3658 [==========>...................] - ETA: 16s - loss: 567570.5682
1536/3658 [===========>..................] - ETA: 15s - loss: 567914.9896
1664/3658 [============>.................] - ETA: 14s - loss: 567945.7019
1792/3658 [=============>................] - ETA: 13s - loss: 568446.7366
1920/3658 [==============>...............] - ETA: 12s - loss: 568500.8625
2048/3658 [===============>..............] - ETA: 11s - loss: 568265.5586
2176/3658 [================>.............] - ETA: 10s - loss: 568311.9816
2304/3658 [=================>............] - ETA: 9s - loss: 568258.4097 
2432/3658 [==================>...........] - ETA: 9s - loss: 567923.7632
2560/3658 [===================>..........] - ETA: 8s - loss: 567719.9156
2688/3658 [=====================>........] - ETA: 7s - loss: 567781.1875
2816/3658 [======================>.......] - ETA: 6s - loss: 567756.1903
2944/3658 [=======================>......] - ETA: 5s - loss: 567517.1793
3072/3658 [========================>.....] - ETA: 4s - loss: 567499.7266
3200/3658 [=========================>....] - ETA: 3s - loss: 567569.3575
3328/3658 [==========================>...] - ETA: 2s - loss: 567244.2380
3456/3658 [===========================>..] - ETA: 1s - loss: 567428.5671
3584/3658 [============================>.] - ETA: 0s - loss: 567193.6964
3658/3658 [==============================] - 27s 7ms/step - loss: 567820.5721
Epoch 73/100

 128/3658 [>.............................] - ETA: 26s - loss: 565196.1250
 256/3658 [=>............................] - ETA: 24s - loss: 566297.5000
 384/3658 [==>...........................] - ETA: 24s - loss: 564517.9583
 512/3658 [===>..........................] - ETA: 23s - loss: 565131.9219
 640/3658 [====>.........................] - ETA: 22s - loss: 565940.3875
 768/3658 [=====>........................] - ETA: 21s - loss: 565214.8438
 896/3658 [======>.......................] - ETA: 20s - loss: 565278.5625
1024/3658 [=======>......................] - ETA: 19s - loss: 565489.1953
1152/3658 [========>.....................] - ETA: 18s - loss: 566000.2500
1280/3658 [=========>....................] - ETA: 17s - loss: 566397.9375
1408/3658 [==========>...................] - ETA: 16s - loss: 566600.0455
1536/3658 [===========>..................] - ETA: 15s - loss: 566153.5052
1664/3658 [============>.................] - ETA: 14s - loss: 566526.6010
1792/3658 [=============>................] - ETA: 13s - loss: 566628.3259
1920/3658 [==============>...............] - ETA: 12s - loss: 566629.3125
2048/3658 [===============>..............] - ETA: 11s - loss: 566808.9609
2176/3658 [================>.............] - ETA: 10s - loss: 566629.1434
2304/3658 [=================>............] - ETA: 10s - loss: 566779.9826
2432/3658 [==================>...........] - ETA: 9s - loss: 567124.9178 
2560/3658 [===================>..........] - ETA: 8s - loss: 566783.7344
2688/3658 [=====================>........] - ETA: 7s - loss: 566856.9464
2816/3658 [======================>.......] - ETA: 6s - loss: 566592.6818
2944/3658 [=======================>......] - ETA: 5s - loss: 566464.1332
3072/3658 [========================>.....] - ETA: 4s - loss: 566568.3854
3200/3658 [=========================>....] - ETA: 3s - loss: 566688.8750
3328/3658 [==========================>...] - ETA: 2s - loss: 566886.2740
3456/3658 [===========================>..] - ETA: 1s - loss: 566883.6574
3584/3658 [============================>.] - ETA: 0s - loss: 566880.1875
3658/3658 [==============================] - 27s 7ms/step - loss: 567419.8901
Epoch 74/100

 128/3658 [>.............................] - ETA: 26s - loss: 572026.6250
 256/3658 [=>............................] - ETA: 25s - loss: 569264.6250
 384/3658 [==>...........................] - ETA: 24s - loss: 567373.7708
 512/3658 [===>..........................] - ETA: 23s - loss: 566164.3906
 640/3658 [====>.........................] - ETA: 22s - loss: 567095.8250
 768/3658 [=====>........................] - ETA: 21s - loss: 567450.8958
 896/3658 [======>.......................] - ETA: 20s - loss: 567409.9911
1024/3658 [=======>......................] - ETA: 19s - loss: 566641.5859
1152/3658 [========>.....................] - ETA: 18s - loss: 566682.5208
1280/3658 [=========>....................] - ETA: 17s - loss: 566905.9938
1408/3658 [==========>...................] - ETA: 16s - loss: 566915.7102
1536/3658 [===========>..................] - ETA: 15s - loss: 567149.3698
1664/3658 [============>.................] - ETA: 14s - loss: 566560.5240
1792/3658 [=============>................] - ETA: 13s - loss: 566719.1652
1920/3658 [==============>...............] - ETA: 12s - loss: 566999.1667
2048/3658 [===============>..............] - ETA: 11s - loss: 566967.3203
2176/3658 [================>.............] - ETA: 10s - loss: 567085.7169
2304/3658 [=================>............] - ETA: 10s - loss: 567154.5590
2432/3658 [==================>...........] - ETA: 9s - loss: 567157.4145 
2560/3658 [===================>..........] - ETA: 8s - loss: 567322.1750
2688/3658 [=====================>........] - ETA: 7s - loss: 567063.2143
2816/3658 [======================>.......] - ETA: 6s - loss: 566954.2472
2944/3658 [=======================>......] - ETA: 5s - loss: 567055.8696
3072/3658 [========================>.....] - ETA: 4s - loss: 567044.2526
3200/3658 [=========================>....] - ETA: 3s - loss: 567102.5825
3328/3658 [==========================>...] - ETA: 2s - loss: 566915.4014
3456/3658 [===========================>..] - ETA: 1s - loss: 566901.3287
3584/3658 [============================>.] - ETA: 0s - loss: 566950.2388
3658/3658 [==============================] - 27s 7ms/step - loss: 567504.9103
Epoch 75/100

 128/3658 [>.............................] - ETA: 25s - loss: 569244.6250
 256/3658 [=>............................] - ETA: 24s - loss: 566166.2188
 384/3658 [==>...........................] - ETA: 24s - loss: 566607.0208
 512/3658 [===>..........................] - ETA: 22s - loss: 566618.8438
 640/3658 [====>.........................] - ETA: 21s - loss: 567054.2000
 768/3658 [=====>........................] - ETA: 20s - loss: 567595.1458
 896/3658 [======>.......................] - ETA: 20s - loss: 567528.5714
1024/3658 [=======>......................] - ETA: 19s - loss: 567663.3750
1152/3658 [========>.....................] - ETA: 18s - loss: 568157.6250
1280/3658 [=========>....................] - ETA: 17s - loss: 567557.6438
1408/3658 [==========>...................] - ETA: 16s - loss: 567498.9716
1536/3658 [===========>..................] - ETA: 15s - loss: 567099.5885
1664/3658 [============>.................] - ETA: 14s - loss: 567251.0481
1792/3658 [=============>................] - ETA: 13s - loss: 567476.5982
1920/3658 [==============>...............] - ETA: 12s - loss: 567430.3042
2048/3658 [===============>..............] - ETA: 11s - loss: 567318.5898
2176/3658 [================>.............] - ETA: 10s - loss: 567399.3934
2304/3658 [=================>............] - ETA: 9s - loss: 567365.8056 
2432/3658 [==================>...........] - ETA: 9s - loss: 567179.4211
2560/3658 [===================>..........] - ETA: 8s - loss: 566846.9344
2688/3658 [=====================>........] - ETA: 7s - loss: 566864.3423
2816/3658 [======================>.......] - ETA: 6s - loss: 566961.4119
2944/3658 [=======================>......] - ETA: 5s - loss: 567165.8614
3072/3658 [========================>.....] - ETA: 4s - loss: 566840.1016
3200/3658 [=========================>....] - ETA: 3s - loss: 566882.0175
3328/3658 [==========================>...] - ETA: 2s - loss: 566863.7668
3456/3658 [===========================>..] - ETA: 1s - loss: 566654.6944
3584/3658 [============================>.] - ETA: 0s - loss: 566731.1964
3658/3658 [==============================] - 27s 7ms/step - loss: 567319.1111
Epoch 76/100

 128/3658 [>.............................] - ETA: 25s - loss: 568394.8750
 256/3658 [=>............................] - ETA: 25s - loss: 564682.3125
 384/3658 [==>...........................] - ETA: 24s - loss: 565470.7500
 512/3658 [===>..........................] - ETA: 23s - loss: 565847.2188
 640/3658 [====>.........................] - ETA: 22s - loss: 567140.4750
 768/3658 [=====>........................] - ETA: 21s - loss: 567277.1042
 896/3658 [======>.......................] - ETA: 20s - loss: 567557.6429
1024/3658 [=======>......................] - ETA: 19s - loss: 567463.5781
1152/3658 [========>.....................] - ETA: 18s - loss: 567500.0694
1280/3658 [=========>....................] - ETA: 17s - loss: 567416.3000
1408/3658 [==========>...................] - ETA: 16s - loss: 567143.5568
1536/3658 [===========>..................] - ETA: 15s - loss: 566792.5938
1664/3658 [============>.................] - ETA: 14s - loss: 566580.5192
1792/3658 [=============>................] - ETA: 13s - loss: 566672.6607
1920/3658 [==============>...............] - ETA: 12s - loss: 566196.7875
2048/3658 [===============>..............] - ETA: 11s - loss: 566437.3555
2176/3658 [================>.............] - ETA: 10s - loss: 566637.6360
2304/3658 [=================>............] - ETA: 9s - loss: 566328.4896 
2432/3658 [==================>...........] - ETA: 9s - loss: 566317.5099
2560/3658 [===================>..........] - ETA: 8s - loss: 566271.9531
2688/3658 [=====================>........] - ETA: 7s - loss: 566463.4077
2816/3658 [======================>.......] - ETA: 6s - loss: 566489.5483
2944/3658 [=======================>......] - ETA: 5s - loss: 566707.6114
3072/3658 [========================>.....] - ETA: 4s - loss: 566431.7109
3200/3658 [=========================>....] - ETA: 3s - loss: 566576.0525
3328/3658 [==========================>...] - ETA: 2s - loss: 566579.9423
3456/3658 [===========================>..] - ETA: 1s - loss: 566752.6065
3584/3658 [============================>.] - ETA: 0s - loss: 566811.6875
3658/3658 [==============================] - 27s 7ms/step - loss: 567337.1194
Epoch 77/100

 128/3658 [>.............................] - ETA: 26s - loss: 567609.5000
 256/3658 [=>............................] - ETA: 24s - loss: 565313.5312
 384/3658 [==>...........................] - ETA: 23s - loss: 565807.0625
 512/3658 [===>..........................] - ETA: 23s - loss: 566475.4375
 640/3658 [====>.........................] - ETA: 22s - loss: 567074.4000
 768/3658 [=====>........................] - ETA: 21s - loss: 566748.9167
 896/3658 [======>.......................] - ETA: 20s - loss: 567126.4911
1024/3658 [=======>......................] - ETA: 19s - loss: 567387.1172
1152/3658 [========>.....................] - ETA: 18s - loss: 566710.0625
1280/3658 [=========>....................] - ETA: 17s - loss: 566940.6500
1408/3658 [==========>...................] - ETA: 16s - loss: 567139.8409
1536/3658 [===========>..................] - ETA: 15s - loss: 566534.9688
1664/3658 [============>.................] - ETA: 14s - loss: 566875.7692
1792/3658 [=============>................] - ETA: 13s - loss: 566875.8393
1920/3658 [==============>...............] - ETA: 12s - loss: 566486.3500
2048/3658 [===============>..............] - ETA: 11s - loss: 566510.7578
2176/3658 [================>.............] - ETA: 10s - loss: 566693.9485
2304/3658 [=================>............] - ETA: 9s - loss: 566764.3889 
2432/3658 [==================>...........] - ETA: 8s - loss: 566760.0724
2560/3658 [===================>..........] - ETA: 8s - loss: 566733.5000
2688/3658 [=====================>........] - ETA: 7s - loss: 566721.9286
2816/3658 [======================>.......] - ETA: 6s - loss: 566812.6847
2944/3658 [=======================>......] - ETA: 5s - loss: 566613.7201
3072/3658 [========================>.....] - ETA: 4s - loss: 566355.9818
3200/3658 [=========================>....] - ETA: 3s - loss: 566474.7725
3328/3658 [==========================>...] - ETA: 2s - loss: 566771.9615
3456/3658 [===========================>..] - ETA: 1s - loss: 566819.8843
3584/3658 [============================>.] - ETA: 0s - loss: 566715.7634
3658/3658 [==============================] - 27s 7ms/step - loss: 567260.6268
Epoch 78/100

 128/3658 [>.............................] - ETA: 26s - loss: 563741.0000
 256/3658 [=>............................] - ETA: 25s - loss: 567480.3125
 384/3658 [==>...........................] - ETA: 24s - loss: 566230.3333
 512/3658 [===>..........................] - ETA: 23s - loss: 565587.4062
 640/3658 [====>.........................] - ETA: 22s - loss: 566206.7750
 768/3658 [=====>........................] - ETA: 21s - loss: 566513.5208
 896/3658 [======>.......................] - ETA: 20s - loss: 565781.7500
1024/3658 [=======>......................] - ETA: 19s - loss: 566058.2344
1152/3658 [========>.....................] - ETA: 18s - loss: 566468.7361
1280/3658 [=========>....................] - ETA: 17s - loss: 566495.4625
1408/3658 [==========>...................] - ETA: 16s - loss: 566008.5625
1536/3658 [===========>..................] - ETA: 15s - loss: 566389.0365
1664/3658 [============>.................] - ETA: 14s - loss: 566365.6010
1792/3658 [=============>................] - ETA: 13s - loss: 565879.6116
1920/3658 [==============>...............] - ETA: 12s - loss: 566083.6708
2048/3658 [===============>..............] - ETA: 11s - loss: 566438.9648
2176/3658 [================>.............] - ETA: 10s - loss: 566586.9412
2304/3658 [=================>............] - ETA: 10s - loss: 566620.4167
2432/3658 [==================>...........] - ETA: 9s - loss: 566786.2697 
2560/3658 [===================>..........] - ETA: 8s - loss: 566874.6438
2688/3658 [=====================>........] - ETA: 7s - loss: 566830.0179
2816/3658 [======================>.......] - ETA: 6s - loss: 566918.1932
2944/3658 [=======================>......] - ETA: 5s - loss: 567088.2989
3072/3658 [========================>.....] - ETA: 4s - loss: 567183.5417
3200/3658 [=========================>....] - ETA: 3s - loss: 567190.7850
3328/3658 [==========================>...] - ETA: 2s - loss: 567326.8029
3456/3658 [===========================>..] - ETA: 1s - loss: 567126.6250
3584/3658 [============================>.] - ETA: 0s - loss: 567130.1205
3658/3658 [==============================] - 27s 7ms/step - loss: 567656.3844
Epoch 79/100

 128/3658 [>.............................] - ETA: 26s - loss: 567712.5000
 256/3658 [=>............................] - ETA: 25s - loss: 567143.2188
 384/3658 [==>...........................] - ETA: 24s - loss: 567747.3542
 512/3658 [===>..........................] - ETA: 23s - loss: 568031.1406
 640/3658 [====>.........................] - ETA: 22s - loss: 566430.2375
 768/3658 [=====>........................] - ETA: 21s - loss: 566644.9896
 896/3658 [======>.......................] - ETA: 20s - loss: 566926.5268
1024/3658 [=======>......................] - ETA: 19s - loss: 566298.9453
1152/3658 [========>.....................] - ETA: 18s - loss: 566789.3264
1280/3658 [=========>....................] - ETA: 17s - loss: 566199.8125
1408/3658 [==========>...................] - ETA: 16s - loss: 566311.3750
1536/3658 [===========>..................] - ETA: 15s - loss: 566122.7865
1664/3658 [============>.................] - ETA: 14s - loss: 566132.8462
1792/3658 [=============>................] - ETA: 13s - loss: 566670.2946
1920/3658 [==============>...............] - ETA: 12s - loss: 566814.4625
2048/3658 [===============>..............] - ETA: 11s - loss: 566657.6719
2176/3658 [================>.............] - ETA: 10s - loss: 566664.3456
2304/3658 [=================>............] - ETA: 9s - loss: 566842.7014 
2432/3658 [==================>...........] - ETA: 9s - loss: 566924.5658
2560/3658 [===================>..........] - ETA: 8s - loss: 566636.8063
2688/3658 [=====================>........] - ETA: 7s - loss: 566630.2530
2816/3658 [======================>.......] - ETA: 6s - loss: 566593.8494
2944/3658 [=======================>......] - ETA: 5s - loss: 566535.2717
3072/3658 [========================>.....] - ETA: 4s - loss: 566599.6094
3200/3658 [=========================>....] - ETA: 3s - loss: 566768.7300
3328/3658 [==========================>...] - ETA: 2s - loss: 566534.7885
3456/3658 [===========================>..] - ETA: 1s - loss: 566526.0880
3584/3658 [============================>.] - ETA: 0s - loss: 566635.8170
3658/3658 [==============================] - 27s 7ms/step - loss: 567169.8046
Epoch 80/100

 128/3658 [>.............................] - ETA: 25s - loss: 559387.5000
 256/3658 [=>............................] - ETA: 25s - loss: 563345.2188
 384/3658 [==>...........................] - ETA: 24s - loss: 564345.8542
 512/3658 [===>..........................] - ETA: 22s - loss: 565039.5781
 640/3658 [====>.........................] - ETA: 22s - loss: 566464.1375
 768/3658 [=====>........................] - ETA: 21s - loss: 566947.8229
 896/3658 [======>.......................] - ETA: 20s - loss: 566281.3214
1024/3658 [=======>......................] - ETA: 19s - loss: 566602.3750
1152/3658 [========>.....................] - ETA: 18s - loss: 566593.3472
1280/3658 [=========>....................] - ETA: 17s - loss: 566382.1500
1408/3658 [==========>...................] - ETA: 16s - loss: 566467.6250
1536/3658 [===========>..................] - ETA: 15s - loss: 565929.0833
1664/3658 [============>.................] - ETA: 14s - loss: 565763.7404
1792/3658 [=============>................] - ETA: 13s - loss: 565385.9821
1920/3658 [==============>...............] - ETA: 12s - loss: 565615.7333
2048/3658 [===============>..............] - ETA: 11s - loss: 565889.2891
2176/3658 [================>.............] - ETA: 10s - loss: 565589.3603
2304/3658 [=================>............] - ETA: 9s - loss: 565843.1007 
2432/3658 [==================>...........] - ETA: 9s - loss: 565784.2566
2560/3658 [===================>..........] - ETA: 8s - loss: 565752.7438
2688/3658 [=====================>........] - ETA: 7s - loss: 565989.7262
2816/3658 [======================>.......] - ETA: 6s - loss: 566064.3580
2944/3658 [=======================>......] - ETA: 5s - loss: 566328.3152
3072/3658 [========================>.....] - ETA: 4s - loss: 566390.8177
3200/3658 [=========================>....] - ETA: 3s - loss: 566400.8850
3328/3658 [==========================>...] - ETA: 2s - loss: 566489.8558
3456/3658 [===========================>..] - ETA: 1s - loss: 566526.3588
3584/3658 [============================>.] - ETA: 0s - loss: 566588.6429
3658/3658 [==============================] - 27s 7ms/step - loss: 567112.9010
Epoch 81/100

 128/3658 [>.............................] - ETA: 25s - loss: 565791.8125
 256/3658 [=>............................] - ETA: 24s - loss: 565429.0312
 384/3658 [==>...........................] - ETA: 23s - loss: 567298.5625
 512/3658 [===>..........................] - ETA: 22s - loss: 567567.2656
 640/3658 [====>.........................] - ETA: 21s - loss: 567899.2500
 768/3658 [=====>........................] - ETA: 20s - loss: 567742.8021
 896/3658 [======>.......................] - ETA: 20s - loss: 566931.8750
1024/3658 [=======>......................] - ETA: 19s - loss: 566517.5000
1152/3658 [========>.....................] - ETA: 18s - loss: 566517.7500
1280/3658 [=========>....................] - ETA: 17s - loss: 566516.0500
1408/3658 [==========>...................] - ETA: 16s - loss: 566813.7955
1536/3658 [===========>..................] - ETA: 15s - loss: 566304.4271
1664/3658 [============>.................] - ETA: 14s - loss: 565822.5962
1792/3658 [=============>................] - ETA: 13s - loss: 566066.7634
1920/3658 [==============>...............] - ETA: 12s - loss: 566302.2208
2048/3658 [===============>..............] - ETA: 11s - loss: 566534.1211
2176/3658 [================>.............] - ETA: 10s - loss: 566950.6801
2304/3658 [=================>............] - ETA: 9s - loss: 566904.2569 
2432/3658 [==================>...........] - ETA: 8s - loss: 566967.9704
2560/3658 [===================>..........] - ETA: 8s - loss: 566736.5906
2688/3658 [=====================>........] - ETA: 7s - loss: 566769.5298
2816/3658 [======================>.......] - ETA: 6s - loss: 566833.2557
2944/3658 [=======================>......] - ETA: 5s - loss: 566859.3505
3072/3658 [========================>.....] - ETA: 4s - loss: 566572.9922
3200/3658 [=========================>....] - ETA: 3s - loss: 566745.1925
3328/3658 [==========================>...] - ETA: 2s - loss: 566671.8486
3456/3658 [===========================>..] - ETA: 1s - loss: 566733.8958
3584/3658 [============================>.] - ETA: 0s - loss: 566713.2165
3658/3658 [==============================] - 27s 7ms/step - loss: 567219.8911
Epoch 82/100

 128/3658 [>.............................] - ETA: 25s - loss: 569862.3750
 256/3658 [=>............................] - ETA: 25s - loss: 567993.6562
 384/3658 [==>...........................] - ETA: 24s - loss: 567780.4583
 512/3658 [===>..........................] - ETA: 23s - loss: 567358.4062
 640/3658 [====>.........................] - ETA: 22s - loss: 567247.0625
 768/3658 [=====>........................] - ETA: 21s - loss: 566235.7812
 896/3658 [======>.......................] - ETA: 20s - loss: 566283.5000
1024/3658 [=======>......................] - ETA: 19s - loss: 566489.0156
1152/3658 [========>.....................] - ETA: 18s - loss: 565740.5139
1280/3658 [=========>....................] - ETA: 17s - loss: 565918.1625
1408/3658 [==========>...................] - ETA: 16s - loss: 566067.4432
1536/3658 [===========>..................] - ETA: 15s - loss: 566222.3542
1664/3658 [============>.................] - ETA: 14s - loss: 566424.3029
1792/3658 [=============>................] - ETA: 13s - loss: 566235.1607
1920/3658 [==============>...............] - ETA: 12s - loss: 565829.8667
2048/3658 [===============>..............] - ETA: 11s - loss: 566054.7422
2176/3658 [================>.............] - ETA: 10s - loss: 565863.8676
2304/3658 [=================>............] - ETA: 9s - loss: 566148.6458 
2432/3658 [==================>...........] - ETA: 9s - loss: 566334.3059
2560/3658 [===================>..........] - ETA: 8s - loss: 566335.9031
2688/3658 [=====================>........] - ETA: 7s - loss: 566478.3304
2816/3658 [======================>.......] - ETA: 6s - loss: 566218.2358
2944/3658 [=======================>......] - ETA: 5s - loss: 566215.9647
3072/3658 [========================>.....] - ETA: 4s - loss: 566156.3021
3200/3658 [=========================>....] - ETA: 3s - loss: 566411.2550
3328/3658 [==========================>...] - ETA: 2s - loss: 566223.2212
3456/3658 [===========================>..] - ETA: 1s - loss: 566230.4653
3584/3658 [============================>.] - ETA: 0s - loss: 566194.4219
3658/3658 [==============================] - 27s 7ms/step - loss: 566669.2041
Epoch 83/100

 128/3658 [>.............................] - ETA: 26s - loss: 562055.0625
 256/3658 [=>............................] - ETA: 25s - loss: 562149.3438
 384/3658 [==>...........................] - ETA: 24s - loss: 563813.0833
 512/3658 [===>..........................] - ETA: 23s - loss: 564741.5625
 640/3658 [====>.........................] - ETA: 22s - loss: 564012.5375
 768/3658 [=====>........................] - ETA: 21s - loss: 563450.0000
 896/3658 [======>.......................] - ETA: 20s - loss: 563551.2679
1024/3658 [=======>......................] - ETA: 19s - loss: 564178.1406
1152/3658 [========>.....................] - ETA: 18s - loss: 564436.3611
1280/3658 [=========>....................] - ETA: 17s - loss: 564981.2125
1408/3658 [==========>...................] - ETA: 16s - loss: 565061.0227
1536/3658 [===========>..................] - ETA: 15s - loss: 564546.7396
1664/3658 [============>.................] - ETA: 14s - loss: 564664.7308
1792/3658 [=============>................] - ETA: 13s - loss: 565281.6518
1920/3658 [==============>...............] - ETA: 12s - loss: 565370.3042
2048/3658 [===============>..............] - ETA: 11s - loss: 565586.5234
2176/3658 [================>.............] - ETA: 10s - loss: 565776.3971
2304/3658 [=================>............] - ETA: 9s - loss: 565894.8125 
2432/3658 [==================>...........] - ETA: 9s - loss: 566124.9704
2560/3658 [===================>..........] - ETA: 8s - loss: 566205.0062
2688/3658 [=====================>........] - ETA: 7s - loss: 566303.4018
2816/3658 [======================>.......] - ETA: 6s - loss: 566509.9631
2944/3658 [=======================>......] - ETA: 5s - loss: 566731.8342
3072/3658 [========================>.....] - ETA: 4s - loss: 566743.5964
3200/3658 [=========================>....] - ETA: 3s - loss: 566549.8550
3328/3658 [==========================>...] - ETA: 2s - loss: 566529.5481
3456/3658 [===========================>..] - ETA: 1s - loss: 566484.3310
3584/3658 [============================>.] - ETA: 0s - loss: 566313.9665
3658/3658 [==============================] - 27s 7ms/step - loss: 566811.7502
Epoch 84/100

 128/3658 [>.............................] - ETA: 25s - loss: 560190.9375
 256/3658 [=>............................] - ETA: 24s - loss: 561594.8125
 384/3658 [==>...........................] - ETA: 23s - loss: 563932.9167
 512/3658 [===>..........................] - ETA: 22s - loss: 565210.0156
 640/3658 [====>.........................] - ETA: 22s - loss: 565852.1625
 768/3658 [=====>........................] - ETA: 21s - loss: 565692.0729
 896/3658 [======>.......................] - ETA: 20s - loss: 566216.0893
1024/3658 [=======>......................] - ETA: 19s - loss: 565602.2188
1152/3658 [========>.....................] - ETA: 18s - loss: 565819.2361
1280/3658 [=========>....................] - ETA: 17s - loss: 566137.0875
1408/3658 [==========>...................] - ETA: 16s - loss: 566176.4545
1536/3658 [===========>..................] - ETA: 15s - loss: 565717.0625
1664/3658 [============>.................] - ETA: 14s - loss: 565754.3510
1792/3658 [=============>................] - ETA: 13s - loss: 565568.4152
1920/3658 [==============>...............] - ETA: 12s - loss: 565739.8250
2048/3658 [===============>..............] - ETA: 11s - loss: 565322.2852
2176/3658 [================>.............] - ETA: 10s - loss: 565820.5735
2304/3658 [=================>............] - ETA: 9s - loss: 566104.2431 
2432/3658 [==================>...........] - ETA: 9s - loss: 566015.1184
2560/3658 [===================>..........] - ETA: 8s - loss: 566018.1312
2688/3658 [=====================>........] - ETA: 7s - loss: 566121.4167
2816/3658 [======================>.......] - ETA: 6s - loss: 566238.4034
2944/3658 [=======================>......] - ETA: 5s - loss: 566257.8723
3072/3658 [========================>.....] - ETA: 4s - loss: 566276.2266
3200/3658 [=========================>....] - ETA: 3s - loss: 566068.5525
3328/3658 [==========================>...] - ETA: 2s - loss: 566161.0505
3456/3658 [===========================>..] - ETA: 1s - loss: 566234.3032
3584/3658 [============================>.] - ETA: 0s - loss: 566254.0982
3658/3658 [==============================] - 27s 7ms/step - loss: 566737.8904
Epoch 85/100

 128/3658 [>.............................] - ETA: 25s - loss: 560122.0625
 256/3658 [=>............................] - ETA: 24s - loss: 564096.9062
 384/3658 [==>...........................] - ETA: 23s - loss: 565860.1458
 512/3658 [===>..........................] - ETA: 22s - loss: 565092.9219
 640/3658 [====>.........................] - ETA: 21s - loss: 565928.6875
 768/3658 [=====>........................] - ETA: 20s - loss: 565890.7500
 896/3658 [======>.......................] - ETA: 20s - loss: 565218.5000
1024/3658 [=======>......................] - ETA: 19s - loss: 564425.0781
1152/3658 [========>.....................] - ETA: 18s - loss: 564192.2778
1280/3658 [=========>....................] - ETA: 17s - loss: 563665.4625
1408/3658 [==========>...................] - ETA: 16s - loss: 564542.0625
1536/3658 [===========>..................] - ETA: 15s - loss: 564992.1302
1664/3658 [============>.................] - ETA: 14s - loss: 565114.6298
1792/3658 [=============>................] - ETA: 13s - loss: 565365.7098
1920/3658 [==============>...............] - ETA: 12s - loss: 565524.0833
2048/3658 [===============>..............] - ETA: 11s - loss: 565781.4180
2176/3658 [================>.............] - ETA: 10s - loss: 565885.7243
2304/3658 [=================>............] - ETA: 9s - loss: 565920.1562 
2432/3658 [==================>...........] - ETA: 8s - loss: 566017.9704
2560/3658 [===================>..........] - ETA: 7s - loss: 565849.5594
2688/3658 [=====================>........] - ETA: 7s - loss: 565884.5744
2816/3658 [======================>.......] - ETA: 6s - loss: 565911.9347
2944/3658 [=======================>......] - ETA: 5s - loss: 566018.5435
3072/3658 [========================>.....] - ETA: 4s - loss: 566018.1562
3200/3658 [=========================>....] - ETA: 3s - loss: 565968.8800
3328/3658 [==========================>...] - ETA: 2s - loss: 565966.7404
3456/3658 [===========================>..] - ETA: 1s - loss: 566153.6713
3584/3658 [============================>.] - ETA: 0s - loss: 566196.5112
3658/3658 [==============================] - 27s 7ms/step - loss: 566683.6683
Epoch 86/100

 128/3658 [>.............................] - ETA: 25s - loss: 563874.4375
 256/3658 [=>............................] - ETA: 24s - loss: 563297.6250
 384/3658 [==>...........................] - ETA: 23s - loss: 564130.2917
 512/3658 [===>..........................] - ETA: 22s - loss: 564642.9688
 640/3658 [====>.........................] - ETA: 22s - loss: 565221.9250
 768/3658 [=====>........................] - ETA: 21s - loss: 566191.0000
 896/3658 [======>.......................] - ETA: 20s - loss: 566765.0536
1024/3658 [=======>......................] - ETA: 19s - loss: 566593.7031
1152/3658 [========>.....................] - ETA: 18s - loss: 566671.2222
1280/3658 [=========>....................] - ETA: 17s - loss: 566132.9250
1408/3658 [==========>...................] - ETA: 16s - loss: 565751.9659
1536/3658 [===========>..................] - ETA: 15s - loss: 565960.7083
1664/3658 [============>.................] - ETA: 14s - loss: 565956.1346
1792/3658 [=============>................] - ETA: 13s - loss: 566058.7500
1920/3658 [==============>...............] - ETA: 12s - loss: 566074.7250
2048/3658 [===============>..............] - ETA: 11s - loss: 565621.5273
2176/3658 [================>.............] - ETA: 10s - loss: 565730.5257
2304/3658 [=================>............] - ETA: 9s - loss: 565426.8299 
2432/3658 [==================>...........] - ETA: 8s - loss: 565646.3191
2560/3658 [===================>..........] - ETA: 8s - loss: 565647.2625
2688/3658 [=====================>........] - ETA: 7s - loss: 565778.1548
2816/3658 [======================>.......] - ETA: 6s - loss: 565991.6648
2944/3658 [=======================>......] - ETA: 5s - loss: 565986.3696
3072/3658 [========================>.....] - ETA: 4s - loss: 566125.5677
3200/3658 [=========================>....] - ETA: 3s - loss: 566231.4750
3328/3658 [==========================>...] - ETA: 2s - loss: 566102.4231
3456/3658 [===========================>..] - ETA: 1s - loss: 566169.0417
3584/3658 [============================>.] - ETA: 0s - loss: 565981.8772
3658/3658 [==============================] - 27s 7ms/step - loss: 566459.1360
Epoch 87/100

 128/3658 [>.............................] - ETA: 25s - loss: 570718.2500
 256/3658 [=>............................] - ETA: 24s - loss: 569003.5000
 384/3658 [==>...........................] - ETA: 23s - loss: 568444.4167
 512/3658 [===>..........................] - ETA: 22s - loss: 567829.8125
 640/3658 [====>.........................] - ETA: 21s - loss: 567864.9250
 768/3658 [=====>........................] - ETA: 20s - loss: 567618.6979
 896/3658 [======>.......................] - ETA: 20s - loss: 567553.4196
1024/3658 [=======>......................] - ETA: 19s - loss: 567561.4609
1152/3658 [========>.....................] - ETA: 18s - loss: 567641.7431
1280/3658 [=========>....................] - ETA: 17s - loss: 567942.7063
1408/3658 [==========>...................] - ETA: 16s - loss: 568063.1989
1536/3658 [===========>..................] - ETA: 15s - loss: 567411.9948
1664/3658 [============>.................] - ETA: 14s - loss: 567300.9375
1792/3658 [=============>................] - ETA: 13s - loss: 567303.7098
1920/3658 [==============>...............] - ETA: 12s - loss: 567333.3708
2048/3658 [===============>..............] - ETA: 11s - loss: 567070.1445
2176/3658 [================>.............] - ETA: 10s - loss: 566689.9485
2304/3658 [=================>............] - ETA: 9s - loss: 566481.3403 
2432/3658 [==================>...........] - ETA: 9s - loss: 566148.9276
2560/3658 [===================>..........] - ETA: 8s - loss: 565772.6781
2688/3658 [=====================>........] - ETA: 7s - loss: 565793.0565
2816/3658 [======================>.......] - ETA: 6s - loss: 565961.3182
2944/3658 [=======================>......] - ETA: 5s - loss: 566102.4429
3072/3658 [========================>.....] - ETA: 4s - loss: 565877.5339
3200/3658 [=========================>....] - ETA: 3s - loss: 565881.7125
3328/3658 [==========================>...] - ETA: 2s - loss: 565910.4183
3456/3658 [===========================>..] - ETA: 1s - loss: 565916.2569
3584/3658 [============================>.] - ETA: 0s - loss: 566037.4978
3658/3658 [==============================] - 27s 7ms/step - loss: 566515.5557
Epoch 88/100

 128/3658 [>.............................] - ETA: 25s - loss: 559619.1250
 256/3658 [=>............................] - ETA: 25s - loss: 562341.7812
 384/3658 [==>...........................] - ETA: 24s - loss: 563573.0000
 512/3658 [===>..........................] - ETA: 23s - loss: 564482.5000
 640/3658 [====>.........................] - ETA: 22s - loss: 565373.1750
 768/3658 [=====>........................] - ETA: 21s - loss: 564610.0417
 896/3658 [======>.......................] - ETA: 20s - loss: 565172.3304
1024/3658 [=======>......................] - ETA: 19s - loss: 564366.7578
1152/3658 [========>.....................] - ETA: 18s - loss: 564534.1944
1280/3658 [=========>....................] - ETA: 17s - loss: 564918.2063
1408/3658 [==========>...................] - ETA: 16s - loss: 564518.8239
1536/3658 [===========>..................] - ETA: 15s - loss: 564161.5573
1664/3658 [============>.................] - ETA: 14s - loss: 564478.9760
1792/3658 [=============>................] - ETA: 13s - loss: 564384.4375
1920/3658 [==============>...............] - ETA: 12s - loss: 564604.0083
2048/3658 [===============>..............] - ETA: 11s - loss: 564881.3516
2176/3658 [================>.............] - ETA: 10s - loss: 565063.9485
2304/3658 [=================>............] - ETA: 9s - loss: 564920.8194 
2432/3658 [==================>...........] - ETA: 8s - loss: 564973.6809
2560/3658 [===================>..........] - ETA: 7s - loss: 565115.9531
2688/3658 [=====================>........] - ETA: 7s - loss: 565148.4137
2816/3658 [======================>.......] - ETA: 6s - loss: 565235.0085
2944/3658 [=======================>......] - ETA: 5s - loss: 565438.6114
3072/3658 [========================>.....] - ETA: 4s - loss: 565431.2057
3200/3658 [=========================>....] - ETA: 3s - loss: 565583.8000
3328/3658 [==========================>...] - ETA: 2s - loss: 565615.7452
3456/3658 [===========================>..] - ETA: 1s - loss: 565842.6597
3584/3658 [============================>.] - ETA: 0s - loss: 565849.0112
3658/3658 [==============================] - 27s 7ms/step - loss: 566265.8868
Epoch 89/100

 128/3658 [>.............................] - ETA: 27s - loss: 565381.8750
 256/3658 [=>............................] - ETA: 25s - loss: 567493.4062
 384/3658 [==>...........................] - ETA: 24s - loss: 567911.1875
 512/3658 [===>..........................] - ETA: 23s - loss: 567854.5469
 640/3658 [====>.........................] - ETA: 22s - loss: 567725.7125
 768/3658 [=====>........................] - ETA: 21s - loss: 566684.3854
 896/3658 [======>.......................] - ETA: 20s - loss: 566017.2411
1024/3658 [=======>......................] - ETA: 19s - loss: 566179.8047
1152/3658 [========>.....................] - ETA: 18s - loss: 566096.1806
1280/3658 [=========>....................] - ETA: 17s - loss: 566232.8562
1408/3658 [==========>...................] - ETA: 16s - loss: 566206.3807
1536/3658 [===========>..................] - ETA: 15s - loss: 566319.9531
1664/3658 [============>.................] - ETA: 14s - loss: 565725.1875
1792/3658 [=============>................] - ETA: 13s - loss: 566022.7009
1920/3658 [==============>...............] - ETA: 12s - loss: 566150.8875
2048/3658 [===============>..............] - ETA: 11s - loss: 566525.3086
2176/3658 [================>.............] - ETA: 10s - loss: 566435.5551
2304/3658 [=================>............] - ETA: 10s - loss: 566309.6632
2432/3658 [==================>...........] - ETA: 9s - loss: 566103.9441 
2560/3658 [===================>..........] - ETA: 8s - loss: 566206.2625
2688/3658 [=====================>........] - ETA: 7s - loss: 566225.3393
2816/3658 [======================>.......] - ETA: 6s - loss: 566306.9034
2944/3658 [=======================>......] - ETA: 5s - loss: 566302.8315
3072/3658 [========================>.....] - ETA: 4s - loss: 566150.1094
3200/3658 [=========================>....] - ETA: 3s - loss: 565944.5600
3328/3658 [==========================>...] - ETA: 2s - loss: 565947.8365
3456/3658 [===========================>..] - ETA: 1s - loss: 565734.7292
3584/3658 [============================>.] - ETA: 0s - loss: 565854.7522
3658/3658 [==============================] - 27s 7ms/step - loss: 566292.2623
Epoch 90/100

 128/3658 [>.............................] - ETA: 27s - loss: 564121.2500
 256/3658 [=>............................] - ETA: 25s - loss: 562319.4062
 384/3658 [==>...........................] - ETA: 24s - loss: 562060.7292
 512/3658 [===>..........................] - ETA: 23s - loss: 562962.7031
 640/3658 [====>.........................] - ETA: 22s - loss: 562262.1625
 768/3658 [=====>........................] - ETA: 21s - loss: 561723.9167
 896/3658 [======>.......................] - ETA: 20s - loss: 562531.5000
1024/3658 [=======>......................] - ETA: 19s - loss: 563321.9766
1152/3658 [========>.....................] - ETA: 18s - loss: 563979.4375
1280/3658 [=========>....................] - ETA: 17s - loss: 564244.7937
1408/3658 [==========>...................] - ETA: 16s - loss: 564389.2841
1536/3658 [===========>..................] - ETA: 15s - loss: 564698.3333
1664/3658 [============>.................] - ETA: 14s - loss: 564665.4327
1792/3658 [=============>................] - ETA: 13s - loss: 565145.8482
1920/3658 [==============>...............] - ETA: 12s - loss: 565277.5750
2048/3658 [===============>..............] - ETA: 11s - loss: 565130.9766
2176/3658 [================>.............] - ETA: 10s - loss: 565221.2353
2304/3658 [=================>............] - ETA: 9s - loss: 564992.3889 
2432/3658 [==================>...........] - ETA: 8s - loss: 565159.4737
2560/3658 [===================>..........] - ETA: 8s - loss: 565212.3250
2688/3658 [=====================>........] - ETA: 7s - loss: 565374.0149
2816/3658 [======================>.......] - ETA: 6s - loss: 565179.3267
2944/3658 [=======================>......] - ETA: 5s - loss: 565277.1821
3072/3658 [========================>.....] - ETA: 4s - loss: 565304.3594
3200/3658 [=========================>....] - ETA: 3s - loss: 565322.3800
3328/3658 [==========================>...] - ETA: 2s - loss: 565473.2500
3456/3658 [===========================>..] - ETA: 1s - loss: 565557.9769
3584/3658 [============================>.] - ETA: 0s - loss: 565740.9821
3658/3658 [==============================] - 27s 7ms/step - loss: 566204.5787
Epoch 91/100

 128/3658 [>.............................] - ETA: 25s - loss: 560061.3750
 256/3658 [=>............................] - ETA: 24s - loss: 560090.0938
 384/3658 [==>...........................] - ETA: 24s - loss: 562193.6667
 512/3658 [===>..........................] - ETA: 22s - loss: 563639.5938
 640/3658 [====>.........................] - ETA: 22s - loss: 564172.5250
 768/3658 [=====>........................] - ETA: 21s - loss: 564378.5938
 896/3658 [======>.......................] - ETA: 20s - loss: 563862.1607
1024/3658 [=======>......................] - ETA: 19s - loss: 564400.3203
1152/3658 [========>.....................] - ETA: 18s - loss: 564708.7569
1280/3658 [=========>....................] - ETA: 17s - loss: 564360.0500
1408/3658 [==========>...................] - ETA: 16s - loss: 564464.5909
1536/3658 [===========>..................] - ETA: 15s - loss: 565098.9792
1664/3658 [============>.................] - ETA: 14s - loss: 565134.4279
1792/3658 [=============>................] - ETA: 13s - loss: 565272.2411
1920/3658 [==============>...............] - ETA: 12s - loss: 565469.8083
2048/3658 [===============>..............] - ETA: 11s - loss: 565444.0195
2176/3658 [================>.............] - ETA: 10s - loss: 565581.6103
2304/3658 [=================>............] - ETA: 9s - loss: 565749.3889 
2432/3658 [==================>...........] - ETA: 9s - loss: 565807.3257
2560/3658 [===================>..........] - ETA: 8s - loss: 565735.6344
2688/3658 [=====================>........] - ETA: 7s - loss: 565450.7054
2816/3658 [======================>.......] - ETA: 6s - loss: 565539.2102
2944/3658 [=======================>......] - ETA: 5s - loss: 565547.4239
3072/3658 [========================>.....] - ETA: 4s - loss: 565741.3229
3200/3658 [=========================>....] - ETA: 3s - loss: 565612.7225
3328/3658 [==========================>...] - ETA: 2s - loss: 565492.4111
3456/3658 [===========================>..] - ETA: 1s - loss: 565605.9861
3584/3658 [============================>.] - ETA: 0s - loss: 565681.2634
3658/3658 [==============================] - 27s 7ms/step - loss: 566139.0787
Epoch 92/100

 128/3658 [>.............................] - ETA: 28s - loss: 566879.3750
 256/3658 [=>............................] - ETA: 26s - loss: 568249.3125
 384/3658 [==>...........................] - ETA: 24s - loss: 567983.7083
 512/3658 [===>..........................] - ETA: 23s - loss: 568138.5938
 640/3658 [====>.........................] - ETA: 22s - loss: 568582.8750
 768/3658 [=====>........................] - ETA: 21s - loss: 568472.0104
 896/3658 [======>.......................] - ETA: 20s - loss: 568278.8304
1024/3658 [=======>......................] - ETA: 19s - loss: 568086.4922
1152/3658 [========>.....................] - ETA: 18s - loss: 567310.9514
1280/3658 [=========>....................] - ETA: 17s - loss: 567289.8562
1408/3658 [==========>...................] - ETA: 16s - loss: 567119.8807
1536/3658 [===========>..................] - ETA: 15s - loss: 566512.3646
1664/3658 [============>.................] - ETA: 14s - loss: 566480.2933
1792/3658 [=============>................] - ETA: 13s - loss: 566676.3259
1920/3658 [==============>...............] - ETA: 12s - loss: 566111.3042
2048/3658 [===============>..............] - ETA: 11s - loss: 565937.0977
2176/3658 [================>.............] - ETA: 10s - loss: 565742.5846
2304/3658 [=================>............] - ETA: 9s - loss: 565931.9167 
2432/3658 [==================>...........] - ETA: 9s - loss: 565632.6711
2560/3658 [===================>..........] - ETA: 8s - loss: 565399.9375
2688/3658 [=====================>........] - ETA: 7s - loss: 565500.6607
2816/3658 [======================>.......] - ETA: 6s - loss: 565738.3494
2944/3658 [=======================>......] - ETA: 5s - loss: 565759.9891
3072/3658 [========================>.....] - ETA: 4s - loss: 565712.2448
3200/3658 [=========================>....] - ETA: 3s - loss: 565686.2950
3328/3658 [==========================>...] - ETA: 2s - loss: 565769.4856
3456/3658 [===========================>..] - ETA: 1s - loss: 565780.8426
3584/3658 [============================>.] - ETA: 0s - loss: 565908.8750
3658/3658 [==============================] - 27s 7ms/step - loss: 566325.1870
Epoch 93/100

 128/3658 [>.............................] - ETA: 26s - loss: 568388.3125
 256/3658 [=>............................] - ETA: 24s - loss: 568141.2812
 384/3658 [==>...........................] - ETA: 23s - loss: 565835.8125
 512/3658 [===>..........................] - ETA: 22s - loss: 566233.0156
 640/3658 [====>.........................] - ETA: 21s - loss: 566201.7500
 768/3658 [=====>........................] - ETA: 20s - loss: 565565.3333
 896/3658 [======>.......................] - ETA: 20s - loss: 565626.8393
1024/3658 [=======>......................] - ETA: 19s - loss: 565396.9219
1152/3658 [========>.....................] - ETA: 18s - loss: 565593.7222
1280/3658 [=========>....................] - ETA: 17s - loss: 565868.7500
1408/3658 [==========>...................] - ETA: 16s - loss: 566039.8636
1536/3658 [===========>..................] - ETA: 15s - loss: 565946.1146
1664/3658 [============>.................] - ETA: 14s - loss: 565505.6442
1792/3658 [=============>................] - ETA: 13s - loss: 565969.6964
1920/3658 [==============>...............] - ETA: 12s - loss: 566208.2333
2048/3658 [===============>..............] - ETA: 11s - loss: 566319.8125
2176/3658 [================>.............] - ETA: 10s - loss: 566023.3603
2304/3658 [=================>............] - ETA: 9s - loss: 566006.8889 
2432/3658 [==================>...........] - ETA: 8s - loss: 566079.2500
2560/3658 [===================>..........] - ETA: 8s - loss: 565727.1875
2688/3658 [=====================>........] - ETA: 7s - loss: 565576.0030
2816/3658 [======================>.......] - ETA: 6s - loss: 565735.5540
2944/3658 [=======================>......] - ETA: 5s - loss: 565730.4429
3072/3658 [========================>.....] - ETA: 4s - loss: 565465.0651
3200/3658 [=========================>....] - ETA: 3s - loss: 565499.0225
3328/3658 [==========================>...] - ETA: 2s - loss: 565544.3173
3456/3658 [===========================>..] - ETA: 1s - loss: 565677.7755
3584/3658 [============================>.] - ETA: 0s - loss: 565777.4174
3658/3658 [==============================] - 27s 7ms/step - loss: 566217.2404
Epoch 94/100

 128/3658 [>.............................] - ETA: 25s - loss: 567666.6250
 256/3658 [=>............................] - ETA: 25s - loss: 567107.5938
 384/3658 [==>...........................] - ETA: 24s - loss: 567023.2083
 512/3658 [===>..........................] - ETA: 23s - loss: 566792.7969
 640/3658 [====>.........................] - ETA: 22s - loss: 566768.7875
 768/3658 [=====>........................] - ETA: 21s - loss: 567312.9688
 896/3658 [======>.......................] - ETA: 20s - loss: 567356.0982
1024/3658 [=======>......................] - ETA: 19s - loss: 567235.0391
1152/3658 [========>.....................] - ETA: 18s - loss: 567159.0278
1280/3658 [=========>....................] - ETA: 17s - loss: 566591.3750
1408/3658 [==========>...................] - ETA: 16s - loss: 566035.2670
1536/3658 [===========>..................] - ETA: 15s - loss: 565986.6927
1664/3658 [============>.................] - ETA: 14s - loss: 565419.7115
1792/3658 [=============>................] - ETA: 13s - loss: 565224.9732
1920/3658 [==============>...............] - ETA: 12s - loss: 565278.6792
2048/3658 [===============>..............] - ETA: 11s - loss: 565344.4531
2176/3658 [================>.............] - ETA: 10s - loss: 565616.1838
2304/3658 [=================>............] - ETA: 9s - loss: 565940.6667 
2432/3658 [==================>...........] - ETA: 9s - loss: 565623.8289
2560/3658 [===================>..........] - ETA: 8s - loss: 565451.1813
2688/3658 [=====================>........] - ETA: 7s - loss: 565570.3750
2816/3658 [======================>.......] - ETA: 6s - loss: 565642.7415
2944/3658 [=======================>......] - ETA: 5s - loss: 565652.5516
3072/3658 [========================>.....] - ETA: 4s - loss: 565617.9453
3200/3658 [=========================>....] - ETA: 3s - loss: 565458.1950
3328/3658 [==========================>...] - ETA: 2s - loss: 565583.5817
3456/3658 [===========================>..] - ETA: 1s - loss: 565713.9491
3584/3658 [============================>.] - ETA: 0s - loss: 565782.3795
3658/3658 [==============================] - 27s 7ms/step - loss: 566188.8218
Epoch 95/100

 128/3658 [>.............................] - ETA: 25s - loss: 567448.2500
 256/3658 [=>............................] - ETA: 24s - loss: 567020.0312
 384/3658 [==>...........................] - ETA: 24s - loss: 567249.6875
 512/3658 [===>..........................] - ETA: 23s - loss: 567456.1875
 640/3658 [====>.........................] - ETA: 22s - loss: 567418.6875
 768/3658 [=====>........................] - ETA: 21s - loss: 567089.2604
 896/3658 [======>.......................] - ETA: 20s - loss: 567158.6964
1024/3658 [=======>......................] - ETA: 19s - loss: 567151.6562
1152/3658 [========>.....................] - ETA: 18s - loss: 567028.1111
1280/3658 [=========>....................] - ETA: 17s - loss: 567204.8625
1408/3658 [==========>...................] - ETA: 16s - loss: 566745.9602
1536/3658 [===========>..................] - ETA: 15s - loss: 566644.4219
1664/3658 [============>.................] - ETA: 14s - loss: 566867.7596
1792/3658 [=============>................] - ETA: 13s - loss: 566695.5714
1920/3658 [==============>...............] - ETA: 12s - loss: 566422.4417
2048/3658 [===============>..............] - ETA: 11s - loss: 565989.5352
2176/3658 [================>.............] - ETA: 10s - loss: 566042.6471
2304/3658 [=================>............] - ETA: 10s - loss: 565692.3576
2432/3658 [==================>...........] - ETA: 9s - loss: 565495.1842 
2560/3658 [===================>..........] - ETA: 8s - loss: 565204.8375
2688/3658 [=====================>........] - ETA: 7s - loss: 564843.7857
2816/3658 [======================>.......] - ETA: 6s - loss: 565075.0511
2944/3658 [=======================>......] - ETA: 5s - loss: 565134.2065
3072/3658 [========================>.....] - ETA: 4s - loss: 565159.2839
3200/3658 [=========================>....] - ETA: 3s - loss: 565274.3025
3328/3658 [==========================>...] - ETA: 2s - loss: 565311.2019
3456/3658 [===========================>..] - ETA: 1s - loss: 565549.3241
3584/3658 [============================>.] - ETA: 0s - loss: 565653.8616
3658/3658 [==============================] - 27s 7ms/step - loss: 566056.2318
Epoch 96/100

 128/3658 [>.............................] - ETA: 25s - loss: 562920.8750
 256/3658 [=>............................] - ETA: 24s - loss: 565097.3125
 384/3658 [==>...........................] - ETA: 23s - loss: 564342.5000
 512/3658 [===>..........................] - ETA: 22s - loss: 564979.9531
 640/3658 [====>.........................] - ETA: 21s - loss: 565483.9625
 768/3658 [=====>........................] - ETA: 20s - loss: 565576.1146
 896/3658 [======>.......................] - ETA: 20s - loss: 564713.4643
1024/3658 [=======>......................] - ETA: 19s - loss: 564200.5703
1152/3658 [========>.....................] - ETA: 18s - loss: 564770.3472
1280/3658 [=========>....................] - ETA: 17s - loss: 564866.8812
1408/3658 [==========>...................] - ETA: 16s - loss: 564992.3920
1536/3658 [===========>..................] - ETA: 15s - loss: 565315.0781
1664/3658 [============>.................] - ETA: 14s - loss: 564875.6587
1792/3658 [=============>................] - ETA: 13s - loss: 564917.4732
1920/3658 [==============>...............] - ETA: 12s - loss: 564972.6917
2048/3658 [===============>..............] - ETA: 11s - loss: 565208.5156
2176/3658 [================>.............] - ETA: 10s - loss: 565199.7868
2304/3658 [=================>............] - ETA: 9s - loss: 565316.6667 
2432/3658 [==================>...........] - ETA: 8s - loss: 565517.2533
2560/3658 [===================>..........] - ETA: 8s - loss: 565738.7656
2688/3658 [=====================>........] - ETA: 7s - loss: 565594.0268
2816/3658 [======================>.......] - ETA: 6s - loss: 565585.2472
2944/3658 [=======================>......] - ETA: 5s - loss: 565692.1685
3072/3658 [========================>.....] - ETA: 4s - loss: 565752.2422
3200/3658 [=========================>....] - ETA: 3s - loss: 565612.3475
3328/3658 [==========================>...] - ETA: 2s - loss: 565794.5168
3456/3658 [===========================>..] - ETA: 1s - loss: 565765.7755
3584/3658 [============================>.] - ETA: 0s - loss: 565805.5067
3658/3658 [==============================] - 27s 7ms/step - loss: 566169.4111
Epoch 97/100

 128/3658 [>.............................] - ETA: 26s - loss: 566682.9375
 256/3658 [=>............................] - ETA: 25s - loss: 566333.4062
 384/3658 [==>...........................] - ETA: 24s - loss: 566513.6458
 512/3658 [===>..........................] - ETA: 23s - loss: 567274.6875
 640/3658 [====>.........................] - ETA: 22s - loss: 567432.3000
 768/3658 [=====>........................] - ETA: 21s - loss: 567267.2812
 896/3658 [======>.......................] - ETA: 20s - loss: 566886.4554
1024/3658 [=======>......................] - ETA: 19s - loss: 567137.4609
1152/3658 [========>.....................] - ETA: 18s - loss: 567462.6875
1280/3658 [=========>....................] - ETA: 17s - loss: 567483.3063
1408/3658 [==========>...................] - ETA: 16s - loss: 566985.3239
1536/3658 [===========>..................] - ETA: 15s - loss: 566472.7656
1664/3658 [============>.................] - ETA: 14s - loss: 566084.3606
1792/3658 [=============>................] - ETA: 13s - loss: 566042.8795
1920/3658 [==============>...............] - ETA: 12s - loss: 565871.7958
2048/3658 [===============>..............] - ETA: 11s - loss: 565494.0273
2176/3658 [================>.............] - ETA: 10s - loss: 565615.0294
2304/3658 [=================>............] - ETA: 9s - loss: 565662.0486 
2432/3658 [==================>...........] - ETA: 9s - loss: 565235.4408
2560/3658 [===================>..........] - ETA: 8s - loss: 565416.4250
2688/3658 [=====================>........] - ETA: 7s - loss: 565599.5268
2816/3658 [======================>.......] - ETA: 6s - loss: 565451.4972
2944/3658 [=======================>......] - ETA: 5s - loss: 565559.2310
3072/3658 [========================>.....] - ETA: 4s - loss: 565567.9922
3200/3658 [=========================>....] - ETA: 3s - loss: 565344.4025
3328/3658 [==========================>...] - ETA: 2s - loss: 565456.7812
3456/3658 [===========================>..] - ETA: 1s - loss: 565452.9560
3584/3658 [============================>.] - ETA: 0s - loss: 565513.6116
3658/3658 [==============================] - 27s 7ms/step - loss: 565923.1128
Epoch 98/100

 128/3658 [>.............................] - ETA: 26s - loss: 566667.9375
 256/3658 [=>............................] - ETA: 25s - loss: 565442.2500
 384/3658 [==>...........................] - ETA: 24s - loss: 566827.6042
 512/3658 [===>..........................] - ETA: 23s - loss: 566655.0938
 640/3658 [====>.........................] - ETA: 22s - loss: 566843.7000
 768/3658 [=====>........................] - ETA: 21s - loss: 566985.8750
 896/3658 [======>.......................] - ETA: 20s - loss: 567137.7500
1024/3658 [=======>......................] - ETA: 19s - loss: 566500.7188
1152/3658 [========>.....................] - ETA: 18s - loss: 566048.7708
1280/3658 [=========>....................] - ETA: 17s - loss: 566331.9437
1408/3658 [==========>...................] - ETA: 16s - loss: 565766.3466
1536/3658 [===========>..................] - ETA: 15s - loss: 565956.7135
1664/3658 [============>.................] - ETA: 14s - loss: 565978.6298
1792/3658 [=============>................] - ETA: 13s - loss: 565494.3036
1920/3658 [==============>...............] - ETA: 12s - loss: 565505.7458
2048/3658 [===============>..............] - ETA: 11s - loss: 565693.4531
2176/3658 [================>.............] - ETA: 10s - loss: 565811.5000
2304/3658 [=================>............] - ETA: 9s - loss: 566073.2569 
2432/3658 [==================>...........] - ETA: 9s - loss: 566029.4967
2560/3658 [===================>..........] - ETA: 8s - loss: 565992.7188
2688/3658 [=====================>........] - ETA: 7s - loss: 566051.9226
2816/3658 [======================>.......] - ETA: 6s - loss: 565918.9119
2944/3658 [=======================>......] - ETA: 5s - loss: 565941.4647
3072/3658 [========================>.....] - ETA: 4s - loss: 565732.8932
3200/3658 [=========================>....] - ETA: 3s - loss: 565727.0325
3328/3658 [==========================>...] - ETA: 2s - loss: 565729.0024
3456/3658 [===========================>..] - ETA: 1s - loss: 565750.5301
3584/3658 [============================>.] - ETA: 0s - loss: 565506.0603
3658/3658 [==============================] - 27s 7ms/step - loss: 565897.6871
Epoch 99/100

 128/3658 [>.............................] - ETA: 26s - loss: 563591.5625
 256/3658 [=>............................] - ETA: 24s - loss: 564663.2812
 384/3658 [==>...........................] - ETA: 23s - loss: 562826.6875
 512/3658 [===>..........................] - ETA: 23s - loss: 564157.6875
 640/3658 [====>.........................] - ETA: 22s - loss: 564942.7875
 768/3658 [=====>........................] - ETA: 21s - loss: 564705.9896
 896/3658 [======>.......................] - ETA: 20s - loss: 564907.2411
1024/3658 [=======>......................] - ETA: 19s - loss: 563991.5391
1152/3658 [========>.....................] - ETA: 18s - loss: 564150.7222
1280/3658 [=========>....................] - ETA: 17s - loss: 564578.7000
1408/3658 [==========>...................] - ETA: 16s - loss: 564890.1420
1536/3658 [===========>..................] - ETA: 15s - loss: 564474.1667
1664/3658 [============>.................] - ETA: 14s - loss: 564562.2212
1792/3658 [=============>................] - ETA: 13s - loss: 564730.8393
1920/3658 [==============>...............] - ETA: 12s - loss: 564766.0917
2048/3658 [===============>..............] - ETA: 11s - loss: 564432.9961
2176/3658 [================>.............] - ETA: 10s - loss: 564587.1434
2304/3658 [=================>............] - ETA: 10s - loss: 564861.0243
2432/3658 [==================>...........] - ETA: 9s - loss: 564715.6743 
2560/3658 [===================>..........] - ETA: 8s - loss: 564567.0781
2688/3658 [=====================>........] - ETA: 7s - loss: 564851.2589
2816/3658 [======================>.......] - ETA: 6s - loss: 564963.7585
2944/3658 [=======================>......] - ETA: 5s - loss: 565080.5353
3072/3658 [========================>.....] - ETA: 4s - loss: 565114.9323
3200/3658 [=========================>....] - ETA: 3s - loss: 565332.0650
3328/3658 [==========================>...] - ETA: 2s - loss: 565391.0481
3456/3658 [===========================>..] - ETA: 1s - loss: 565263.0926
3584/3658 [============================>.] - ETA: 0s - loss: 565339.6116
3658/3658 [==============================] - 27s 7ms/step - loss: 565692.6645
Epoch 100/100

 128/3658 [>.............................] - ETA: 25s - loss: 567313.4375
 256/3658 [=>............................] - ETA: 24s - loss: 566380.4375
 384/3658 [==>...........................] - ETA: 24s - loss: 566474.6042
 512/3658 [===>..........................] - ETA: 23s - loss: 565316.3125
 640/3658 [====>.........................] - ETA: 22s - loss: 564097.1625
 768/3658 [=====>........................] - ETA: 21s - loss: 564849.7292
 896/3658 [======>.......................] - ETA: 20s - loss: 564723.5268
1024/3658 [=======>......................] - ETA: 19s - loss: 565139.7656
1152/3658 [========>.....................] - ETA: 18s - loss: 565363.5694
1280/3658 [=========>....................] - ETA: 17s - loss: 565381.7812
1408/3658 [==========>...................] - ETA: 16s - loss: 565449.8693
1536/3658 [===========>..................] - ETA: 15s - loss: 564974.6250
1664/3658 [============>.................] - ETA: 14s - loss: 565447.0048
1792/3658 [=============>................] - ETA: 13s - loss: 565436.8705
1920/3658 [==============>...............] - ETA: 12s - loss: 565102.5875
2048/3658 [===============>..............] - ETA: 11s - loss: 565285.3008
2176/3658 [================>.............] - ETA: 10s - loss: 564975.0404
2304/3658 [=================>............] - ETA: 9s - loss: 565084.0382 
2432/3658 [==================>...........] - ETA: 8s - loss: 565112.1776
2560/3658 [===================>..........] - ETA: 8s - loss: 564821.3344
2688/3658 [=====================>........] - ETA: 7s - loss: 564872.1935
2816/3658 [======================>.......] - ETA: 6s - loss: 564887.8153
2944/3658 [=======================>......] - ETA: 5s - loss: 565028.1603
3072/3658 [========================>.....] - ETA: 4s - loss: 564907.8333
3200/3658 [=========================>....] - ETA: 3s - loss: 564991.5075
3328/3658 [==========================>...] - ETA: 2s - loss: 565129.6034
3456/3658 [===========================>..] - ETA: 1s - loss: 565147.2755
3584/3658 [============================>.] - ETA: 0s - loss: 565318.6763
3658/3658 [==============================] - 27s 7ms/step - loss: 565688.0570

Training time: 2707.92 seconds
Weights saved: /datasets/zsuliman/msi_checkpoints/baselines/msipl/massnet/GBM12_1/msipl_weights.h5

=== ENCODING ===
Latent shape: (3658, 5)

=== RECONSTRUCTION ===
Decoded shape: (3658, 85062)

Direct reconstruction MSE: 0.00014789790389229822
TIC-normalised reconstruction MSE: 1.0913364058315884e-08

=== Decoded output ===
shape: (3658, 85062)
dtype: float32
min: 8.568811e-29
max: 1.0
mean: 0.00061811897
std: 0.012399443

=== TIC-normalised decoded output ===
shape: (3658, 85062)
dtype: float32
min: 3.0721441e-30
max: 0.038234506
mean: 1.1756119e-05
std: 0.00024456854

=== PEAK LEARNING ===
Learned m/z peaks: 453
Peak-learning time: 0.9379 seconds

==========================================
       LEGACY msiPL S1 COMPLETE
==========================================
Dataset: GBM12_1.h5
Training time: 2707.918336868286
Direct MSE: 0.00014789790389229822
TIC-normalised MSE: 1.0913364058315884e-08
Learned peaks: 453
Results: /home-mscluster/zsuliman/msi/results/baselines/msipl/massnet/GBM12_1
Checkpoint: /datasets/zsuliman/msi_checkpoints/baselines/msipl/massnet/GBM12_1/msipl_weights.h5
==========================================
{
  "dataset": "GBM12_1",
  "method": "legacy msiPL VAE-BN plus LearnPeaks",
  "evaluation": "S3PL-compatible PCC-threshold peak classification",
  "thresholds": [
    0.3,
    0.4,
    0.5,
    0.6
  ],
  "spectral_bins": 85062,
  "reported_peaks": 453,
  "unique_nearest_bins": 453,
  "threshold_results": {
    "0.3": {
      "class_metrics": {
        "normal": {
          "true_positive": 137,
          "false_positive": 316,
          "false_negative": 184,
          "true_negative": 84425,
          "recall": 0.42679127725856697,
          "precision": 0.30242825607064017,
          "F1": 0.35400516795865633
        },
        "tumour": {
          "true_positive": 63,
          "false_positive": 390,
          "false_negative": 651,
          "true_negative": 83958,
          "recall": 0.08823529411764706,
          "precision": 0.1390728476821192,
          "F1": 0.10796915167095116
        }
      },
      "mixed_classes": {
        "true_positive": 200,
        "false_positive": 253,
        "false_negative": 835,
        "true_negative": 83774,
        "recall": 0.1932367149758454,
        "precision": 0.44150110375275936,
        "F1": 0.26881720430107525
      },
      "true_bins_mixed": 1035
    },
    "0.4": {
      "class_metrics": {
        "normal": {
          "true_positive": 104,
          "false_positive": 349,
          "false_negative": 97,
          "true_negative": 84512,
          "recall": 0.5174129353233831,
          "precision": 0.22958057395143489,
          "F1": 0.3180428134556575
        },
        "tumour": {
          "true_positive": 51,
          "false_positive": 402,
          "false_negative": 439,
          "true_negative": 84170,
          "recall": 0.10408163265306122,
          "precision": 0.11258278145695365,
          "F1": 0.10816542948038176
        }
      },
      "mixed_classes": {
        "true_positive": 155,
        "false_positive": 298,
        "false_negative": 536,
        "true_negative": 84073,
        "recall": 0.22431259044862517,
        "precision": 0.34216335540838855,
        "F1": 0.270979020979021
      },
      "true_bins_mixed": 691
    },
    "0.5": {
      "class_metrics": {
        "normal": {
          "true_positive": 52,
          "false_positive": 401,
          "false_negative": 35,
          "true_negative": 84574,
          "recall": 0.5977011494252874,
          "precision": 0.11479028697571744,
          "F1": 0.1925925925925926
        },
        "tumour": {
          "true_positive": 41,
          "false_positive": 412,
          "false_negative": 300,
          "true_negative": 84309,
          "recall": 0.12023460410557185,
          "precision": 0.09050772626931568,
          "F1": 0.10327455919395466
        }
      },
      "mixed_classes": {
        "true_positive": 93,
        "false_positive": 360,
        "false_negative": 335,
        "true_negative": 84274,
        "recall": 0.21728971962616822,
        "precision": 0.2052980132450331,
        "F1": 0.21112372304199772
      },
      "true_bins_mixed": 428
    },
    "0.6": {
      "class_metrics": {
        "normal": {
          "true_positive": 1,
          "false_positive": 452,
          "false_negative": 4,
          "true_negative": 84605,
          "recall": 0.2,
          "precision": 0.002207505518763797,
          "F1": 0.004366812227074236
        },
        "tumour": {
          "true_positive": 33,
          "false_positive": 420,
          "false_negative": 194,
          "true_negative": 84415,
          "recall": 0.14537444933920704,
          "precision": 0.0728476821192053,
          "F1": 0.09705882352941177
        }
      },
      "mixed_classes": {
        "true_positive": 34,
        "false_positive": 419,
        "false_negative": 198,
        "true_negative": 84411,
        "recall": 0.14655172413793102,
        "precision": 0.07505518763796909,
        "F1": 0.09927007299270073
      },
      "true_bins_mixed": 232
    }
  },
  "mixed_f1": {
    "0.3": 0.26881720430107525,
    "0.4": 0.270979020979021,
    "0.5": 0.21112372304199772,
    "0.6": 0.09927007299270073
  },
  "mSCF1": 0.2125475053286987,
  "status": "complete"
}
