=== 200TopL: 1/3 PREPARE CAC ADAPTER ===
{
  "dataset": "200TopL",
  "source_imzml": "/datasets/zsuliman/msi_data/cac/200TopL.imzML",
  "source_mask": "/datasets/zsuliman/msi_data/cac/masks/200TopL_mask.npy",
  "output_h5": "/datasets/zsuliman/msi_data/cac_msipl/200TopL.h5",
  "spectra_shape_pixels_mz": [
    3953,
    1481
  ],
  "mz_range": [
    198.03366088867188,
    1060.6785888671875
  ],
  "spatial_shape_y_x": [
    59,
    67
  ],
  "measured_pixels": 3953,
  "grid_pixels": 3953,
  "coverage_percent": 100.0,
  "class_counts_at_measured_pixels": {
    "0": 1419,
    "1": 1459,
    "2": 1075
  },
  "checks": {
    "shared_mz_axis": true,
    "mask_coordinate_alignment": true,
    "h5_round_trip": true,
    "intensity_transformation": "none"
  },
  "status": "valid"
}
=== 200TopL: 2/3 TRAIN FIXED-BETA LEGACY msiPL ===
=== LOADING DATA ===
Input: /datasets/zsuliman/msi_data/cac_msipl/200TopL.h5
HDF5 keys: ['Class_Label', 'Data', 'mzArray', 'xLocation', 'yLocation']
Raw Data shape: (3953, 1481)
mzArray shape: (1481,)
xLocation shape: (3953,)
yLocation shape: (3953,)
Final spectra shape: (3953, 1481)
m/z range: 198.033661 - 1060.678589

=== DATASET INFORMATION ===
Pixels: 3953
m/z features: 1481
Latent dimension: 5
Intermediate dimension: 512
Epochs: 100
Batch size: 128
Beta: 2.5

=== TIC-normalised spectra ===
shape: (3953, 1481)
dtype: float32
min: 0.0
max: 0.49409068
mean: 0.00067521934
std: 0.006335381

Post-normalisation TIC range: 0.999999761581 - 1.000000238419

=== BUILDING LEGACY msiPL ===
==== Encoder Architecture...
__________________________________________________________________________________________________
Layer (type)                    Output Shape         Param #     Connected to                     
==================================================================================================
encoder_input (InputLayer)      (None, 1481)         0                                            
__________________________________________________________________________________________________
dense_1 (Dense)                 (None, 512)          758784      encoder_input[0][0]              
__________________________________________________________________________________________________
batch_normalization_1 (BatchNor (None, 512)          2048        dense_1[0][0]                    
__________________________________________________________________________________________________
activation_1 (Activation)       (None, 512)          0           batch_normalization_1[0][0]      
__________________________________________________________________________________________________
z_mean (Dense)                  (None, 5)            2565        activation_1[0][0]               
__________________________________________________________________________________________________
z_log_var (Dense)               (None, 5)            2565        activation_1[0][0]               
__________________________________________________________________________________________________
batch_normalization_2 (BatchNor (None, 5)            20          z_mean[0][0]                     
__________________________________________________________________________________________________
batch_normalization_3 (BatchNor (None, 5)            20          z_log_var[0][0]                  
__________________________________________________________________________________________________
z (Lambda)                      (None, 5)            0           batch_normalization_2[0][0]      
                                                                 batch_normalization_3[0][0]      
==================================================================================================
Total params: 766,002
Trainable params: 764,958
Non-trainable params: 1,044
__________________________________________________________________________________________________
==== Decoder Architecture...
_________________________________________________________________
Layer (type)                 Output Shape              Param #   
=================================================================
Latent_Space (InputLayer)    (None, 5)                 0         
_________________________________________________________________
dense_2 (Dense)              (None, 512)               3072      
_________________________________________________________________
batch_normalization_4 (Batch (None, 512)               2048      
_________________________________________________________________
activation_2 (Activation)    (None, 512)               0         
_________________________________________________________________
dense_3 (Dense)              (None, 1481)              759753    
=================================================================
Total params: 764,873
Trainable params: 763,849
Non-trainable params: 1,024
_________________________________________________________________

=== TRAINING ===
Epoch 1/100

 128/3953 [..............................] - ETA: 30s - loss: 10841.5977
 384/3953 [=>............................] - ETA: 10s - loss: 10613.8473
 640/3953 [===>..........................] - ETA: 6s - loss: 10404.3922 
 896/3953 [=====>........................] - ETA: 4s - loss: 10202.1687
1152/3953 [=======>......................] - ETA: 3s - loss: 9992.0971 
1408/3953 [=========>....................] - ETA: 2s - loss: 9786.7870
1664/3953 [===========>..................] - ETA: 2s - loss: 9605.7357
1920/3953 [=============>................] - ETA: 1s - loss: 9424.1911
2176/3953 [===============>..............] - ETA: 1s - loss: 9261.2251
2432/3953 [=================>............] - ETA: 1s - loss: 9104.4307
2688/3953 [===================>..........] - ETA: 0s - loss: 8962.3046
2944/3953 [=====================>........] - ETA: 0s - loss: 8836.9224
3200/3953 [=======================>......] - ETA: 0s - loss: 8730.0417
3456/3953 [=========================>....] - ETA: 0s - loss: 8624.2272
3712/3953 [===========================>..] - ETA: 0s - loss: 8528.7126
3953/3953 [==============================] - 2s 554us/step - loss: 8438.1761
Epoch 2/100

 128/3953 [..............................] - ETA: 1s - loss: 7201.7461
 384/3953 [=>............................] - ETA: 1s - loss: 7179.2129
 640/3953 [===>..........................] - ETA: 1s - loss: 7143.4488
 896/3953 [=====>........................] - ETA: 0s - loss: 7052.6489
1152/3953 [=======>......................] - ETA: 0s - loss: 6991.6036
1408/3953 [=========>....................] - ETA: 0s - loss: 6975.5063
1664/3953 [===========>..................] - ETA: 0s - loss: 6925.7526
1920/3953 [=============>................] - ETA: 0s - loss: 6935.1613
2176/3953 [===============>..............] - ETA: 0s - loss: 6930.1052
2432/3953 [=================>............] - ETA: 0s - loss: 6907.4886
2688/3953 [===================>..........] - ETA: 0s - loss: 6910.9355
2944/3953 [=====================>........] - ETA: 0s - loss: 6892.2742
3200/3953 [=======================>......] - ETA: 0s - loss: 6885.1673
3456/3953 [=========================>....] - ETA: 0s - loss: 6857.0605
3712/3953 [===========================>..] - ETA: 0s - loss: 6818.0894
3953/3953 [==============================] - 1s 299us/step - loss: 6779.6384
Epoch 3/100

 128/3953 [..............................] - ETA: 1s - loss: 6812.2432
 384/3953 [=>............................] - ETA: 1s - loss: 6295.1243
 640/3953 [===>..........................] - ETA: 0s - loss: 6327.3883
 896/3953 [=====>........................] - ETA: 0s - loss: 6411.4999
1152/3953 [=======>......................] - ETA: 0s - loss: 6463.1224
1408/3953 [=========>....................] - ETA: 0s - loss: 6447.8661
1664/3953 [===========>..................] - ETA: 0s - loss: 6432.8088
1920/3953 [=============>................] - ETA: 0s - loss: 6417.2179
2176/3953 [===============>..............] - ETA: 0s - loss: 6460.6186
2432/3953 [=================>............] - ETA: 0s - loss: 6468.8525
2688/3953 [===================>..........] - ETA: 0s - loss: 6497.5591
2944/3953 [=====================>........] - ETA: 0s - loss: 6510.4676
3200/3953 [=======================>......] - ETA: 0s - loss: 6498.4187
3456/3953 [=========================>....] - ETA: 0s - loss: 6517.3378
3712/3953 [===========================>..] - ETA: 0s - loss: 6520.2137
3953/3953 [==============================] - 1s 303us/step - loss: 6490.2666
Epoch 4/100

 128/3953 [..............................] - ETA: 1s - loss: 6028.2051
 384/3953 [=>............................] - ETA: 1s - loss: 6414.2466
 640/3953 [===>..........................] - ETA: 1s - loss: 6268.2065
 896/3953 [=====>........................] - ETA: 0s - loss: 6317.0818
1152/3953 [=======>......................] - ETA: 0s - loss: 6316.3803
1408/3953 [=========>....................] - ETA: 0s - loss: 6337.4446
1664/3953 [===========>..................] - ETA: 0s - loss: 6375.0421
1920/3953 [=============>................] - ETA: 0s - loss: 6343.3284
2176/3953 [===============>..............] - ETA: 0s - loss: 6375.4837
2432/3953 [=================>............] - ETA: 0s - loss: 6391.3550
2688/3953 [===================>..........] - ETA: 0s - loss: 6374.4418
2944/3953 [=====================>........] - ETA: 0s - loss: 6381.3429
3200/3953 [=======================>......] - ETA: 0s - loss: 6374.4155
3456/3953 [=========================>....] - ETA: 0s - loss: 6391.2929
3712/3953 [===========================>..] - ETA: 0s - loss: 6385.2129
3953/3953 [==============================] - 1s 309us/step - loss: 6367.7259
Epoch 5/100

 128/3953 [..............................] - ETA: 1s - loss: 5835.6855
 384/3953 [=>............................] - ETA: 1s - loss: 5925.6717
 640/3953 [===>..........................] - ETA: 1s - loss: 5986.6115
 896/3953 [=====>........................] - ETA: 0s - loss: 6142.7091
1152/3953 [=======>......................] - ETA: 0s - loss: 6266.6613
1408/3953 [=========>....................] - ETA: 0s - loss: 6320.1175
1664/3953 [===========>..................] - ETA: 0s - loss: 6361.0769
1920/3953 [=============>................] - ETA: 0s - loss: 6338.6824
2176/3953 [===============>..............] - ETA: 0s - loss: 6310.4150
2432/3953 [=================>............] - ETA: 0s - loss: 6303.0388
2688/3953 [===================>..........] - ETA: 0s - loss: 6326.7804
2944/3953 [=====================>........] - ETA: 0s - loss: 6322.0681
3200/3953 [=======================>......] - ETA: 0s - loss: 6343.4142
3456/3953 [=========================>....] - ETA: 0s - loss: 6361.8325
3712/3953 [===========================>..] - ETA: 0s - loss: 6351.4489
3953/3953 [==============================] - 1s 302us/step - loss: 6324.4288
Epoch 6/100

 128/3953 [..............................] - ETA: 1s - loss: 6448.3350
 384/3953 [=>............................] - ETA: 1s - loss: 6530.1120
 640/3953 [===>..........................] - ETA: 1s - loss: 6362.4050
 896/3953 [=====>........................] - ETA: 0s - loss: 6424.4497
1152/3953 [=======>......................] - ETA: 0s - loss: 6284.4309
1408/3953 [=========>....................] - ETA: 0s - loss: 6300.7954
1664/3953 [===========>..................] - ETA: 0s - loss: 6345.9858
1920/3953 [=============>................] - ETA: 0s - loss: 6365.6768
2176/3953 [===============>..............] - ETA: 0s - loss: 6306.6067
2432/3953 [=================>............] - ETA: 0s - loss: 6321.0986
2688/3953 [===================>..........] - ETA: 0s - loss: 6276.4796
2944/3953 [=====================>........] - ETA: 0s - loss: 6276.7242
3200/3953 [=======================>......] - ETA: 0s - loss: 6296.1933
3456/3953 [=========================>....] - ETA: 0s - loss: 6285.1578
3712/3953 [===========================>..] - ETA: 0s - loss: 6276.3608
3953/3953 [==============================] - 1s 299us/step - loss: 6259.5824
Epoch 7/100

 128/3953 [..............................] - ETA: 0s - loss: 6504.2705
 384/3953 [=>............................] - ETA: 0s - loss: 6485.1849
 640/3953 [===>..........................] - ETA: 0s - loss: 6415.5636
 896/3953 [=====>........................] - ETA: 0s - loss: 6448.8958
1152/3953 [=======>......................] - ETA: 0s - loss: 6287.4310
1408/3953 [=========>....................] - ETA: 0s - loss: 6260.0160
1664/3953 [===========>..................] - ETA: 0s - loss: 6229.2902
1920/3953 [=============>................] - ETA: 0s - loss: 6211.4760
2176/3953 [===============>..............] - ETA: 0s - loss: 6247.6073
2432/3953 [=================>............] - ETA: 0s - loss: 6225.3128
2688/3953 [===================>..........] - ETA: 0s - loss: 6259.4558
2944/3953 [=====================>........] - ETA: 0s - loss: 6234.2807
3200/3953 [=======================>......] - ETA: 0s - loss: 6226.7454
3456/3953 [=========================>....] - ETA: 0s - loss: 6232.6566
3712/3953 [===========================>..] - ETA: 0s - loss: 6252.9038
3953/3953 [==============================] - 1s 288us/step - loss: 6242.5419
Epoch 8/100

 128/3953 [..............................] - ETA: 1s - loss: 6523.8911
 384/3953 [=>............................] - ETA: 1s - loss: 6014.7446
 640/3953 [===>..........................] - ETA: 0s - loss: 5991.7601
 896/3953 [=====>........................] - ETA: 0s - loss: 6085.3688
1152/3953 [=======>......................] - ETA: 0s - loss: 6064.9833
1408/3953 [=========>....................] - ETA: 0s - loss: 6144.2021
1664/3953 [===========>..................] - ETA: 0s - loss: 6175.4254
1920/3953 [=============>................] - ETA: 0s - loss: 6144.8662
2176/3953 [===============>..............] - ETA: 0s - loss: 6151.0658
2432/3953 [=================>............] - ETA: 0s - loss: 6182.8782
2688/3953 [===================>..........] - ETA: 0s - loss: 6211.6415
2944/3953 [=====================>........] - ETA: 0s - loss: 6230.2174
3200/3953 [=======================>......] - ETA: 0s - loss: 6212.4525
3456/3953 [=========================>....] - ETA: 0s - loss: 6229.5491
3712/3953 [===========================>..] - ETA: 0s - loss: 6219.0277
3953/3953 [==============================] - 1s 307us/step - loss: 6203.5173
Epoch 9/100

 128/3953 [..............................] - ETA: 1s - loss: 6298.2383
 384/3953 [=>............................] - ETA: 1s - loss: 6233.9442
 640/3953 [===>..........................] - ETA: 1s - loss: 6139.4245
 896/3953 [=====>........................] - ETA: 0s - loss: 6210.3752
1152/3953 [=======>......................] - ETA: 0s - loss: 6177.2663
1408/3953 [=========>....................] - ETA: 0s - loss: 6141.2338
1664/3953 [===========>..................] - ETA: 0s - loss: 6120.6676
1920/3953 [=============>................] - ETA: 0s - loss: 6187.2548
2176/3953 [===============>..............] - ETA: 0s - loss: 6183.7069
2432/3953 [=================>............] - ETA: 0s - loss: 6213.6953
2688/3953 [===================>..........] - ETA: 0s - loss: 6149.9258
2944/3953 [=====================>........] - ETA: 0s - loss: 6168.9115
3200/3953 [=======================>......] - ETA: 0s - loss: 6191.3322
3456/3953 [=========================>....] - ETA: 0s - loss: 6186.4784
3712/3953 [===========================>..] - ETA: 0s - loss: 6200.7479
3953/3953 [==============================] - 1s 285us/step - loss: 6183.5910
Epoch 10/100

 128/3953 [..............................] - ETA: 1s - loss: 5820.8076
 384/3953 [=>............................] - ETA: 0s - loss: 5687.0970
 640/3953 [===>..........................] - ETA: 0s - loss: 5720.0818
 896/3953 [=====>........................] - ETA: 0s - loss: 5967.3210
1152/3953 [=======>......................] - ETA: 0s - loss: 5868.3633
1408/3953 [=========>....................] - ETA: 0s - loss: 6007.4295
1664/3953 [===========>..................] - ETA: 0s - loss: 6108.7439
1920/3953 [=============>................] - ETA: 0s - loss: 6081.5528
2176/3953 [===============>..............] - ETA: 0s - loss: 6124.0448
2432/3953 [=================>............] - ETA: 0s - loss: 6132.1365
2688/3953 [===================>..........] - ETA: 0s - loss: 6160.5582
2944/3953 [=====================>........] - ETA: 0s - loss: 6187.1235
3200/3953 [=======================>......] - ETA: 0s - loss: 6208.7821
3456/3953 [=========================>....] - ETA: 0s - loss: 6208.9119
3712/3953 [===========================>..] - ETA: 0s - loss: 6201.7737
3953/3953 [==============================] - 1s 277us/step - loss: 6187.0459
Epoch 11/100

 128/3953 [..............................] - ETA: 0s - loss: 6316.1104
 384/3953 [=>............................] - ETA: 0s - loss: 6135.2308
 640/3953 [===>..........................] - ETA: 0s - loss: 6062.5132
 896/3953 [=====>........................] - ETA: 0s - loss: 6173.3199
1152/3953 [=======>......................] - ETA: 0s - loss: 6036.6649
1408/3953 [=========>....................] - ETA: 0s - loss: 6138.9369
1664/3953 [===========>..................] - ETA: 0s - loss: 6209.2461
1920/3953 [=============>................] - ETA: 0s - loss: 6193.2274
2176/3953 [===============>..............] - ETA: 0s - loss: 6222.4600
2432/3953 [=================>............] - ETA: 0s - loss: 6211.6716
2688/3953 [===================>..........] - ETA: 0s - loss: 6177.9743
2944/3953 [=====================>........] - ETA: 0s - loss: 6196.6005
3200/3953 [=======================>......] - ETA: 0s - loss: 6211.5464
3456/3953 [=========================>....] - ETA: 0s - loss: 6195.4541
3712/3953 [===========================>..] - ETA: 0s - loss: 6186.4948
3953/3953 [==============================] - 1s 282us/step - loss: 6167.6298
Epoch 12/100

 128/3953 [..............................] - ETA: 1s - loss: 6257.9902
 384/3953 [=>............................] - ETA: 1s - loss: 6210.0944
 640/3953 [===>..........................] - ETA: 1s - loss: 6127.9789
 896/3953 [=====>........................] - ETA: 0s - loss: 6100.1014
1152/3953 [=======>......................] - ETA: 0s - loss: 5984.6844
1408/3953 [=========>....................] - ETA: 0s - loss: 6083.9230
1664/3953 [===========>..................] - ETA: 0s - loss: 6084.2898
1920/3953 [=============>................] - ETA: 0s - loss: 6115.4037
2176/3953 [===============>..............] - ETA: 0s - loss: 6093.9481
2432/3953 [=================>............] - ETA: 0s - loss: 6132.6151
2688/3953 [===================>..........] - ETA: 0s - loss: 6154.4163
2944/3953 [=====================>........] - ETA: 0s - loss: 6134.3162
3200/3953 [=======================>......] - ETA: 0s - loss: 6160.0682
3456/3953 [=========================>....] - ETA: 0s - loss: 6139.0243
3712/3953 [===========================>..] - ETA: 0s - loss: 6161.2978
3953/3953 [==============================] - 1s 289us/step - loss: 6133.5307
Epoch 13/100

 128/3953 [..............................] - ETA: 1s - loss: 5755.7021
 384/3953 [=>............................] - ETA: 0s - loss: 6252.4746
 640/3953 [===>..........................] - ETA: 0s - loss: 6241.5892
 896/3953 [=====>........................] - ETA: 0s - loss: 6190.6611
1152/3953 [=======>......................] - ETA: 0s - loss: 6243.1746
1408/3953 [=========>....................] - ETA: 0s - loss: 6261.3820
1664/3953 [===========>..................] - ETA: 0s - loss: 6220.3470
1920/3953 [=============>................] - ETA: 0s - loss: 6235.8629
2176/3953 [===============>..............] - ETA: 0s - loss: 6204.2244
2432/3953 [=================>............] - ETA: 0s - loss: 6180.3024
2688/3953 [===================>..........] - ETA: 0s - loss: 6206.5233
2944/3953 [=====================>........] - ETA: 0s - loss: 6224.4080
3200/3953 [=======================>......] - ETA: 0s - loss: 6225.1416
3456/3953 [=========================>....] - ETA: 0s - loss: 6207.2224
3712/3953 [===========================>..] - ETA: 0s - loss: 6182.4592
3953/3953 [==============================] - 1s 294us/step - loss: 6127.4802
Epoch 14/100

 128/3953 [..............................] - ETA: 0s - loss: 5314.4844
 384/3953 [=>............................] - ETA: 0s - loss: 6049.4782
 640/3953 [===>..........................] - ETA: 0s - loss: 6127.6363
 896/3953 [=====>........................] - ETA: 0s - loss: 6083.9866
1152/3953 [=======>......................] - ETA: 0s - loss: 6193.6608
1408/3953 [=========>....................] - ETA: 0s - loss: 6251.3796
1664/3953 [===========>..................] - ETA: 0s - loss: 6277.3760
1920/3953 [=============>................] - ETA: 0s - loss: 6248.9920
2176/3953 [===============>..............] - ETA: 0s - loss: 6275.8304
2432/3953 [=================>............] - ETA: 0s - loss: 6275.5040
2688/3953 [===================>..........] - ETA: 0s - loss: 6252.4183
2944/3953 [=====================>........] - ETA: 0s - loss: 6262.9673
3200/3953 [=======================>......] - ETA: 0s - loss: 6241.3258
3456/3953 [=========================>....] - ETA: 0s - loss: 6193.8770
3712/3953 [===========================>..] - ETA: 0s - loss: 6170.1799
3953/3953 [==============================] - 1s 283us/step - loss: 6145.9578
Epoch 15/100

 128/3953 [..............................] - ETA: 1s - loss: 5222.1660
 384/3953 [=>............................] - ETA: 1s - loss: 6108.4404
 640/3953 [===>..........................] - ETA: 1s - loss: 6318.3660
 896/3953 [=====>........................] - ETA: 0s - loss: 6351.4722
1152/3953 [=======>......................] - ETA: 0s - loss: 6376.4124
1408/3953 [=========>....................] - ETA: 0s - loss: 6386.9416
1664/3953 [===========>..................] - ETA: 0s - loss: 6356.2012
1920/3953 [=============>................] - ETA: 0s - loss: 6285.1798
2176/3953 [===============>..............] - ETA: 0s - loss: 6258.8871
2432/3953 [=================>............] - ETA: 0s - loss: 6271.9714
2688/3953 [===================>..........] - ETA: 0s - loss: 6243.9811
2944/3953 [=====================>........] - ETA: 0s - loss: 6256.9113
3200/3953 [=======================>......] - ETA: 0s - loss: 6196.8288
3456/3953 [=========================>....] - ETA: 0s - loss: 6172.7303
3712/3953 [===========================>..] - ETA: 0s - loss: 6184.2029
3953/3953 [==============================] - 1s 294us/step - loss: 6155.7222
Epoch 16/100

 128/3953 [..............................] - ETA: 1s - loss: 6529.0049
 384/3953 [=>............................] - ETA: 1s - loss: 6580.3939
 640/3953 [===>..........................] - ETA: 0s - loss: 6509.1160
 896/3953 [=====>........................] - ETA: 0s - loss: 6317.3277
1152/3953 [=======>......................] - ETA: 0s - loss: 6137.5737
1408/3953 [=========>....................] - ETA: 0s - loss: 6121.4501
1664/3953 [===========>..................] - ETA: 0s - loss: 6152.5428
1920/3953 [=============>................] - ETA: 0s - loss: 6198.0749
2176/3953 [===============>..............] - ETA: 0s - loss: 6165.9899
2432/3953 [=================>............] - ETA: 0s - loss: 6200.7469
2688/3953 [===================>..........] - ETA: 0s - loss: 6128.2545
2944/3953 [=====================>........] - ETA: 0s - loss: 6108.3902
3200/3953 [=======================>......] - ETA: 0s - loss: 6115.4900
3456/3953 [=========================>....] - ETA: 0s - loss: 6128.6207
3712/3953 [===========================>..] - ETA: 0s - loss: 6141.2908
3953/3953 [==============================] - 1s 303us/step - loss: 6121.7324
Epoch 17/100

 128/3953 [..............................] - ETA: 1s - loss: 5277.4922
 384/3953 [=>............................] - ETA: 1s - loss: 6033.5615
 640/3953 [===>..........................] - ETA: 1s - loss: 6113.7183
 896/3953 [=====>........................] - ETA: 0s - loss: 5943.2856
1152/3953 [=======>......................] - ETA: 0s - loss: 6041.6721
1408/3953 [=========>....................] - ETA: 0s - loss: 5999.4097
1664/3953 [===========>..................] - ETA: 0s - loss: 6046.0226
1920/3953 [=============>................] - ETA: 0s - loss: 6090.3021
2176/3953 [===============>..............] - ETA: 0s - loss: 6072.5310
2432/3953 [=================>............] - ETA: 0s - loss: 6088.1385
2688/3953 [===================>..........] - ETA: 0s - loss: 6119.4274
2944/3953 [=====================>........] - ETA: 0s - loss: 6145.8121
3200/3953 [=======================>......] - ETA: 0s - loss: 6130.2079
3456/3953 [=========================>....] - ETA: 0s - loss: 6147.6157
3712/3953 [===========================>..] - ETA: 0s - loss: 6114.6339
3953/3953 [==============================] - 1s 307us/step - loss: 6097.7150
Epoch 18/100

 128/3953 [..............................] - ETA: 0s - loss: 6369.6982
 384/3953 [=>............................] - ETA: 0s - loss: 6177.3361
 640/3953 [===>..........................] - ETA: 0s - loss: 6034.7409
 896/3953 [=====>........................] - ETA: 0s - loss: 5993.4421
1152/3953 [=======>......................] - ETA: 0s - loss: 6104.5747
1408/3953 [=========>....................] - ETA: 0s - loss: 6107.6404
1664/3953 [===========>..................] - ETA: 0s - loss: 6129.6470
1920/3953 [=============>................] - ETA: 0s - loss: 6067.9618
2176/3953 [===============>..............] - ETA: 0s - loss: 6111.3765
2432/3953 [=================>............] - ETA: 0s - loss: 6141.0638
2688/3953 [===================>..........] - ETA: 0s - loss: 6099.9870
2944/3953 [=====================>........] - ETA: 0s - loss: 6124.1181
3200/3953 [=======================>......] - ETA: 0s - loss: 6099.9296
3456/3953 [=========================>....] - ETA: 0s - loss: 6119.3758
3712/3953 [===========================>..] - ETA: 0s - loss: 6136.3376
3953/3953 [==============================] - 1s 280us/step - loss: 6085.7775
Epoch 19/100

 128/3953 [..............................] - ETA: 1s - loss: 5885.2803
 384/3953 [=>............................] - ETA: 1s - loss: 6216.5623
 640/3953 [===>..........................] - ETA: 1s - loss: 5922.9086
 896/3953 [=====>........................] - ETA: 0s - loss: 5903.1749
1152/3953 [=======>......................] - ETA: 0s - loss: 5996.2285
1408/3953 [=========>....................] - ETA: 0s - loss: 6082.1169
1664/3953 [===========>..................] - ETA: 0s - loss: 6118.3036
1920/3953 [=============>................] - ETA: 0s - loss: 6160.2086
2176/3953 [===============>..............] - ETA: 0s - loss: 6197.1130
2432/3953 [=================>............] - ETA: 0s - loss: 6185.6319
2688/3953 [===================>..........] - ETA: 0s - loss: 6160.7420
2944/3953 [=====================>........] - ETA: 0s - loss: 6137.9768
3200/3953 [=======================>......] - ETA: 0s - loss: 6153.2925
3456/3953 [=========================>....] - ETA: 0s - loss: 6133.0717
3712/3953 [===========================>..] - ETA: 0s - loss: 6117.1534
3953/3953 [==============================] - 1s 285us/step - loss: 6097.2455
Epoch 20/100

 128/3953 [..............................] - ETA: 1s - loss: 5691.3433
 384/3953 [=>............................] - ETA: 1s - loss: 5679.7741
 640/3953 [===>..........................] - ETA: 0s - loss: 5724.7375
 896/3953 [=====>........................] - ETA: 0s - loss: 5972.1092
1152/3953 [=======>......................] - ETA: 0s - loss: 6100.3728
1408/3953 [=========>....................] - ETA: 0s - loss: 6020.0696
1664/3953 [===========>..................] - ETA: 0s - loss: 6055.0924
1920/3953 [=============>................] - ETA: 0s - loss: 6096.3782
2176/3953 [===============>..............] - ETA: 0s - loss: 6065.6284
2432/3953 [=================>............] - ETA: 0s - loss: 6052.9127
2688/3953 [===================>..........] - ETA: 0s - loss: 6047.8398
2944/3953 [=====================>........] - ETA: 0s - loss: 6074.4760
3200/3953 [=======================>......] - ETA: 0s - loss: 6094.6444
3456/3953 [=========================>....] - ETA: 0s - loss: 6119.9696
3712/3953 [===========================>..] - ETA: 0s - loss: 6099.6883
3953/3953 [==============================] - 1s 300us/step - loss: 6080.5880
Epoch 21/100

 128/3953 [..............................] - ETA: 1s - loss: 6309.2681
 384/3953 [=>............................] - ETA: 1s - loss: 5727.6878
 640/3953 [===>..........................] - ETA: 0s - loss: 5824.6252
 896/3953 [=====>........................] - ETA: 0s - loss: 5846.0938
1152/3953 [=======>......................] - ETA: 0s - loss: 5972.5476
1408/3953 [=========>....................] - ETA: 0s - loss: 6061.5811
1664/3953 [===========>..................] - ETA: 0s - loss: 6018.2965
1920/3953 [=============>................] - ETA: 0s - loss: 6031.0150
2176/3953 [===============>..............] - ETA: 0s - loss: 6012.2714
2432/3953 [=================>............] - ETA: 0s - loss: 6042.9593
2688/3953 [===================>..........] - ETA: 0s - loss: 6065.6632
2944/3953 [=====================>........] - ETA: 0s - loss: 6073.7685
3200/3953 [=======================>......] - ETA: 0s - loss: 6054.0474
3456/3953 [=========================>....] - ETA: 0s - loss: 6059.7204
3712/3953 [===========================>..] - ETA: 0s - loss: 6077.3690
3953/3953 [==============================] - 1s 290us/step - loss: 6062.9972
Epoch 22/100

 128/3953 [..............................] - ETA: 1s - loss: 6415.1294
 384/3953 [=>............................] - ETA: 1s - loss: 6049.7284
 640/3953 [===>..........................] - ETA: 1s - loss: 6153.5824
 896/3953 [=====>........................] - ETA: 0s - loss: 6134.4616
1152/3953 [=======>......................] - ETA: 0s - loss: 6155.1769
1408/3953 [=========>....................] - ETA: 0s - loss: 6202.2340
1664/3953 [===========>..................] - ETA: 0s - loss: 6134.9218
1920/3953 [=============>................] - ETA: 0s - loss: 6101.7150
2176/3953 [===============>..............] - ETA: 0s - loss: 6117.1944
2432/3953 [=================>............] - ETA: 0s - loss: 6080.7824
2688/3953 [===================>..........] - ETA: 0s - loss: 6108.2249
2944/3953 [=====================>........] - ETA: 0s - loss: 6101.0041
3200/3953 [=======================>......] - ETA: 0s - loss: 6090.1387
3456/3953 [=========================>....] - ETA: 0s - loss: 6087.5945
3712/3953 [===========================>..] - ETA: 0s - loss: 6091.2469
3953/3953 [==============================] - 1s 302us/step - loss: 6037.8869
Epoch 23/100

 128/3953 [..............................] - ETA: 1s - loss: 6325.8750
 384/3953 [=>............................] - ETA: 1s - loss: 6013.6322
 640/3953 [===>..........................] - ETA: 0s - loss: 6031.7715
 896/3953 [=====>........................] - ETA: 0s - loss: 6045.2674
1152/3953 [=======>......................] - ETA: 0s - loss: 5980.9864
1408/3953 [=========>....................] - ETA: 0s - loss: 6070.4434
1664/3953 [===========>..................] - ETA: 0s - loss: 5951.3582
1920/3953 [=============>................] - ETA: 0s - loss: 5959.2118
2176/3953 [===============>..............] - ETA: 0s - loss: 6009.9355
2432/3953 [=================>............] - ETA: 0s - loss: 6046.3365
2688/3953 [===================>..........] - ETA: 0s - loss: 6059.7701
2944/3953 [=====================>........] - ETA: 0s - loss: 6029.4278
3200/3953 [=======================>......] - ETA: 0s - loss: 6057.3414
3456/3953 [=========================>....] - ETA: 0s - loss: 6069.8495
3712/3953 [===========================>..] - ETA: 0s - loss: 6053.8362
3953/3953 [==============================] - 1s 284us/step - loss: 6031.9116
Epoch 24/100

 128/3953 [..............................] - ETA: 1s - loss: 6313.0283
 384/3953 [=>............................] - ETA: 1s - loss: 6161.4919
 640/3953 [===>..........................] - ETA: 1s - loss: 6247.6295
 896/3953 [=====>........................] - ETA: 0s - loss: 6214.8338
1152/3953 [=======>......................] - ETA: 0s - loss: 6134.3895
1408/3953 [=========>....................] - ETA: 0s - loss: 6097.5548
1664/3953 [===========>..................] - ETA: 0s - loss: 6146.0815
1920/3953 [=============>................] - ETA: 0s - loss: 6162.9929
2176/3953 [===============>..............] - ETA: 0s - loss: 6181.3379
2432/3953 [=================>............] - ETA: 0s - loss: 6139.5970
2688/3953 [===================>..........] - ETA: 0s - loss: 6149.1170
2944/3953 [=====================>........] - ETA: 0s - loss: 6144.8012
3200/3953 [=======================>......] - ETA: 0s - loss: 6085.9510
3456/3953 [=========================>....] - ETA: 0s - loss: 6025.0320
3712/3953 [===========================>..] - ETA: 0s - loss: 6048.0787
3953/3953 [==============================] - 1s 310us/step - loss: 6028.5456
Epoch 25/100

 128/3953 [..............................] - ETA: 1s - loss: 5308.5869
 384/3953 [=>............................] - ETA: 1s - loss: 5659.2996
 640/3953 [===>..........................] - ETA: 0s - loss: 5730.2141
 896/3953 [=====>........................] - ETA: 0s - loss: 5916.5286
1152/3953 [=======>......................] - ETA: 0s - loss: 5886.8303
1408/3953 [=========>....................] - ETA: 0s - loss: 5906.1980
1664/3953 [===========>..................] - ETA: 0s - loss: 5978.7419
1920/3953 [=============>................] - ETA: 0s - loss: 6032.5508
2176/3953 [===============>..............] - ETA: 0s - loss: 6082.0721
2432/3953 [=================>............] - ETA: 0s - loss: 6075.7979
2688/3953 [===================>..........] - ETA: 0s - loss: 6034.5039
2944/3953 [=====================>........] - ETA: 0s - loss: 6061.0934
3200/3953 [=======================>......] - ETA: 0s - loss: 6071.6334
3456/3953 [=========================>....] - ETA: 0s - loss: 6086.4867
3712/3953 [===========================>..] - ETA: 0s - loss: 6070.1741
3953/3953 [==============================] - 1s 290us/step - loss: 6047.8797
Epoch 26/100

 128/3953 [..............................] - ETA: 1s - loss: 6335.5684
 384/3953 [=>............................] - ETA: 1s - loss: 5897.7038
 640/3953 [===>..........................] - ETA: 0s - loss: 5883.1906
 896/3953 [=====>........................] - ETA: 0s - loss: 5996.0463
1152/3953 [=======>......................] - ETA: 0s - loss: 6078.8082
1408/3953 [=========>....................] - ETA: 0s - loss: 6145.3320
1664/3953 [===========>..................] - ETA: 0s - loss: 6157.2794
1920/3953 [=============>................] - ETA: 0s - loss: 6163.3773
2176/3953 [===============>..............] - ETA: 0s - loss: 6129.3544
2432/3953 [=================>............] - ETA: 0s - loss: 6143.3398
2688/3953 [===================>..........] - ETA: 0s - loss: 6114.1689
2944/3953 [=====================>........] - ETA: 0s - loss: 6120.0065
3200/3953 [=======================>......] - ETA: 0s - loss: 6074.9021
3456/3953 [=========================>....] - ETA: 0s - loss: 6069.5910
3712/3953 [===========================>..] - ETA: 0s - loss: 6054.0606
3953/3953 [==============================] - 1s 285us/step - loss: 6009.6731
Epoch 27/100

 128/3953 [..............................] - ETA: 1s - loss: 6449.1304
 384/3953 [=>............................] - ETA: 0s - loss: 6035.5272
 640/3953 [===>..........................] - ETA: 0s - loss: 6145.7974
 768/3953 [====>.........................] - ETA: 0s - loss: 6193.0142
1024/3953 [======>.......................] - ETA: 0s - loss: 6230.2628
1280/3953 [========>.....................] - ETA: 0s - loss: 6113.9015
1536/3953 [==========>...................] - ETA: 0s - loss: 6032.9795
1792/3953 [============>.................] - ETA: 0s - loss: 6069.6364
2048/3953 [==============>...............] - ETA: 0s - loss: 6018.9915
2304/3953 [================>.............] - ETA: 0s - loss: 5984.9633
2560/3953 [==================>...........] - ETA: 0s - loss: 6027.2607
2816/3953 [====================>.........] - ETA: 0s - loss: 6022.7298
3072/3953 [======================>.......] - ETA: 0s - loss: 6046.5241
3328/3953 [========================>.....] - ETA: 0s - loss: 6046.1125
3584/3953 [==========================>...] - ETA: 0s - loss: 6051.6804
3840/3953 [============================>.] - ETA: 0s - loss: 6030.1041
3953/3953 [==============================] - 1s 298us/step - loss: 6000.8639
Epoch 28/100

 128/3953 [..............................] - ETA: 0s - loss: 6060.5674
 384/3953 [=>............................] - ETA: 0s - loss: 6249.2985
 640/3953 [===>..........................] - ETA: 0s - loss: 6096.9056
 896/3953 [=====>........................] - ETA: 0s - loss: 6157.8132
1152/3953 [=======>......................] - ETA: 0s - loss: 6065.7805
1408/3953 [=========>....................] - ETA: 0s - loss: 5985.6506
1664/3953 [===========>..................] - ETA: 0s - loss: 5970.0097
1920/3953 [=============>................] - ETA: 0s - loss: 5983.0133
2176/3953 [===============>..............] - ETA: 0s - loss: 5948.4624
2432/3953 [=================>............] - ETA: 0s - loss: 5974.5882
2688/3953 [===================>..........] - ETA: 0s - loss: 5999.7635
2944/3953 [=====================>........] - ETA: 0s - loss: 5972.9779
3200/3953 [=======================>......] - ETA: 0s - loss: 5927.2475
3456/3953 [=========================>....] - ETA: 0s - loss: 5961.9176
3712/3953 [===========================>..] - ETA: 0s - loss: 5988.6604
3953/3953 [==============================] - 1s 267us/step - loss: 5973.7308
Epoch 29/100

 128/3953 [..............................] - ETA: 1s - loss: 6341.9004
 384/3953 [=>............................] - ETA: 0s - loss: 6117.6133
 640/3953 [===>..........................] - ETA: 0s - loss: 6000.4993
 896/3953 [=====>........................] - ETA: 0s - loss: 6071.5508
1152/3953 [=======>......................] - ETA: 0s - loss: 6118.1840
1408/3953 [=========>....................] - ETA: 0s - loss: 6076.8683
1664/3953 [===========>..................] - ETA: 0s - loss: 6071.3454
1920/3953 [=============>................] - ETA: 0s - loss: 6083.6673
2176/3953 [===============>..............] - ETA: 0s - loss: 6020.8620
2432/3953 [=================>............] - ETA: 0s - loss: 6032.7992
2688/3953 [===================>..........] - ETA: 0s - loss: 6010.2919
2944/3953 [=====================>........] - ETA: 0s - loss: 6033.6623
3200/3953 [=======================>......] - ETA: 0s - loss: 6015.0709
3456/3953 [=========================>....] - ETA: 0s - loss: 5999.6786
3712/3953 [===========================>..] - ETA: 0s - loss: 5979.8159
3953/3953 [==============================] - 1s 274us/step - loss: 5960.7035
Epoch 30/100

 128/3953 [..............................] - ETA: 1s - loss: 6291.0498
 384/3953 [=>............................] - ETA: 1s - loss: 6229.0586
 640/3953 [===>..........................] - ETA: 0s - loss: 6255.0967
 896/3953 [=====>........................] - ETA: 0s - loss: 5933.3951
1152/3953 [=======>......................] - ETA: 0s - loss: 5897.8678
1408/3953 [=========>....................] - ETA: 0s - loss: 5913.6404
1664/3953 [===========>..................] - ETA: 0s - loss: 5989.8209
1920/3953 [=============>................] - ETA: 0s - loss: 6026.9996
2176/3953 [===============>..............] - ETA: 0s - loss: 6059.2078
2432/3953 [=================>............] - ETA: 0s - loss: 6026.4860
2688/3953 [===================>..........] - ETA: 0s - loss: 5995.5068
2944/3953 [=====================>........] - ETA: 0s - loss: 5975.6801
3200/3953 [=======================>......] - ETA: 0s - loss: 5991.7419
3456/3953 [=========================>....] - ETA: 0s - loss: 5975.3565
3712/3953 [===========================>..] - ETA: 0s - loss: 6001.1594
3953/3953 [==============================] - 1s 281us/step - loss: 5961.7816
Epoch 31/100

 128/3953 [..............................] - ETA: 1s - loss: 5779.5078
 384/3953 [=>............................] - ETA: 1s - loss: 5988.7749
 640/3953 [===>..........................] - ETA: 0s - loss: 5888.4373
 896/3953 [=====>........................] - ETA: 0s - loss: 5827.2778
1152/3953 [=======>......................] - ETA: 0s - loss: 5919.5176
1408/3953 [=========>....................] - ETA: 0s - loss: 5884.3652
1664/3953 [===========>..................] - ETA: 0s - loss: 5946.3968
1920/3953 [=============>................] - ETA: 0s - loss: 5994.2040
2176/3953 [===============>..............] - ETA: 0s - loss: 5959.8612
2432/3953 [=================>............] - ETA: 0s - loss: 5989.1495
2688/3953 [===================>..........] - ETA: 0s - loss: 6011.9124
2944/3953 [=====================>........] - ETA: 0s - loss: 6008.5922
3200/3953 [=======================>......] - ETA: 0s - loss: 6018.8559
3456/3953 [=========================>....] - ETA: 0s - loss: 5996.4392
3712/3953 [===========================>..] - ETA: 0s - loss: 5999.0828
3953/3953 [==============================] - 1s 287us/step - loss: 5947.5428
Epoch 32/100

 128/3953 [..............................] - ETA: 1s - loss: 6228.2461
 384/3953 [=>............................] - ETA: 1s - loss: 6247.8296
 640/3953 [===>..........................] - ETA: 1s - loss: 5884.0229
 896/3953 [=====>........................] - ETA: 0s - loss: 6017.0907
1152/3953 [=======>......................] - ETA: 0s - loss: 6069.5149
1408/3953 [=========>....................] - ETA: 0s - loss: 6072.4659
1664/3953 [===========>..................] - ETA: 0s - loss: 6090.6067
1920/3953 [=============>................] - ETA: 0s - loss: 6067.2575
2176/3953 [===============>..............] - ETA: 0s - loss: 6096.2154
2432/3953 [=================>............] - ETA: 0s - loss: 6067.6566
2688/3953 [===================>..........] - ETA: 0s - loss: 6066.4502
2944/3953 [=====================>........] - ETA: 0s - loss: 6043.1157
3200/3953 [=======================>......] - ETA: 0s - loss: 6023.7150
3456/3953 [=========================>....] - ETA: 0s - loss: 5993.3782
3712/3953 [===========================>..] - ETA: 0s - loss: 5973.2707
3953/3953 [==============================] - 1s 290us/step - loss: 5947.8419
Epoch 33/100

 128/3953 [..............................] - ETA: 1s - loss: 6280.9976
 384/3953 [=>............................] - ETA: 1s - loss: 6285.6725
 640/3953 [===>..........................] - ETA: 0s - loss: 6248.3304
 896/3953 [=====>........................] - ETA: 0s - loss: 6132.5863
1152/3953 [=======>......................] - ETA: 0s - loss: 5895.6830
1408/3953 [=========>....................] - ETA: 0s - loss: 5975.8865
1664/3953 [===========>..................] - ETA: 0s - loss: 5943.1013
1920/3953 [=============>................] - ETA: 0s - loss: 5945.4265
2176/3953 [===============>..............] - ETA: 0s - loss: 5977.1727
2432/3953 [=================>............] - ETA: 0s - loss: 5984.4850
2688/3953 [===================>..........] - ETA: 0s - loss: 5962.6154
2944/3953 [=====================>........] - ETA: 0s - loss: 5981.9078
3200/3953 [=======================>......] - ETA: 0s - loss: 5961.1179
3456/3953 [=========================>....] - ETA: 0s - loss: 5980.9805
3712/3953 [===========================>..] - ETA: 0s - loss: 5965.3628
3953/3953 [==============================] - 1s 295us/step - loss: 5945.7473
Epoch 34/100

 128/3953 [..............................] - ETA: 1s - loss: 6193.7812
 384/3953 [=>............................] - ETA: 1s - loss: 5914.9124
 640/3953 [===>..........................] - ETA: 0s - loss: 6029.0572
 896/3953 [=====>........................] - ETA: 0s - loss: 5983.4220
1152/3953 [=======>......................] - ETA: 0s - loss: 5915.5086
1408/3953 [=========>....................] - ETA: 0s - loss: 5968.2227
1664/3953 [===========>..................] - ETA: 0s - loss: 6009.3276
1920/3953 [=============>................] - ETA: 0s - loss: 6051.1458
2176/3953 [===============>..............] - ETA: 0s - loss: 6079.3685
2432/3953 [=================>............] - ETA: 0s - loss: 6046.0693
2688/3953 [===================>..........] - ETA: 0s - loss: 6014.3170
2944/3953 [=====================>........] - ETA: 0s - loss: 5997.7330
3200/3953 [=======================>......] - ETA: 0s - loss: 5997.7903
3456/3953 [=========================>....] - ETA: 0s - loss: 5961.8373
3712/3953 [===========================>..] - ETA: 0s - loss: 5983.8731
3953/3953 [==============================] - 1s 278us/step - loss: 5939.4457
Epoch 35/100

 128/3953 [..............................] - ETA: 1s - loss: 4992.7725
 384/3953 [=>............................] - ETA: 1s - loss: 5434.0640
 640/3953 [===>..........................] - ETA: 0s - loss: 5762.3554
 896/3953 [=====>........................] - ETA: 0s - loss: 5918.6164
1152/3953 [=======>......................] - ETA: 0s - loss: 5999.0996
1408/3953 [=========>....................] - ETA: 0s - loss: 6064.7930
1664/3953 [===========>..................] - ETA: 0s - loss: 6034.2117
1920/3953 [=============>................] - ETA: 0s - loss: 5971.3901
2176/3953 [===============>..............] - ETA: 0s - loss: 5945.6134
2432/3953 [=================>............] - ETA: 0s - loss: 5923.9908
2688/3953 [===================>..........] - ETA: 0s - loss: 5951.0966
2944/3953 [=====================>........] - ETA: 0s - loss: 5975.0686
3200/3953 [=======================>......] - ETA: 0s - loss: 5984.7573
3456/3953 [=========================>....] - ETA: 0s - loss: 6005.9898
3712/3953 [===========================>..] - ETA: 0s - loss: 6001.0556
3953/3953 [==============================] - 1s 274us/step - loss: 5945.3412
Epoch 36/100

 128/3953 [..............................] - ETA: 1s - loss: 6296.9121
 384/3953 [=>............................] - ETA: 0s - loss: 5795.4261
 640/3953 [===>..........................] - ETA: 0s - loss: 5990.2486
 896/3953 [=====>........................] - ETA: 0s - loss: 6104.1910
1152/3953 [=======>......................] - ETA: 0s - loss: 6012.4211
1408/3953 [=========>....................] - ETA: 0s - loss: 5996.6290
1664/3953 [===========>..................] - ETA: 0s - loss: 6035.7760
1920/3953 [=============>................] - ETA: 0s - loss: 6037.6524
2176/3953 [===============>..............] - ETA: 0s - loss: 6055.5390
2432/3953 [=================>............] - ETA: 0s - loss: 6024.2422
2688/3953 [===================>..........] - ETA: 0s - loss: 5968.2898
2944/3953 [=====================>........] - ETA: 0s - loss: 5946.1910
3200/3953 [=======================>......] - ETA: 0s - loss: 5963.5079
3456/3953 [=========================>....] - ETA: 0s - loss: 5987.5236
3712/3953 [===========================>..] - ETA: 0s - loss: 5990.0165
3953/3953 [==============================] - 1s 283us/step - loss: 5927.3132
Epoch 37/100

 128/3953 [..............................] - ETA: 1s - loss: 6274.7070
 384/3953 [=>............................] - ETA: 1s - loss: 6276.0531
 640/3953 [===>..........................] - ETA: 1s - loss: 6051.2952
 896/3953 [=====>........................] - ETA: 0s - loss: 5964.6998
1152/3953 [=======>......................] - ETA: 0s - loss: 6025.5059
1408/3953 [=========>....................] - ETA: 0s - loss: 5980.5130
1664/3953 [===========>..................] - ETA: 0s - loss: 6017.9255
1920/3953 [=============>................] - ETA: 0s - loss: 5968.4325
2176/3953 [===============>..............] - ETA: 0s - loss: 5975.6287
2432/3953 [=================>............] - ETA: 0s - loss: 5967.6007
2688/3953 [===================>..........] - ETA: 0s - loss: 5932.1066
2944/3953 [=====================>........] - ETA: 0s - loss: 5948.2053
3200/3953 [=======================>......] - ETA: 0s - loss: 5955.9185
3456/3953 [=========================>....] - ETA: 0s - loss: 5983.9485
3712/3953 [===========================>..] - ETA: 0s - loss: 5937.1423
3953/3953 [==============================] - 1s 311us/step - loss: 5918.9438
Epoch 38/100

 128/3953 [..............................] - ETA: 1s - loss: 6162.4146
 384/3953 [=>............................] - ETA: 1s - loss: 6221.8424
 640/3953 [===>..........................] - ETA: 0s - loss: 5840.0840
 896/3953 [=====>........................] - ETA: 0s - loss: 5815.9736
1152/3953 [=======>......................] - ETA: 0s - loss: 5767.4686
1408/3953 [=========>....................] - ETA: 0s - loss: 5747.8764
1664/3953 [===========>..................] - ETA: 0s - loss: 5804.2609
1920/3953 [=============>................] - ETA: 0s - loss: 5826.6424
2176/3953 [===============>..............] - ETA: 0s - loss: 5878.3908
2432/3953 [=================>............] - ETA: 0s - loss: 5890.3164
2688/3953 [===================>..........] - ETA: 0s - loss: 5925.3536
2944/3953 [=====================>........] - ETA: 0s - loss: 5948.8461
3200/3953 [=======================>......] - ETA: 0s - loss: 5931.8177
3456/3953 [=========================>....] - ETA: 0s - loss: 5914.9742
3712/3953 [===========================>..] - ETA: 0s - loss: 5933.8306
3953/3953 [==============================] - 1s 302us/step - loss: 5917.5187
Epoch 39/100

 128/3953 [..............................] - ETA: 1s - loss: 5532.5210
 384/3953 [=>............................] - ETA: 0s - loss: 5972.2313
 640/3953 [===>..........................] - ETA: 0s - loss: 5933.9568
 896/3953 [=====>........................] - ETA: 0s - loss: 5825.2696
1152/3953 [=======>......................] - ETA: 0s - loss: 5949.0375
1408/3953 [=========>....................] - ETA: 0s - loss: 5896.2786
1664/3953 [===========>..................] - ETA: 0s - loss: 5940.9188
1920/3953 [=============>................] - ETA: 0s - loss: 5906.6283
2176/3953 [===============>..............] - ETA: 0s - loss: 5833.9805
2432/3953 [=================>............] - ETA: 0s - loss: 5879.2449
2688/3953 [===================>..........] - ETA: 0s - loss: 5912.7533
2944/3953 [=====================>........] - ETA: 0s - loss: 5886.5403
3200/3953 [=======================>......] - ETA: 0s - loss: 5911.0066
3456/3953 [=========================>....] - ETA: 0s - loss: 5919.2320
3712/3953 [===========================>..] - ETA: 0s - loss: 5930.6435
3953/3953 [==============================] - 1s 297us/step - loss: 5907.4736
Epoch 40/100

 128/3953 [..............................] - ETA: 1s - loss: 5009.4355
 384/3953 [=>............................] - ETA: 1s - loss: 5629.6185
 640/3953 [===>..........................] - ETA: 1s - loss: 5667.9533
 896/3953 [=====>........................] - ETA: 0s - loss: 5850.7516
1152/3953 [=======>......................] - ETA: 0s - loss: 5937.1922
1408/3953 [=========>....................] - ETA: 0s - loss: 5880.3049
1664/3953 [===========>..................] - ETA: 0s - loss: 5880.6369
1920/3953 [=============>................] - ETA: 0s - loss: 5889.2976
2176/3953 [===============>..............] - ETA: 0s - loss: 5922.2880
2432/3953 [=================>............] - ETA: 0s - loss: 5945.1965
2688/3953 [===================>..........] - ETA: 0s - loss: 5975.6124
2944/3953 [=====================>........] - ETA: 0s - loss: 5990.4537
3200/3953 [=======================>......] - ETA: 0s - loss: 5964.3238
3456/3953 [=========================>....] - ETA: 0s - loss: 5986.6303
3712/3953 [===========================>..] - ETA: 0s - loss: 5932.8399
3953/3953 [==============================] - 1s 292us/step - loss: 5906.2281
Epoch 41/100

 128/3953 [..............................] - ETA: 1s - loss: 6230.6597
 384/3953 [=>............................] - ETA: 1s - loss: 5820.4373
 640/3953 [===>..........................] - ETA: 0s - loss: 5662.7728
 896/3953 [=====>........................] - ETA: 0s - loss: 5814.9057
1152/3953 [=======>......................] - ETA: 0s - loss: 5854.1799
1408/3953 [=========>....................] - ETA: 0s - loss: 5874.4364
1664/3953 [===========>..................] - ETA: 0s - loss: 5839.5445
1920/3953 [=============>................] - ETA: 0s - loss: 5880.3745
2176/3953 [===============>..............] - ETA: 0s - loss: 5855.2518
2432/3953 [=================>............] - ETA: 0s - loss: 5882.0098
2688/3953 [===================>..........] - ETA: 0s - loss: 5860.3438
2944/3953 [=====================>........] - ETA: 0s - loss: 5901.9703
3200/3953 [=======================>......] - ETA: 0s - loss: 5918.9133
3456/3953 [=========================>....] - ETA: 0s - loss: 5906.7527
3712/3953 [===========================>..] - ETA: 0s - loss: 5929.4404
3953/3953 [==============================] - 1s 296us/step - loss: 5908.8532
Epoch 42/100

 128/3953 [..............................] - ETA: 1s - loss: 6150.0029
 384/3953 [=>............................] - ETA: 1s - loss: 5833.5881
 640/3953 [===>..........................] - ETA: 0s - loss: 5992.7620
 896/3953 [=====>........................] - ETA: 0s - loss: 5927.4525
1152/3953 [=======>......................] - ETA: 0s - loss: 5859.7569
1408/3953 [=========>....................] - ETA: 0s - loss: 5911.3666
1664/3953 [===========>..................] - ETA: 0s - loss: 5779.3724
1920/3953 [=============>................] - ETA: 0s - loss: 5820.9506
2176/3953 [===============>..............] - ETA: 0s - loss: 5833.4618
2432/3953 [=================>............] - ETA: 0s - loss: 5830.7519
2688/3953 [===================>..........] - ETA: 0s - loss: 5871.1621
2944/3953 [=====================>........] - ETA: 0s - loss: 5901.8345
3200/3953 [=======================>......] - ETA: 0s - loss: 5885.8898
3456/3953 [=========================>....] - ETA: 0s - loss: 5894.2296
3712/3953 [===========================>..] - ETA: 0s - loss: 5917.0788
3953/3953 [==============================] - 1s 287us/step - loss: 5899.3723
Epoch 43/100

 128/3953 [..............................] - ETA: 1s - loss: 6281.5073
 384/3953 [=>............................] - ETA: 1s - loss: 6216.5990
 640/3953 [===>..........................] - ETA: 1s - loss: 6213.0345
 896/3953 [=====>........................] - ETA: 0s - loss: 6088.1334
1152/3953 [=======>......................] - ETA: 0s - loss: 6023.8998
1408/3953 [=========>....................] - ETA: 0s - loss: 6028.7694
1664/3953 [===========>..................] - ETA: 0s - loss: 5971.4133
1920/3953 [=============>................] - ETA: 0s - loss: 5998.5189
2176/3953 [===============>..............] - ETA: 0s - loss: 6026.8402
2432/3953 [=================>............] - ETA: 0s - loss: 6028.4767
2688/3953 [===================>..........] - ETA: 0s - loss: 5941.9598
2944/3953 [=====================>........] - ETA: 0s - loss: 5971.4722
3200/3953 [=======================>......] - ETA: 0s - loss: 5990.8432
3456/3953 [=========================>....] - ETA: 0s - loss: 5962.5713
3712/3953 [===========================>..] - ETA: 0s - loss: 5956.8426
3953/3953 [==============================] - 1s 284us/step - loss: 5890.1177
Epoch 44/100

 128/3953 [..............................] - ETA: 0s - loss: 6261.8765
 384/3953 [=>............................] - ETA: 0s - loss: 5833.4271
 640/3953 [===>..........................] - ETA: 0s - loss: 5919.3906
 896/3953 [=====>........................] - ETA: 0s - loss: 6052.6516
1152/3953 [=======>......................] - ETA: 0s - loss: 5947.3698
1408/3953 [=========>....................] - ETA: 0s - loss: 5913.7359
1664/3953 [===========>..................] - ETA: 0s - loss: 5953.3721
1920/3953 [=============>................] - ETA: 0s - loss: 5910.7125
2176/3953 [===============>..............] - ETA: 0s - loss: 5910.0457
2432/3953 [=================>............] - ETA: 0s - loss: 5898.4121
2688/3953 [===================>..........] - ETA: 0s - loss: 5878.7904
2944/3953 [=====================>........] - ETA: 0s - loss: 5894.4603
3200/3953 [=======================>......] - ETA: 0s - loss: 5914.3142
3456/3953 [=========================>....] - ETA: 0s - loss: 5931.3780
3712/3953 [===========================>..] - ETA: 0s - loss: 5943.0822
3953/3953 [==============================] - 1s 289us/step - loss: 5900.5175
Epoch 45/100

 128/3953 [..............................] - ETA: 1s - loss: 5036.7754
 384/3953 [=>............................] - ETA: 1s - loss: 5876.0050
 640/3953 [===>..........................] - ETA: 1s - loss: 5934.9320
 896/3953 [=====>........................] - ETA: 0s - loss: 5962.7974
1152/3953 [=======>......................] - ETA: 0s - loss: 5940.2736
1408/3953 [=========>....................] - ETA: 0s - loss: 5898.8428
1664/3953 [===========>..................] - ETA: 0s - loss: 5941.2959
1920/3953 [=============>................] - ETA: 0s - loss: 5918.8104
2176/3953 [===============>..............] - ETA: 0s - loss: 5949.0663
2432/3953 [=================>............] - ETA: 0s - loss: 5913.8558
2688/3953 [===================>..........] - ETA: 0s - loss: 5934.4737
2944/3953 [=====================>........] - ETA: 0s - loss: 5930.6592
3200/3953 [=======================>......] - ETA: 0s - loss: 5911.7089
3456/3953 [=========================>....] - ETA: 0s - loss: 5938.1558
3712/3953 [===========================>..] - ETA: 0s - loss: 5955.9172
3953/3953 [==============================] - 1s 293us/step - loss: 5890.6155
Epoch 46/100

 128/3953 [..............................] - ETA: 1s - loss: 6221.6084
 384/3953 [=>............................] - ETA: 1s - loss: 5868.0648
 640/3953 [===>..........................] - ETA: 0s - loss: 5774.4020
 896/3953 [=====>........................] - ETA: 0s - loss: 5931.5774
1152/3953 [=======>......................] - ETA: 0s - loss: 5962.9307
1408/3953 [=========>....................] - ETA: 0s - loss: 6005.6836
1664/3953 [===========>..................] - ETA: 0s - loss: 5943.2858
1920/3953 [=============>................] - ETA: 0s - loss: 5879.7346
2176/3953 [===============>..............] - ETA: 0s - loss: 5843.9469
2432/3953 [=================>............] - ETA: 0s - loss: 5867.6947
2688/3953 [===================>..........] - ETA: 0s - loss: 5903.8356
2944/3953 [=====================>........] - ETA: 0s - loss: 5877.9409
3200/3953 [=======================>......] - ETA: 0s - loss: 5909.8664
3456/3953 [=========================>....] - ETA: 0s - loss: 5918.7391
3712/3953 [===========================>..] - ETA: 0s - loss: 5914.4395
3953/3953 [==============================] - 1s 279us/step - loss: 5895.3367
Epoch 47/100

 128/3953 [..............................] - ETA: 1s - loss: 6279.0112
 384/3953 [=>............................] - ETA: 1s - loss: 6309.6007
 640/3953 [===>..........................] - ETA: 0s - loss: 5956.2673
 896/3953 [=====>........................] - ETA: 0s - loss: 6045.8239
1152/3953 [=======>......................] - ETA: 0s - loss: 5951.1413
1408/3953 [=========>....................] - ETA: 0s - loss: 5894.7837
1664/3953 [===========>..................] - ETA: 0s - loss: 5948.1630
1920/3953 [=============>................] - ETA: 0s - loss: 5874.5854
2176/3953 [===============>..............] - ETA: 0s - loss: 5818.7628
2432/3953 [=================>............] - ETA: 0s - loss: 5846.2236
2688/3953 [===================>..........] - ETA: 0s - loss: 5888.5633
2944/3953 [=====================>........] - ETA: 0s - loss: 5914.4547
3200/3953 [=======================>......] - ETA: 0s - loss: 5914.6786
3456/3953 [=========================>....] - ETA: 0s - loss: 5931.9019
3712/3953 [===========================>..] - ETA: 0s - loss: 5911.1067
3953/3953 [==============================] - 1s 272us/step - loss: 5887.7406
Epoch 48/100

 128/3953 [..............................] - ETA: 1s - loss: 5305.2739
 384/3953 [=>............................] - ETA: 1s - loss: 5512.6108
 640/3953 [===>..........................] - ETA: 0s - loss: 5531.8095
 896/3953 [=====>........................] - ETA: 0s - loss: 5718.9475
1152/3953 [=======>......................] - ETA: 0s - loss: 5809.6180
1408/3953 [=========>....................] - ETA: 0s - loss: 5903.2502
1664/3953 [===========>..................] - ETA: 0s - loss: 5939.6855
1920/3953 [=============>................] - ETA: 0s - loss: 5903.3458
2176/3953 [===============>..............] - ETA: 0s - loss: 5939.8904
2432/3953 [=================>............] - ETA: 0s - loss: 5962.7509
2688/3953 [===================>..........] - ETA: 0s - loss: 5984.8534
2944/3953 [=====================>........] - ETA: 0s - loss: 5956.8455
3200/3953 [=======================>......] - ETA: 0s - loss: 5953.3335
3456/3953 [=========================>....] - ETA: 0s - loss: 5933.2137
3712/3953 [===========================>..] - ETA: 0s - loss: 5917.4681
3953/3953 [==============================] - 1s 302us/step - loss: 5893.3239
Epoch 49/100

 128/3953 [..............................] - ETA: 1s - loss: 6230.6729
 384/3953 [=>............................] - ETA: 1s - loss: 6238.3581
 640/3953 [===>..........................] - ETA: 1s - loss: 6012.6617
 896/3953 [=====>........................] - ETA: 0s - loss: 6066.0414
1152/3953 [=======>......................] - ETA: 0s - loss: 5909.2486
1408/3953 [=========>....................] - ETA: 0s - loss: 5950.6275
1664/3953 [===========>..................] - ETA: 0s - loss: 5987.9622
1920/3953 [=============>................] - ETA: 0s - loss: 6011.8385
2176/3953 [===============>..............] - ETA: 0s - loss: 5976.6537
2432/3953 [=================>............] - ETA: 0s - loss: 5976.2782
2688/3953 [===================>..........] - ETA: 0s - loss: 5912.6210
2944/3953 [=====================>........] - ETA: 0s - loss: 5933.3637
3200/3953 [=======================>......] - ETA: 0s - loss: 5906.3170
3456/3953 [=========================>....] - ETA: 0s - loss: 5890.2510
3712/3953 [===========================>..] - ETA: 0s - loss: 5919.1964
3953/3953 [==============================] - 1s 303us/step - loss: 5885.6523
Epoch 50/100

 128/3953 [..............................] - ETA: 0s - loss: 5048.2710
 384/3953 [=>............................] - ETA: 0s - loss: 5519.4123
 640/3953 [===>..........................] - ETA: 0s - loss: 5810.5312
 896/3953 [=====>........................] - ETA: 0s - loss: 5940.6954
1152/3953 [=======>......................] - ETA: 0s - loss: 6005.7442
1408/3953 [=========>....................] - ETA: 0s - loss: 6049.1063
1664/3953 [===========>..................] - ETA: 0s - loss: 6063.3004
1920/3953 [=============>................] - ETA: 0s - loss: 6066.6295
2176/3953 [===============>..............] - ETA: 0s - loss: 5989.8747
2432/3953 [=================>............] - ETA: 0s - loss: 5945.3262
2688/3953 [===================>..........] - ETA: 0s - loss: 5939.1203
2944/3953 [=====================>........] - ETA: 0s - loss: 5964.1132
3200/3953 [=======================>......] - ETA: 0s - loss: 5985.8735
3456/3953 [=========================>....] - ETA: 0s - loss: 5980.1808
3712/3953 [===========================>..] - ETA: 0s - loss: 5923.0655
3953/3953 [==============================] - 1s 299us/step - loss: 5888.7665
Epoch 51/100

 128/3953 [..............................] - ETA: 1s - loss: 6260.1484
 384/3953 [=>............................] - ETA: 1s - loss: 6279.2378
 640/3953 [===>..........................] - ETA: 0s - loss: 6179.2045
 896/3953 [=====>........................] - ETA: 0s - loss: 6094.6698
1152/3953 [=======>......................] - ETA: 0s - loss: 5979.0268
1408/3953 [=========>....................] - ETA: 0s - loss: 6002.9514
1664/3953 [===========>..................] - ETA: 0s - loss: 5901.0907
1920/3953 [=============>................] - ETA: 0s - loss: 5883.0711
2176/3953 [===============>..............] - ETA: 0s - loss: 5913.9669
2432/3953 [=================>............] - ETA: 0s - loss: 5821.6124
2688/3953 [===================>..........] - ETA: 0s - loss: 5828.0919
2944/3953 [=====================>........] - ETA: 0s - loss: 5856.6550
3200/3953 [=======================>......] - ETA: 0s - loss: 5839.1041
3456/3953 [=========================>....] - ETA: 0s - loss: 5873.1782
3712/3953 [===========================>..] - ETA: 0s - loss: 5898.8881
3953/3953 [==============================] - 1s 290us/step - loss: 5879.8532
Epoch 52/100

 128/3953 [..............................] - ETA: 1s - loss: 6221.2988
 384/3953 [=>............................] - ETA: 1s - loss: 5819.6380
 640/3953 [===>..........................] - ETA: 0s - loss: 5990.9057
 896/3953 [=====>........................] - ETA: 0s - loss: 5884.2684
1152/3953 [=======>......................] - ETA: 0s - loss: 5909.4255
1408/3953 [=========>....................] - ETA: 0s - loss: 5953.4156
1664/3953 [===========>..................] - ETA: 0s - loss: 5890.6614
1920/3953 [=============>................] - ETA: 0s - loss: 5921.6931
2176/3953 [===============>..............] - ETA: 0s - loss: 5959.6399
2432/3953 [=================>............] - ETA: 0s - loss: 5973.0910
2688/3953 [===================>..........] - ETA: 0s - loss: 5994.1788
2944/3953 [=====================>........] - ETA: 0s - loss: 5975.7406
3200/3953 [=======================>......] - ETA: 0s - loss: 5947.8341
3456/3953 [=========================>....] - ETA: 0s - loss: 5919.4353
3712/3953 [===========================>..] - ETA: 0s - loss: 5900.5066
3953/3953 [==============================] - 1s 280us/step - loss: 5880.0712
Epoch 53/100

 128/3953 [..............................] - ETA: 1s - loss: 5165.8379
 384/3953 [=>............................] - ETA: 1s - loss: 5448.7928
 640/3953 [===>..........................] - ETA: 0s - loss: 5504.3123
 896/3953 [=====>........................] - ETA: 0s - loss: 5602.6467
1152/3953 [=======>......................] - ETA: 0s - loss: 5732.0416
1408/3953 [=========>....................] - ETA: 0s - loss: 5819.2289
1664/3953 [===========>..................] - ETA: 0s - loss: 5837.9121
1920/3953 [=============>................] - ETA: 0s - loss: 5806.0293
2176/3953 [===============>..............] - ETA: 0s - loss: 5789.8728
2432/3953 [=================>............] - ETA: 0s - loss: 5830.5883
2688/3953 [===================>..........] - ETA: 0s - loss: 5866.4955
2944/3953 [=====================>........] - ETA: 0s - loss: 5891.4551
3200/3953 [=======================>......] - ETA: 0s - loss: 5920.7024
3456/3953 [=========================>....] - ETA: 0s - loss: 5920.9909
3712/3953 [===========================>..] - ETA: 0s - loss: 5899.7776
3953/3953 [==============================] - 1s 288us/step - loss: 5877.4616
Epoch 54/100

 128/3953 [..............................] - ETA: 1s - loss: 5055.5571
 384/3953 [=>............................] - ETA: 1s - loss: 5617.4191
 512/3953 [==>...........................] - ETA: 1s - loss: 5789.6118
 768/3953 [====>.........................] - ETA: 1s - loss: 5942.8857
1024/3953 [======>.......................] - ETA: 0s - loss: 6008.1552
1280/3953 [========>.....................] - ETA: 0s - loss: 6042.7445
1536/3953 [==========>...................] - ETA: 0s - loss: 5950.9280
1792/3953 [============>.................] - ETA: 0s - loss: 6001.1853
2048/3953 [==============>...............] - ETA: 0s - loss: 5986.5338
2304/3953 [================>.............] - ETA: 0s - loss: 6001.3354
2560/3953 [==================>...........] - ETA: 0s - loss: 5963.7095
2816/3953 [====================>.........] - ETA: 0s - loss: 5947.0095
3072/3953 [======================>.......] - ETA: 0s - loss: 5947.4334
3328/3953 [========================>.....] - ETA: 0s - loss: 5932.5492
3584/3953 [==========================>...] - ETA: 0s - loss: 5894.9823
3840/3953 [============================>.] - ETA: 0s - loss: 5909.7619
3953/3953 [==============================] - 1s 290us/step - loss: 5875.9482
Epoch 55/100

 128/3953 [..............................] - ETA: 1s - loss: 6218.4131
 384/3953 [=>............................] - ETA: 1s - loss: 5952.1149
 640/3953 [===>..........................] - ETA: 1s - loss: 5768.1088
 896/3953 [=====>........................] - ETA: 0s - loss: 5873.2889
1152/3953 [=======>......................] - ETA: 0s - loss: 5825.8817
1408/3953 [=========>....................] - ETA: 0s - loss: 5919.5994
1664/3953 [===========>..................] - ETA: 0s - loss: 5951.0183
1920/3953 [=============>................] - ETA: 0s - loss: 5994.8602
2176/3953 [===============>..............] - ETA: 0s - loss: 6012.1378
2432/3953 [=================>............] - ETA: 0s - loss: 5909.2122
2688/3953 [===================>..........] - ETA: 0s - loss: 5907.9865
2944/3953 [=====================>........] - ETA: 0s - loss: 5888.3521
3200/3953 [=======================>......] - ETA: 0s - loss: 5864.1348
3456/3953 [=========================>....] - ETA: 0s - loss: 5890.1608
3712/3953 [===========================>..] - ETA: 0s - loss: 5917.2292
3953/3953 [==============================] - 1s 292us/step - loss: 5877.4127
Epoch 56/100

 128/3953 [..............................] - ETA: 1s - loss: 6075.2354
 384/3953 [=>............................] - ETA: 1s - loss: 5575.0130
 640/3953 [===>..........................] - ETA: 1s - loss: 5691.9689
 896/3953 [=====>........................] - ETA: 0s - loss: 5495.8449
1152/3953 [=======>......................] - ETA: 0s - loss: 5360.1680
1408/3953 [=========>....................] - ETA: 0s - loss: 5495.7582
1664/3953 [===========>..................] - ETA: 0s - loss: 5513.8768
1920/3953 [=============>................] - ETA: 0s - loss: 5615.6906
2176/3953 [===============>..............] - ETA: 0s - loss: 5678.8442
2432/3953 [=================>............] - ETA: 0s - loss: 5742.6244
2688/3953 [===================>..........] - ETA: 0s - loss: 5787.5753
2944/3953 [=====================>........] - ETA: 0s - loss: 5828.7118
3200/3953 [=======================>......] - ETA: 0s - loss: 5864.6540
3456/3953 [=========================>....] - ETA: 0s - loss: 5872.9406
3712/3953 [===========================>..] - ETA: 0s - loss: 5897.6739
3953/3953 [==============================] - 1s 287us/step - loss: 5879.2409
Epoch 57/100

 128/3953 [..............................] - ETA: 1s - loss: 5054.1489
 384/3953 [=>............................] - ETA: 0s - loss: 5735.2008
 640/3953 [===>..........................] - ETA: 0s - loss: 5897.9043
 896/3953 [=====>........................] - ETA: 0s - loss: 5982.6762
1152/3953 [=======>......................] - ETA: 0s - loss: 5898.2642
1408/3953 [=========>....................] - ETA: 0s - loss: 5864.3527
1664/3953 [===========>..................] - ETA: 0s - loss: 5909.9023
1920/3953 [=============>................] - ETA: 0s - loss: 5874.6202
2176/3953 [===============>..............] - ETA: 0s - loss: 5909.6041
2432/3953 [=================>............] - ETA: 0s - loss: 5949.6602
2688/3953 [===================>..........] - ETA: 0s - loss: 5882.7547
2944/3953 [=====================>........] - ETA: 0s - loss: 5893.2597
3200/3953 [=======================>......] - ETA: 0s - loss: 5894.8854
3456/3953 [=========================>....] - ETA: 0s - loss: 5923.0345
3712/3953 [===========================>..] - ETA: 0s - loss: 5893.3046
3953/3953 [==============================] - 1s 286us/step - loss: 5871.7884
Epoch 58/100

 128/3953 [..............................] - ETA: 1s - loss: 6260.9229
 384/3953 [=>............................] - ETA: 0s - loss: 5909.0420
 640/3953 [===>..........................] - ETA: 0s - loss: 5753.8404
 896/3953 [=====>........................] - ETA: 0s - loss: 5594.7279
1152/3953 [=======>......................] - ETA: 0s - loss: 5736.9488
1408/3953 [=========>....................] - ETA: 0s - loss: 5774.3082
1664/3953 [===========>..................] - ETA: 0s - loss: 5643.5509
1920/3953 [=============>................] - ETA: 0s - loss: 5728.5758
2176/3953 [===============>..............] - ETA: 0s - loss: 5791.3117
2432/3953 [=================>............] - ETA: 0s - loss: 5830.2553
2688/3953 [===================>..........] - ETA: 0s - loss: 5868.5244
2944/3953 [=====================>........] - ETA: 0s - loss: 5882.8894
3200/3953 [=======================>......] - ETA: 0s - loss: 5869.4046
3456/3953 [=========================>....] - ETA: 0s - loss: 5863.9152
3712/3953 [===========================>..] - ETA: 0s - loss: 5883.4888
3953/3953 [==============================] - 1s 285us/step - loss: 5863.4266
Epoch 59/100

 128/3953 [..............................] - ETA: 1s - loss: 6247.6006
 384/3953 [=>............................] - ETA: 1s - loss: 6211.4915
 640/3953 [===>..........................] - ETA: 1s - loss: 6181.4654
 896/3953 [=====>........................] - ETA: 0s - loss: 6172.6509
1152/3953 [=======>......................] - ETA: 0s - loss: 6048.8146
1408/3953 [=========>....................] - ETA: 0s - loss: 6047.4937
1664/3953 [===========>..................] - ETA: 0s - loss: 5987.0050
1920/3953 [=============>................] - ETA: 0s - loss: 5925.8970
2176/3953 [===============>..............] - ETA: 0s - loss: 5965.6271
2432/3953 [=================>............] - ETA: 0s - loss: 5996.5517
2688/3953 [===================>..........] - ETA: 0s - loss: 6011.4419
2944/3953 [=====================>........] - ETA: 0s - loss: 5998.5631
3200/3953 [=======================>......] - ETA: 0s - loss: 5943.7374
3456/3953 [=========================>....] - ETA: 0s - loss: 5881.0217
3712/3953 [===========================>..] - ETA: 0s - loss: 5900.9726
3953/3953 [==============================] - 1s 296us/step - loss: 5860.6943
Epoch 60/100

 128/3953 [..............................] - ETA: 1s - loss: 6195.9395
 384/3953 [=>............................] - ETA: 1s - loss: 6184.9176
 640/3953 [===>..........................] - ETA: 1s - loss: 5934.5986
 896/3953 [=====>........................] - ETA: 0s - loss: 6008.6169
1152/3953 [=======>......................] - ETA: 0s - loss: 5895.7812
1408/3953 [=========>....................] - ETA: 0s - loss: 5947.6226
1664/3953 [===========>..................] - ETA: 0s - loss: 5939.2511
1920/3953 [=============>................] - ETA: 0s - loss: 5973.9796
2176/3953 [===============>..............] - ETA: 0s - loss: 5942.2433
2432/3953 [=================>............] - ETA: 0s - loss: 5906.1702
2688/3953 [===================>..........] - ETA: 0s - loss: 5874.8074
2944/3953 [=====================>........] - ETA: 0s - loss: 5906.4272
3200/3953 [=======================>......] - ETA: 0s - loss: 5890.7776
3456/3953 [=========================>....] - ETA: 0s - loss: 5905.3797
3712/3953 [===========================>..] - ETA: 0s - loss: 5887.5040
3953/3953 [==============================] - 1s 305us/step - loss: 5861.9094
Epoch 61/100

 128/3953 [..............................] - ETA: 0s - loss: 4846.4756
 384/3953 [=>............................] - ETA: 0s - loss: 5334.1014
 640/3953 [===>..........................] - ETA: 0s - loss: 5172.1261
 896/3953 [=====>........................] - ETA: 0s - loss: 5394.4865
1152/3953 [=======>......................] - ETA: 0s - loss: 5588.6754
1408/3953 [=========>....................] - ETA: 0s - loss: 5622.6416
1664/3953 [===========>..................] - ETA: 0s - loss: 5707.6208
1920/3953 [=============>................] - ETA: 0s - loss: 5780.0193
2176/3953 [===============>..............] - ETA: 0s - loss: 5797.5500
2432/3953 [=================>............] - ETA: 0s - loss: 5843.3811
2688/3953 [===================>..........] - ETA: 0s - loss: 5830.3962
2944/3953 [=====================>........] - ETA: 0s - loss: 5861.1638
3200/3953 [=======================>......] - ETA: 0s - loss: 5862.3699
3456/3953 [=========================>....] - ETA: 0s - loss: 5878.4784
3712/3953 [===========================>..] - ETA: 0s - loss: 5894.8540
3953/3953 [==============================] - 1s 285us/step - loss: 5861.6444
Epoch 62/100

 128/3953 [..............................] - ETA: 1s - loss: 6222.4248
 384/3953 [=>............................] - ETA: 1s - loss: 5849.2158
 640/3953 [===>..........................] - ETA: 0s - loss: 5707.8552
 896/3953 [=====>........................] - ETA: 0s - loss: 5712.5214
1152/3953 [=======>......................] - ETA: 0s - loss: 5676.3164
1408/3953 [=========>....................] - ETA: 0s - loss: 5742.9279
1664/3953 [===========>..................] - ETA: 0s - loss: 5777.4913
1920/3953 [=============>................] - ETA: 0s - loss: 5769.5072
2176/3953 [===============>..............] - ETA: 0s - loss: 5812.8364
2432/3953 [=================>............] - ETA: 0s - loss: 5860.6989
2688/3953 [===================>..........] - ETA: 0s - loss: 5900.7165
2944/3953 [=====================>........] - ETA: 0s - loss: 5878.7527
3200/3953 [=======================>......] - ETA: 0s - loss: 5852.4465
3456/3953 [=========================>....] - ETA: 0s - loss: 5880.9643
3712/3953 [===========================>..] - ETA: 0s - loss: 5880.3671
3953/3953 [==============================] - 1s 278us/step - loss: 5860.1125
Epoch 63/100

 128/3953 [..............................] - ETA: 1s - loss: 5028.3589
 384/3953 [=>............................] - ETA: 1s - loss: 5522.7782
 640/3953 [===>..........................] - ETA: 0s - loss: 5710.6037
 896/3953 [=====>........................] - ETA: 0s - loss: 5827.2104
1152/3953 [=======>......................] - ETA: 0s - loss: 5755.5911
1408/3953 [=========>....................] - ETA: 0s - loss: 5818.4514
1664/3953 [===========>..................] - ETA: 0s - loss: 5871.9990
1920/3953 [=============>................] - ETA: 0s - loss: 5922.6920
2176/3953 [===============>..............] - ETA: 0s - loss: 5948.4275
2432/3953 [=================>............] - ETA: 0s - loss: 5911.2355
2688/3953 [===================>..........] - ETA: 0s - loss: 5932.5830
2944/3953 [=====================>........] - ETA: 0s - loss: 5956.8464
3200/3953 [=======================>......] - ETA: 0s - loss: 5907.9310
3456/3953 [=========================>....] - ETA: 0s - loss: 5933.4660
3712/3953 [===========================>..] - ETA: 0s - loss: 5902.4501
3953/3953 [==============================] - 1s 303us/step - loss: 5856.7856
Epoch 64/100

 128/3953 [..............................] - ETA: 1s - loss: 5262.4316
 384/3953 [=>............................] - ETA: 1s - loss: 5648.5951
 640/3953 [===>..........................] - ETA: 0s - loss: 5874.1782
 896/3953 [=====>........................] - ETA: 0s - loss: 5980.5264
1152/3953 [=======>......................] - ETA: 0s - loss: 5969.7879
1408/3953 [=========>....................] - ETA: 0s - loss: 5886.5321
1664/3953 [===========>..................] - ETA: 0s - loss: 5845.6046
1920/3953 [=============>................] - ETA: 0s - loss: 5844.1996
2176/3953 [===============>..............] - ETA: 0s - loss: 5883.2018
2432/3953 [=================>............] - ETA: 0s - loss: 5916.4662
2688/3953 [===================>..........] - ETA: 0s - loss: 5865.8675
2944/3953 [=====================>........] - ETA: 0s - loss: 5893.5629
3200/3953 [=======================>......] - ETA: 0s - loss: 5917.7090
3456/3953 [=========================>....] - ETA: 0s - loss: 5941.1503
3712/3953 [===========================>..] - ETA: 0s - loss: 5924.0201
3953/3953 [==============================] - 1s 288us/step - loss: 5857.3492
Epoch 65/100

 128/3953 [..............................] - ETA: 1s - loss: 6113.7910
 384/3953 [=>............................] - ETA: 1s - loss: 6225.2244
 640/3953 [===>..........................] - ETA: 1s - loss: 6137.3884
 896/3953 [=====>........................] - ETA: 0s - loss: 6083.0820
1152/3953 [=======>......................] - ETA: 0s - loss: 5997.2246
1408/3953 [=========>....................] - ETA: 0s - loss: 5907.0725
1664/3953 [===========>..................] - ETA: 0s - loss: 5949.5667
1920/3953 [=============>................] - ETA: 0s - loss: 5929.6666
2176/3953 [===============>..............] - ETA: 0s - loss: 5966.7919
2432/3953 [=================>............] - ETA: 0s - loss: 5992.8324
2688/3953 [===================>..........] - ETA: 0s - loss: 5967.8783
2944/3953 [=====================>........] - ETA: 0s - loss: 5879.3109
3200/3953 [=======================>......] - ETA: 0s - loss: 5896.2446
3456/3953 [=========================>....] - ETA: 0s - loss: 5871.6776
3712/3953 [===========================>..] - ETA: 0s - loss: 5877.5103
3953/3953 [==============================] - 1s 286us/step - loss: 5852.6241
Epoch 66/100

 128/3953 [..............................] - ETA: 1s - loss: 6118.8018
 384/3953 [=>............................] - ETA: 1s - loss: 6185.6307
 640/3953 [===>..........................] - ETA: 1s - loss: 6208.1398
 896/3953 [=====>........................] - ETA: 0s - loss: 5984.2874
1152/3953 [=======>......................] - ETA: 0s - loss: 5898.6497
1408/3953 [=========>....................] - ETA: 0s - loss: 5891.8147
1664/3953 [===========>..................] - ETA: 0s - loss: 5862.9791
1920/3953 [=============>................] - ETA: 0s - loss: 5881.5312
2176/3953 [===============>..............] - ETA: 0s - loss: 5859.7462
2432/3953 [=================>............] - ETA: 0s - loss: 5829.9300
2688/3953 [===================>..........] - ETA: 0s - loss: 5837.9813
2944/3953 [=====================>........] - ETA: 0s - loss: 5860.3829
3200/3953 [=======================>......] - ETA: 0s - loss: 5886.2760
3456/3953 [=========================>....] - ETA: 0s - loss: 5864.5535
3712/3953 [===========================>..] - ETA: 0s - loss: 5891.2410
3953/3953 [==============================] - 1s 312us/step - loss: 5852.3381
Epoch 67/100

 128/3953 [..............................] - ETA: 1s - loss: 6192.0688
 384/3953 [=>............................] - ETA: 1s - loss: 6209.3260
 640/3953 [===>..........................] - ETA: 1s - loss: 6211.6717
 896/3953 [=====>........................] - ETA: 0s - loss: 6200.4486
1152/3953 [=======>......................] - ETA: 0s - loss: 5952.1189
1408/3953 [=========>....................] - ETA: 0s - loss: 5882.9221
1664/3953 [===========>..................] - ETA: 0s - loss: 5927.2573
1920/3953 [=============>................] - ETA: 0s - loss: 5968.5572
2176/3953 [===============>..............] - ETA: 0s - loss: 5993.8541
2432/3953 [=================>............] - ETA: 0s - loss: 5926.5364
2688/3953 [===================>..........] - ETA: 0s - loss: 5943.6054
2944/3953 [=====================>........] - ETA: 0s - loss: 5913.9260
3200/3953 [=======================>......] - ETA: 0s - loss: 5886.1065
3456/3953 [=========================>....] - ETA: 0s - loss: 5904.5580
3712/3953 [===========================>..] - ETA: 0s - loss: 5868.1002
3953/3953 [==============================] - 1s 291us/step - loss: 5847.7178
Epoch 68/100

 128/3953 [..............................] - ETA: 1s - loss: 6061.1069
 384/3953 [=>............................] - ETA: 1s - loss: 6098.3633
 640/3953 [===>..........................] - ETA: 0s - loss: 5885.0807
 896/3953 [=====>........................] - ETA: 0s - loss: 5796.8184
1152/3953 [=======>......................] - ETA: 0s - loss: 5774.2260
1408/3953 [=========>....................] - ETA: 0s - loss: 5678.4612
1664/3953 [===========>..................] - ETA: 0s - loss: 5727.0478
1920/3953 [=============>................] - ETA: 0s - loss: 5723.5118
2176/3953 [===============>..............] - ETA: 0s - loss: 5783.0856
2432/3953 [=================>............] - ETA: 0s - loss: 5828.2947
2688/3953 [===================>..........] - ETA: 0s - loss: 5842.7875
2944/3953 [=====================>........] - ETA: 0s - loss: 5818.2248
3200/3953 [=======================>......] - ETA: 0s - loss: 5845.2219
3456/3953 [=========================>....] - ETA: 0s - loss: 5865.5969
3712/3953 [===========================>..] - ETA: 0s - loss: 5891.9729
3953/3953 [==============================] - 1s 302us/step - loss: 5847.4531
Epoch 69/100

 128/3953 [..............................] - ETA: 1s - loss: 6170.9619
 384/3953 [=>............................] - ETA: 1s - loss: 5862.8799
 640/3953 [===>..........................] - ETA: 0s - loss: 5788.1300
 896/3953 [=====>........................] - ETA: 0s - loss: 5791.5219
1152/3953 [=======>......................] - ETA: 0s - loss: 5620.4182
1408/3953 [=========>....................] - ETA: 0s - loss: 5737.7737
1664/3953 [===========>..................] - ETA: 0s - loss: 5777.6842
1920/3953 [=============>................] - ETA: 0s - loss: 5744.0101
2176/3953 [===============>..............] - ETA: 0s - loss: 5747.5730
2432/3953 [=================>............] - ETA: 0s - loss: 5797.8642
2688/3953 [===================>..........] - ETA: 0s - loss: 5809.0198
2944/3953 [=====================>........] - ETA: 0s - loss: 5844.3776
3200/3953 [=======================>......] - ETA: 0s - loss: 5818.1157
3456/3953 [=========================>....] - ETA: 0s - loss: 5843.5975
3712/3953 [===========================>..] - ETA: 0s - loss: 5868.0573
3953/3953 [==============================] - 1s 279us/step - loss: 5848.0779
Epoch 70/100

 128/3953 [..............................] - ETA: 1s - loss: 6247.9028
 384/3953 [=>............................] - ETA: 0s - loss: 5670.3521
 640/3953 [===>..........................] - ETA: 0s - loss: 5891.1404
 896/3953 [=====>........................] - ETA: 0s - loss: 5993.2042
1152/3953 [=======>......................] - ETA: 0s - loss: 5879.9663
1408/3953 [=========>....................] - ETA: 0s - loss: 5733.0039
1664/3953 [===========>..................] - ETA: 0s - loss: 5798.2220
1920/3953 [=============>................] - ETA: 0s - loss: 5854.7063
2176/3953 [===============>..............] - ETA: 0s - loss: 5844.2474
2432/3953 [=================>............] - ETA: 0s - loss: 5870.5120
2688/3953 [===================>..........] - ETA: 0s - loss: 5901.5037
2944/3953 [=====================>........] - ETA: 0s - loss: 5902.3709
3200/3953 [=======================>......] - ETA: 0s - loss: 5880.4261
3456/3953 [=========================>....] - ETA: 0s - loss: 5859.1393
3712/3953 [===========================>..] - ETA: 0s - loss: 5880.7845
3953/3953 [==============================] - 1s 278us/step - loss: 5846.9608
Epoch 71/100

 128/3953 [..............................] - ETA: 1s - loss: 4950.9619
 384/3953 [=>............................] - ETA: 1s - loss: 5758.1753
 640/3953 [===>..........................] - ETA: 0s - loss: 5897.6227
 896/3953 [=====>........................] - ETA: 0s - loss: 5794.0567
1152/3953 [=======>......................] - ETA: 0s - loss: 5819.3815
1408/3953 [=========>....................] - ETA: 0s - loss: 5889.8783
1664/3953 [===========>..................] - ETA: 0s - loss: 5785.3033
1920/3953 [=============>................] - ETA: 0s - loss: 5753.4435
2176/3953 [===============>..............] - ETA: 0s - loss: 5804.1945
2432/3953 [=================>............] - ETA: 0s - loss: 5846.2009
2688/3953 [===================>..........] - ETA: 0s - loss: 5837.2587
2944/3953 [=====================>........] - ETA: 0s - loss: 5828.4037
3200/3953 [=======================>......] - ETA: 0s - loss: 5814.2423
3456/3953 [=========================>....] - ETA: 0s - loss: 5840.8335
3712/3953 [===========================>..] - ETA: 0s - loss: 5870.0681
3953/3953 [==============================] - 1s 286us/step - loss: 5844.6979
Epoch 72/100

 128/3953 [..............................] - ETA: 1s - loss: 6109.8662
 384/3953 [=>............................] - ETA: 1s - loss: 6101.8049
 640/3953 [===>..........................] - ETA: 0s - loss: 5933.5388
 896/3953 [=====>........................] - ETA: 0s - loss: 5903.7357
1152/3953 [=======>......................] - ETA: 0s - loss: 5927.6595
1408/3953 [=========>....................] - ETA: 0s - loss: 5863.1564
1664/3953 [===========>..................] - ETA: 0s - loss: 5910.0607
1920/3953 [=============>................] - ETA: 0s - loss: 5945.1318
2176/3953 [===============>..............] - ETA: 0s - loss: 5889.3560
2432/3953 [=================>............] - ETA: 0s - loss: 5926.4129
2688/3953 [===================>..........] - ETA: 0s - loss: 5897.4369
2944/3953 [=====================>........] - ETA: 0s - loss: 5932.4913
3200/3953 [=======================>......] - ETA: 0s - loss: 5891.2262
3456/3953 [=========================>....] - ETA: 0s - loss: 5855.1622
3712/3953 [===========================>..] - ETA: 0s - loss: 5878.7889
3953/3953 [==============================] - 1s 291us/step - loss: 5839.3438
Epoch 73/100

 128/3953 [..............................] - ETA: 1s - loss: 5706.7910
 384/3953 [=>............................] - ETA: 1s - loss: 5539.7236
 640/3953 [===>..........................] - ETA: 0s - loss: 5594.4593
 896/3953 [=====>........................] - ETA: 0s - loss: 5541.7983
1152/3953 [=======>......................] - ETA: 0s - loss: 5612.4842
1408/3953 [=========>....................] - ETA: 0s - loss: 5718.1072
1664/3953 [===========>..................] - ETA: 0s - loss: 5795.0131
1920/3953 [=============>................] - ETA: 0s - loss: 5830.1481
2176/3953 [===============>..............] - ETA: 0s - loss: 5864.5771
2432/3953 [=================>............] - ETA: 0s - loss: 5904.1121
2688/3953 [===================>..........] - ETA: 0s - loss: 5926.1989
2944/3953 [=====================>........] - ETA: 0s - loss: 5889.6536
3200/3953 [=======================>......] - ETA: 0s - loss: 5918.6510
3456/3953 [=========================>....] - ETA: 0s - loss: 5897.8860
3712/3953 [===========================>..] - ETA: 0s - loss: 5864.1206
3953/3953 [==============================] - 1s 299us/step - loss: 5840.5730
Epoch 74/100

 128/3953 [..............................] - ETA: 1s - loss: 5711.0166
 384/3953 [=>............................] - ETA: 1s - loss: 5637.5013
 640/3953 [===>..........................] - ETA: 0s - loss: 5857.5211
 896/3953 [=====>........................] - ETA: 0s - loss: 5752.1131
1152/3953 [=======>......................] - ETA: 0s - loss: 5830.0124
1408/3953 [=========>....................] - ETA: 0s - loss: 5902.4616
1664/3953 [===========>..................] - ETA: 0s - loss: 5832.8123
1920/3953 [=============>................] - ETA: 0s - loss: 5872.1706
2176/3953 [===============>..............] - ETA: 0s - loss: 5916.6087
2432/3953 [=================>............] - ETA: 0s - loss: 5931.2005
2688/3953 [===================>..........] - ETA: 0s - loss: 5842.4107
2944/3953 [=====================>........] - ETA: 0s - loss: 5876.2383
3200/3953 [=======================>......] - ETA: 0s - loss: 5878.2474
3456/3953 [=========================>....] - ETA: 0s - loss: 5902.0408
3712/3953 [===========================>..] - ETA: 0s - loss: 5863.6955
3953/3953 [==============================] - 1s 300us/step - loss: 5840.4097
Epoch 75/100

 128/3953 [..............................] - ETA: 1s - loss: 5964.4287
 384/3953 [=>............................] - ETA: 1s - loss: 6046.3180
 640/3953 [===>..........................] - ETA: 0s - loss: 6114.7104
 896/3953 [=====>........................] - ETA: 0s - loss: 5990.2509
1152/3953 [=======>......................] - ETA: 0s - loss: 5971.7363
1408/3953 [=========>....................] - ETA: 0s - loss: 5886.6391
1664/3953 [===========>..................] - ETA: 0s - loss: 5839.4091
1920/3953 [=============>................] - ETA: 0s - loss: 5874.0021
2176/3953 [===============>..............] - ETA: 0s - loss: 5825.5754
2432/3953 [=================>............] - ETA: 0s - loss: 5864.0795
2688/3953 [===================>..........] - ETA: 0s - loss: 5893.2588
2944/3953 [=====================>........] - ETA: 0s - loss: 5869.5504
3200/3953 [=======================>......] - ETA: 0s - loss: 5848.6893
3456/3953 [=========================>....] - ETA: 0s - loss: 5836.7424
3712/3953 [===========================>..] - ETA: 0s - loss: 5858.5414
3953/3953 [==============================] - 1s 303us/step - loss: 5836.9378
Epoch 76/100

 128/3953 [..............................] - ETA: 1s - loss: 5479.6328
 384/3953 [=>............................] - ETA: 1s - loss: 5934.9224
 640/3953 [===>..........................] - ETA: 0s - loss: 5860.6161
 896/3953 [=====>........................] - ETA: 0s - loss: 5920.7962
1152/3953 [=======>......................] - ETA: 0s - loss: 5935.4889
1408/3953 [=========>....................] - ETA: 0s - loss: 5981.0963
1664/3953 [===========>..................] - ETA: 0s - loss: 6005.7313
1920/3953 [=============>................] - ETA: 0s - loss: 6006.5372
2176/3953 [===============>..............] - ETA: 0s - loss: 5887.4052
2432/3953 [=================>............] - ETA: 0s - loss: 5888.1537
2688/3953 [===================>..........] - ETA: 0s - loss: 5920.1564
2944/3953 [=====================>........] - ETA: 0s - loss: 5942.9398
3200/3953 [=======================>......] - ETA: 0s - loss: 5908.9289
3456/3953 [=========================>....] - ETA: 0s - loss: 5887.5314
3712/3953 [===========================>..] - ETA: 0s - loss: 5907.5671
3953/3953 [==============================] - 1s 289us/step - loss: 5837.0336
Epoch 77/100

 128/3953 [..............................] - ETA: 1s - loss: 5869.3320
 384/3953 [=>............................] - ETA: 0s - loss: 6127.0754
 640/3953 [===>..........................] - ETA: 0s - loss: 6123.2716
 896/3953 [=====>........................] - ETA: 0s - loss: 6061.1101
1152/3953 [=======>......................] - ETA: 0s - loss: 6089.1535
1408/3953 [=========>....................] - ETA: 0s - loss: 6078.4575
1664/3953 [===========>..................] - ETA: 0s - loss: 5997.4076
1920/3953 [=============>................] - ETA: 0s - loss: 6016.1710
2176/3953 [===============>..............] - ETA: 0s - loss: 6042.1830
2432/3953 [=================>............] - ETA: 0s - loss: 5988.3016
2688/3953 [===================>..........] - ETA: 0s - loss: 6005.7125
2944/3953 [=====================>........] - ETA: 0s - loss: 5972.0351
3200/3953 [=======================>......] - ETA: 0s - loss: 5932.3512
3456/3953 [=========================>....] - ETA: 0s - loss: 5889.4378
3712/3953 [===========================>..] - ETA: 0s - loss: 5890.8382
3953/3953 [==============================] - 1s 285us/step - loss: 5834.7658
Epoch 78/100

 128/3953 [..............................] - ETA: 1s - loss: 4949.4341
 384/3953 [=>............................] - ETA: 1s - loss: 5798.3700
 640/3953 [===>..........................] - ETA: 0s - loss: 5966.3229
 896/3953 [=====>........................] - ETA: 0s - loss: 5926.3325
1152/3953 [=======>......................] - ETA: 0s - loss: 5895.8907
1408/3953 [=========>....................] - ETA: 0s - loss: 5729.4428
1664/3953 [===========>..................] - ETA: 0s - loss: 5700.9591
1920/3953 [=============>................] - ETA: 0s - loss: 5772.8104
2176/3953 [===============>..............] - ETA: 0s - loss: 5752.6593
2432/3953 [=================>............] - ETA: 0s - loss: 5784.3229
2688/3953 [===================>..........] - ETA: 0s - loss: 5819.2084
2944/3953 [=====================>........] - ETA: 0s - loss: 5826.1720
3200/3953 [=======================>......] - ETA: 0s - loss: 5857.6550
3456/3953 [=========================>....] - ETA: 0s - loss: 5838.1647
3712/3953 [===========================>..] - ETA: 0s - loss: 5863.6576
3953/3953 [==============================] - 1s 298us/step - loss: 5837.7443
Epoch 79/100

 128/3953 [..............................] - ETA: 1s - loss: 6209.5454
 384/3953 [=>............................] - ETA: 1s - loss: 6136.8574
 640/3953 [===>..........................] - ETA: 1s - loss: 5897.6866
 896/3953 [=====>........................] - ETA: 0s - loss: 5631.1564
1152/3953 [=======>......................] - ETA: 0s - loss: 5685.7191
1408/3953 [=========>....................] - ETA: 0s - loss: 5671.6952
1664/3953 [===========>..................] - ETA: 0s - loss: 5747.3960
1920/3953 [=============>................] - ETA: 0s - loss: 5714.4571
2176/3953 [===============>..............] - ETA: 0s - loss: 5739.2192
2432/3953 [=================>............] - ETA: 0s - loss: 5785.4113
2688/3953 [===================>..........] - ETA: 0s - loss: 5779.2180
2944/3953 [=====================>........] - ETA: 0s - loss: 5816.7300
3200/3953 [=======================>......] - ETA: 0s - loss: 5814.1898
3456/3953 [=========================>....] - ETA: 0s - loss: 5831.4491
3712/3953 [===========================>..] - ETA: 0s - loss: 5849.5047
3953/3953 [==============================] - 1s 298us/step - loss: 5826.1435
Epoch 80/100

 128/3953 [..............................] - ETA: 1s - loss: 5452.6182
 384/3953 [=>............................] - ETA: 1s - loss: 5753.0815
 640/3953 [===>..........................] - ETA: 0s - loss: 5679.2403
 896/3953 [=====>........................] - ETA: 0s - loss: 5792.4944
1152/3953 [=======>......................] - ETA: 0s - loss: 5864.8953
1408/3953 [=========>....................] - ETA: 0s - loss: 5923.1917
1664/3953 [===========>..................] - ETA: 0s - loss: 5858.8388
1920/3953 [=============>................] - ETA: 0s - loss: 5914.4437
2176/3953 [===============>..............] - ETA: 0s - loss: 5838.0388
2432/3953 [=================>............] - ETA: 0s - loss: 5874.3048
2688/3953 [===================>..........] - ETA: 0s - loss: 5857.1413
2944/3953 [=====================>........] - ETA: 0s - loss: 5888.8382
3200/3953 [=======================>......] - ETA: 0s - loss: 5889.0583
3456/3953 [=========================>....] - ETA: 0s - loss: 5872.6690
3712/3953 [===========================>..] - ETA: 0s - loss: 5847.9308
3953/3953 [==============================] - 1s 279us/step - loss: 5821.2085
Epoch 81/100

 128/3953 [..............................] - ETA: 1s - loss: 5952.4521
 384/3953 [=>............................] - ETA: 1s - loss: 5774.2153
 640/3953 [===>..........................] - ETA: 1s - loss: 5865.8987
 896/3953 [=====>........................] - ETA: 0s - loss: 5618.5643
1152/3953 [=======>......................] - ETA: 0s - loss: 5577.4985
1408/3953 [=========>....................] - ETA: 0s - loss: 5567.0178
1664/3953 [===========>..................] - ETA: 0s - loss: 5669.1067
1920/3953 [=============>................] - ETA: 0s - loss: 5710.5974
2176/3953 [===============>..............] - ETA: 0s - loss: 5763.5944
2432/3953 [=================>............] - ETA: 0s - loss: 5772.7626
2688/3953 [===================>..........] - ETA: 0s - loss: 5811.4636
2944/3953 [=====================>........] - ETA: 0s - loss: 5782.0839
3200/3953 [=======================>......] - ETA: 0s - loss: 5813.5855
3456/3953 [=========================>....] - ETA: 0s - loss: 5840.4475
3712/3953 [===========================>..] - ETA: 0s - loss: 5840.8887
3953/3953 [==============================] - 1s 300us/step - loss: 5820.2642
Epoch 82/100

 128/3953 [..............................] - ETA: 1s - loss: 6224.2305
 384/3953 [=>............................] - ETA: 0s - loss: 5611.8805
 640/3953 [===>..........................] - ETA: 0s - loss: 5806.1438
 896/3953 [=====>........................] - ETA: 0s - loss: 5935.3440
1152/3953 [=======>......................] - ETA: 0s - loss: 5991.7867
1408/3953 [=========>....................] - ETA: 0s - loss: 5951.0799
1664/3953 [===========>..................] - ETA: 0s - loss: 5979.6143
1920/3953 [=============>................] - ETA: 0s - loss: 5954.9364
2176/3953 [===============>..............] - ETA: 0s - loss: 5975.8133
2432/3953 [=================>............] - ETA: 0s - loss: 5994.6947
2688/3953 [===================>..........] - ETA: 0s - loss: 6010.6789
2944/3953 [=====================>........] - ETA: 0s - loss: 5907.5165
3200/3953 [=======================>......] - ETA: 0s - loss: 5872.0783
3456/3953 [=========================>....] - ETA: 0s - loss: 5862.4024
3712/3953 [===========================>..] - ETA: 0s - loss: 5841.0554
3953/3953 [==============================] - 1s 286us/step - loss: 5822.1777
Epoch 83/100

 128/3953 [..............................] - ETA: 1s - loss: 5453.6611
 384/3953 [=>............................] - ETA: 0s - loss: 5990.5277
 640/3953 [===>..........................] - ETA: 0s - loss: 5811.8426
 896/3953 [=====>........................] - ETA: 0s - loss: 5932.4604
1152/3953 [=======>......................] - ETA: 0s - loss: 5986.2902
1408/3953 [=========>....................] - ETA: 0s - loss: 6005.5518
1664/3953 [===========>..................] - ETA: 0s - loss: 6023.5658
1920/3953 [=============>................] - ETA: 0s - loss: 6040.6130
2176/3953 [===============>..............] - ETA: 0s - loss: 6036.6727
2432/3953 [=================>............] - ETA: 0s - loss: 5925.6157
2688/3953 [===================>..........] - ETA: 0s - loss: 5927.4985
2944/3953 [=====================>........] - ETA: 0s - loss: 5944.8252
3200/3953 [=======================>......] - ETA: 0s - loss: 5867.1798
3456/3953 [=========================>....] - ETA: 0s - loss: 5841.0447
3712/3953 [===========================>..] - ETA: 0s - loss: 5864.0001
3953/3953 [==============================] - 1s 281us/step - loss: 5817.1338
Epoch 84/100

 128/3953 [..............................] - ETA: 1s - loss: 4765.6069
 384/3953 [=>............................] - ETA: 0s - loss: 5693.3984
 640/3953 [===>..........................] - ETA: 0s - loss: 5864.3580
 896/3953 [=====>........................] - ETA: 0s - loss: 5908.2627
1152/3953 [=======>......................] - ETA: 0s - loss: 5985.1561
1408/3953 [=========>....................] - ETA: 0s - loss: 5967.1727
1664/3953 [===========>..................] - ETA: 0s - loss: 5991.3573
1920/3953 [=============>................] - ETA: 0s - loss: 5989.1935
2176/3953 [===============>..............] - ETA: 0s - loss: 5939.7593
2432/3953 [=================>............] - ETA: 0s - loss: 5912.0808
2688/3953 [===================>..........] - ETA: 0s - loss: 5916.0741
2944/3953 [=====================>........] - ETA: 0s - loss: 5940.1085
3200/3953 [=======================>......] - ETA: 0s - loss: 5909.7361
3456/3953 [=========================>....] - ETA: 0s - loss: 5866.7615
3712/3953 [===========================>..] - ETA: 0s - loss: 5885.3161
3953/3953 [==============================] - 1s 286us/step - loss: 5812.7076
Epoch 85/100

 128/3953 [..............................] - ETA: 1s - loss: 6099.7612
 384/3953 [=>............................] - ETA: 1s - loss: 6165.8586
 640/3953 [===>..........................] - ETA: 1s - loss: 6139.4791
 896/3953 [=====>........................] - ETA: 0s - loss: 5871.5682
1152/3953 [=======>......................] - ETA: 0s - loss: 5944.1182
1408/3953 [=========>....................] - ETA: 0s - loss: 5911.2486
1664/3953 [===========>..................] - ETA: 0s - loss: 5956.1600
1920/3953 [=============>................] - ETA: 0s - loss: 5981.5091
2176/3953 [===============>..............] - ETA: 0s - loss: 6010.5883
2432/3953 [=================>............] - ETA: 0s - loss: 5957.5752
2688/3953 [===================>..........] - ETA: 0s - loss: 5961.3137
2944/3953 [=====================>........] - ETA: 0s - loss: 5979.5619
3200/3953 [=======================>......] - ETA: 0s - loss: 5957.6586
3456/3953 [=========================>....] - ETA: 0s - loss: 5947.3303
3712/3953 [===========================>..] - ETA: 0s - loss: 5882.5293
3953/3953 [==============================] - 1s 283us/step - loss: 5815.4048
Epoch 86/100

 128/3953 [..............................] - ETA: 1s - loss: 6216.2324
 384/3953 [=>............................] - ETA: 1s - loss: 5862.9674
 640/3953 [===>..........................] - ETA: 1s - loss: 6019.7728
 896/3953 [=====>........................] - ETA: 0s - loss: 5990.4250
1152/3953 [=======>......................] - ETA: 0s - loss: 5865.1428
1408/3953 [=========>....................] - ETA: 0s - loss: 5858.8922
1664/3953 [===========>..................] - ETA: 0s - loss: 5834.5659
1920/3953 [=============>................] - ETA: 0s - loss: 5786.4652
2176/3953 [===============>..............] - ETA: 0s - loss: 5813.9874
2432/3953 [=================>............] - ETA: 0s - loss: 5854.7561
2688/3953 [===================>..........] - ETA: 0s - loss: 5880.3332
2944/3953 [=====================>........] - ETA: 0s - loss: 5909.3433
3200/3953 [=======================>......] - ETA: 0s - loss: 5876.8558
3456/3953 [=========================>....] - ETA: 0s - loss: 5860.8653
3712/3953 [===========================>..] - ETA: 0s - loss: 5837.5217
3953/3953 [==============================] - 1s 290us/step - loss: 5814.0775
Epoch 87/100

 128/3953 [..............................] - ETA: 1s - loss: 6175.3662
 384/3953 [=>............................] - ETA: 1s - loss: 6159.2432
 640/3953 [===>..........................] - ETA: 0s - loss: 6129.9922
 896/3953 [=====>........................] - ETA: 0s - loss: 5894.4368
1152/3953 [=======>......................] - ETA: 0s - loss: 5959.8562
1408/3953 [=========>....................] - ETA: 0s - loss: 5926.4870
1664/3953 [===========>..................] - ETA: 0s - loss: 5859.5628
1920/3953 [=============>................] - ETA: 0s - loss: 5899.3981
2176/3953 [===============>..............] - ETA: 0s - loss: 5929.1690
2432/3953 [=================>............] - ETA: 0s - loss: 5884.0532
2688/3953 [===================>..........] - ETA: 0s - loss: 5883.1747
2944/3953 [=====================>........] - ETA: 0s - loss: 5857.0601
3200/3953 [=======================>......] - ETA: 0s - loss: 5880.4857
3456/3953 [=========================>....] - ETA: 0s - loss: 5854.8990
3712/3953 [===========================>..] - ETA: 0s - loss: 5835.8662
3953/3953 [==============================] - 1s 286us/step - loss: 5809.0581
Epoch 88/100

 128/3953 [..............................] - ETA: 1s - loss: 6256.9473
 384/3953 [=>............................] - ETA: 0s - loss: 6160.3797
 640/3953 [===>..........................] - ETA: 0s - loss: 6197.1977
 896/3953 [=====>........................] - ETA: 0s - loss: 6167.6867
1152/3953 [=======>......................] - ETA: 0s - loss: 6024.9550
1408/3953 [=========>....................] - ETA: 0s - loss: 6048.8031
1664/3953 [===========>..................] - ETA: 0s - loss: 5970.9669
1920/3953 [=============>................] - ETA: 0s - loss: 5995.3416
2176/3953 [===============>..............] - ETA: 0s - loss: 5926.5197
2432/3953 [=================>............] - ETA: 0s - loss: 5834.6287
2688/3953 [===================>..........] - ETA: 0s - loss: 5868.9382
2944/3953 [=====================>........] - ETA: 0s - loss: 5889.3466
3200/3953 [=======================>......] - ETA: 0s - loss: 5879.3772
3456/3953 [=========================>....] - ETA: 0s - loss: 5870.6600
3712/3953 [===========================>..] - ETA: 0s - loss: 5831.5737
3953/3953 [==============================] - 1s 277us/step - loss: 5809.1451
Epoch 89/100

 128/3953 [..............................] - ETA: 1s - loss: 6174.4551
 384/3953 [=>............................] - ETA: 0s - loss: 5431.1556
 640/3953 [===>..........................] - ETA: 0s - loss: 5714.3307
 896/3953 [=====>........................] - ETA: 0s - loss: 5656.8977
1152/3953 [=======>......................] - ETA: 0s - loss: 5755.3417
1408/3953 [=========>....................] - ETA: 0s - loss: 5834.5665
1664/3953 [===========>..................] - ETA: 0s - loss: 5890.2083
1920/3953 [=============>................] - ETA: 0s - loss: 5913.9356
2176/3953 [===============>..............] - ETA: 0s - loss: 5940.2392
2432/3953 [=================>............] - ETA: 0s - loss: 5962.0010
2688/3953 [===================>..........] - ETA: 0s - loss: 5969.1604
2944/3953 [=====================>........] - ETA: 0s - loss: 5963.7991
3200/3953 [=======================>......] - ETA: 0s - loss: 5921.6538
3456/3953 [=========================>....] - ETA: 0s - loss: 5897.9546
3712/3953 [===========================>..] - ETA: 0s - loss: 5854.2600
3953/3953 [==============================] - 1s 283us/step - loss: 5806.7643
Epoch 90/100

 128/3953 [..............................] - ETA: 1s - loss: 6241.6841
 384/3953 [=>............................] - ETA: 1s - loss: 5920.1281
 640/3953 [===>..........................] - ETA: 0s - loss: 5877.2610
 896/3953 [=====>........................] - ETA: 0s - loss: 5960.7145
1152/3953 [=======>......................] - ETA: 0s - loss: 5875.8558
1408/3953 [=========>....................] - ETA: 0s - loss: 5906.2444
1664/3953 [===========>..................] - ETA: 0s - loss: 5835.9930
1920/3953 [=============>................] - ETA: 0s - loss: 5883.2717
2176/3953 [===============>..............] - ETA: 0s - loss: 5873.3021
2432/3953 [=================>............] - ETA: 0s - loss: 5761.8033
2688/3953 [===================>..........] - ETA: 0s - loss: 5742.9646
2944/3953 [=====================>........] - ETA: 0s - loss: 5782.1256
3200/3953 [=======================>......] - ETA: 0s - loss: 5797.3993
3456/3953 [=========================>....] - ETA: 0s - loss: 5821.5941
3712/3953 [===========================>..] - ETA: 0s - loss: 5850.5266
3953/3953 [==============================] - 1s 289us/step - loss: 5810.0675
Epoch 91/100

 128/3953 [..............................] - ETA: 1s - loss: 6076.5688
 384/3953 [=>............................] - ETA: 0s - loss: 5789.9355
 640/3953 [===>..........................] - ETA: 0s - loss: 5960.8905
 896/3953 [=====>........................] - ETA: 0s - loss: 5731.7941
1152/3953 [=======>......................] - ETA: 0s - loss: 5695.3720
1408/3953 [=========>....................] - ETA: 0s - loss: 5754.1063
1664/3953 [===========>..................] - ETA: 0s - loss: 5699.8504
1920/3953 [=============>................] - ETA: 0s - loss: 5674.5221
2176/3953 [===============>..............] - ETA: 0s - loss: 5710.7401
2432/3953 [=================>............] - ETA: 0s - loss: 5735.0758
2688/3953 [===================>..........] - ETA: 0s - loss: 5778.2656
2944/3953 [=====================>........] - ETA: 0s - loss: 5816.1744
3200/3953 [=======================>......] - ETA: 0s - loss: 5775.2323
3456/3953 [=========================>....] - ETA: 0s - loss: 5804.9996
3712/3953 [===========================>..] - ETA: 0s - loss: 5825.7377
3953/3953 [==============================] - 1s 285us/step - loss: 5805.9809
Epoch 92/100

 128/3953 [..............................] - ETA: 1s - loss: 5483.3921
 384/3953 [=>............................] - ETA: 1s - loss: 5538.9144
 640/3953 [===>..........................] - ETA: 0s - loss: 5537.9711
 896/3953 [=====>........................] - ETA: 0s - loss: 5562.8728
1152/3953 [=======>......................] - ETA: 0s - loss: 5710.8229
1408/3953 [=========>....................] - ETA: 0s - loss: 5787.6930
1664/3953 [===========>..................] - ETA: 0s - loss: 5802.8637
1920/3953 [=============>................] - ETA: 0s - loss: 5845.1885
2176/3953 [===============>..............] - ETA: 0s - loss: 5874.1998
2432/3953 [=================>............] - ETA: 0s - loss: 5910.8718
2688/3953 [===================>..........] - ETA: 0s - loss: 5915.2834
2944/3953 [=====================>........] - ETA: 0s - loss: 5933.8416
3200/3953 [=======================>......] - ETA: 0s - loss: 5896.4660
3456/3953 [=========================>....] - ETA: 0s - loss: 5917.5160
3712/3953 [===========================>..] - ETA: 0s - loss: 5876.7748
3953/3953 [==============================] - 1s 284us/step - loss: 5802.2974
Epoch 93/100

 128/3953 [..............................] - ETA: 1s - loss: 6204.5542
 384/3953 [=>............................] - ETA: 0s - loss: 6180.8612
 640/3953 [===>..........................] - ETA: 0s - loss: 6121.3815
 896/3953 [=====>........................] - ETA: 0s - loss: 6114.0582
1152/3953 [=======>......................] - ETA: 0s - loss: 6080.6870
1408/3953 [=========>....................] - ETA: 0s - loss: 6072.3952
1664/3953 [===========>..................] - ETA: 0s - loss: 5975.1073
1920/3953 [=============>................] - ETA: 0s - loss: 5913.6435
2176/3953 [===============>..............] - ETA: 0s - loss: 5940.1573
2432/3953 [=================>............] - ETA: 0s - loss: 5847.2156
2688/3953 [===================>..........] - ETA: 0s - loss: 5880.3999
2944/3953 [=====================>........] - ETA: 0s - loss: 5883.1845
3200/3953 [=======================>......] - ETA: 0s - loss: 5905.8414
3456/3953 [=========================>....] - ETA: 0s - loss: 5925.0679
3712/3953 [===========================>..] - ETA: 0s - loss: 5879.4570
3953/3953 [==============================] - 1s 284us/step - loss: 5808.5742
Epoch 94/100

 128/3953 [..............................] - ETA: 0s - loss: 6227.9102
 384/3953 [=>............................] - ETA: 0s - loss: 6225.3805
 640/3953 [===>..........................] - ETA: 0s - loss: 6074.3227
 896/3953 [=====>........................] - ETA: 0s - loss: 5933.2589
1152/3953 [=======>......................] - ETA: 0s - loss: 5901.4715
1408/3953 [=========>....................] - ETA: 0s - loss: 5920.1973
1664/3953 [===========>..................] - ETA: 0s - loss: 5937.7260
1920/3953 [=============>................] - ETA: 0s - loss: 5967.8636
2176/3953 [===============>..............] - ETA: 0s - loss: 5991.1100
2432/3953 [=================>............] - ETA: 0s - loss: 6016.4074
2688/3953 [===================>..........] - ETA: 0s - loss: 5974.3794
2944/3953 [=====================>........] - ETA: 0s - loss: 5935.1882
3200/3953 [=======================>......] - ETA: 0s - loss: 5876.2274
3456/3953 [=========================>....] - ETA: 0s - loss: 5893.7641
3712/3953 [===========================>..] - ETA: 0s - loss: 5831.1339
3953/3953 [==============================] - 1s 275us/step - loss: 5804.3129
Epoch 95/100

 128/3953 [..............................] - ETA: 1s - loss: 6173.6992
 384/3953 [=>............................] - ETA: 1s - loss: 5582.2238
 640/3953 [===>..........................] - ETA: 0s - loss: 5567.3677
 896/3953 [=====>........................] - ETA: 0s - loss: 5731.2317
1152/3953 [=======>......................] - ETA: 0s - loss: 5580.8569
1408/3953 [=========>....................] - ETA: 0s - loss: 5687.3623
1664/3953 [===========>..................] - ETA: 0s - loss: 5725.6020
1920/3953 [=============>................] - ETA: 0s - loss: 5778.4967
2176/3953 [===============>..............] - ETA: 0s - loss: 5736.7462
2432/3953 [=================>............] - ETA: 0s - loss: 5703.7195
2688/3953 [===================>..........] - ETA: 0s - loss: 5751.8128
2944/3953 [=====================>........] - ETA: 0s - loss: 5780.6750
3200/3953 [=======================>......] - ETA: 0s - loss: 5752.2553
3456/3953 [=========================>....] - ETA: 0s - loss: 5789.4655
3712/3953 [===========================>..] - ETA: 0s - loss: 5822.7841
3953/3953 [==============================] - 1s 292us/step - loss: 5800.6762
Epoch 96/100

 128/3953 [..............................] - ETA: 1s - loss: 4929.1094
 384/3953 [=>............................] - ETA: 1s - loss: 5748.8818
 640/3953 [===>..........................] - ETA: 0s - loss: 5667.3416
 896/3953 [=====>........................] - ETA: 0s - loss: 5495.9850
1152/3953 [=======>......................] - ETA: 0s - loss: 5367.3681
1408/3953 [=========>....................] - ETA: 0s - loss: 5430.5023
1664/3953 [===========>..................] - ETA: 0s - loss: 5505.7862
1920/3953 [=============>................] - ETA: 0s - loss: 5577.2773
2176/3953 [===============>..............] - ETA: 0s - loss: 5626.9168
2432/3953 [=================>............] - ETA: 0s - loss: 5683.7329
2688/3953 [===================>..........] - ETA: 0s - loss: 5700.4635
2944/3953 [=====================>........] - ETA: 0s - loss: 5734.8296
3200/3953 [=======================>......] - ETA: 0s - loss: 5772.1274
3456/3953 [=========================>....] - ETA: 0s - loss: 5801.0225
3712/3953 [===========================>..] - ETA: 0s - loss: 5828.7030
3953/3953 [==============================] - 1s 289us/step - loss: 5801.5368
Epoch 97/100

 128/3953 [..............................] - ETA: 1s - loss: 6225.9849
 384/3953 [=>............................] - ETA: 1s - loss: 5308.6234
 640/3953 [===>..........................] - ETA: 0s - loss: 5630.1891
 896/3953 [=====>........................] - ETA: 0s - loss: 5656.8334
1152/3953 [=======>......................] - ETA: 0s - loss: 5644.4273
1408/3953 [=========>....................] - ETA: 0s - loss: 5706.8361
1664/3953 [===========>..................] - ETA: 0s - loss: 5752.7332
1920/3953 [=============>................] - ETA: 0s - loss: 5774.6781
2176/3953 [===============>..............] - ETA: 0s - loss: 5825.6231
2432/3953 [=================>............] - ETA: 0s - loss: 5859.8868
2688/3953 [===================>..........] - ETA: 0s - loss: 5889.0270
2944/3953 [=====================>........] - ETA: 0s - loss: 5837.5242
3200/3953 [=======================>......] - ETA: 0s - loss: 5837.8220
3456/3953 [=========================>....] - ETA: 0s - loss: 5809.1755
3712/3953 [===========================>..] - ETA: 0s - loss: 5828.9473
3953/3953 [==============================] - 1s 291us/step - loss: 5800.7435
Epoch 98/100

 128/3953 [..............................] - ETA: 1s - loss: 6082.6929
 384/3953 [=>............................] - ETA: 1s - loss: 5250.5169
 640/3953 [===>..........................] - ETA: 1s - loss: 5344.9515
 896/3953 [=====>........................] - ETA: 0s - loss: 5577.3721
1152/3953 [=======>......................] - ETA: 0s - loss: 5574.3847
1408/3953 [=========>....................] - ETA: 0s - loss: 5677.5296
1664/3953 [===========>..................] - ETA: 0s - loss: 5678.1892
1920/3953 [=============>................] - ETA: 0s - loss: 5756.9191
2176/3953 [===============>..............] - ETA: 0s - loss: 5791.7650
2432/3953 [=================>............] - ETA: 0s - loss: 5818.1286
2688/3953 [===================>..........] - ETA: 0s - loss: 5851.5416
2944/3953 [=====================>........] - ETA: 0s - loss: 5818.4129
3200/3953 [=======================>......] - ETA: 0s - loss: 5781.3562
3456/3953 [=========================>....] - ETA: 0s - loss: 5814.0411
3712/3953 [===========================>..] - ETA: 0s - loss: 5839.7277
3953/3953 [==============================] - 1s 302us/step - loss: 5799.1898
Epoch 99/100

 128/3953 [..............................] - ETA: 1s - loss: 5840.7988
 384/3953 [=>............................] - ETA: 1s - loss: 5642.2145
 640/3953 [===>..........................] - ETA: 0s - loss: 5880.4924
 896/3953 [=====>........................] - ETA: 0s - loss: 5598.8641
1152/3953 [=======>......................] - ETA: 0s - loss: 5572.0583
1408/3953 [=========>....................] - ETA: 0s - loss: 5678.4310
1664/3953 [===========>..................] - ETA: 0s - loss: 5640.9591
1920/3953 [=============>................] - ETA: 0s - loss: 5716.5602
2176/3953 [===============>..............] - ETA: 0s - loss: 5656.0595
2432/3953 [=================>............] - ETA: 0s - loss: 5701.0869
2688/3953 [===================>..........] - ETA: 0s - loss: 5745.3392
2944/3953 [=====================>........] - ETA: 0s - loss: 5775.2299
3200/3953 [=======================>......] - ETA: 0s - loss: 5802.1500
3456/3953 [=========================>....] - ETA: 0s - loss: 5798.6868
3712/3953 [===========================>..] - ETA: 0s - loss: 5817.8122
3953/3953 [==============================] - 1s 294us/step - loss: 5797.1124
Epoch 100/100

 128/3953 [..............................] - ETA: 1s - loss: 6211.3252
 384/3953 [=>............................] - ETA: 1s - loss: 5945.6230
 640/3953 [===>..........................] - ETA: 0s - loss: 5822.5124
 896/3953 [=====>........................] - ETA: 0s - loss: 5729.8738
1152/3953 [=======>......................] - ETA: 0s - loss: 5777.1209
1408/3953 [=========>....................] - ETA: 0s - loss: 5723.6050
1664/3953 [===========>..................] - ETA: 0s - loss: 5694.8521
1920/3953 [=============>................] - ETA: 0s - loss: 5746.3506
2176/3953 [===============>..............] - ETA: 0s - loss: 5726.2846
2432/3953 [=================>............] - ETA: 0s - loss: 5778.2368
2688/3953 [===================>..........] - ETA: 0s - loss: 5815.5995
2944/3953 [=====================>........] - ETA: 0s - loss: 5788.1098
3200/3953 [=======================>......] - ETA: 0s - loss: 5810.6066
3456/3953 [=========================>....] - ETA: 0s - loss: 5835.2579
3712/3953 [===========================>..] - ETA: 0s - loss: 5823.4395
3953/3953 [==============================] - 1s 285us/step - loss: 5797.9804

Training time: 116.45 seconds
Weights saved: /datasets/zsuliman/msi_checkpoints/baselines/msipl/cac/200TopL/msipl_weights.h5

=== ENCODING ===
Latent shape: (3953, 5)

=== RECONSTRUCTION ===
Decoded shape: (3953, 1481)

Direct reconstruction MSE: 0.0010584408
TIC-normalised reconstruction MSE: 3.653664e-06

=== Decoded output ===
shape: (3953, 1481)
dtype: float32
min: 9.3045503e-29
max: 1.0
mean: 0.0040815035
std: 0.038171876

=== TIC-normalised decoded output ===
shape: (3953, 1481)
dtype: float32
min: 1.1555604e-29
max: 0.39790398
mean: 0.00067521987
std: 0.005836826

=== PEAK LEARNING ===
Learned m/z peaks: 24
Peak-learning time: 0.0024 seconds

==========================================
       LEGACY msiPL RUN COMPLETE
==========================================
Dataset: 200TopL.h5
Training time: 116.44832730293274
Direct MSE: 0.0010584408
TIC-normalised MSE: 3.653664e-06
Learned peaks: 24
Results: /home-mscluster/zsuliman/msi/results/baselines/msipl/cac_fixed_beta/200TopL
Checkpoint: /datasets/zsuliman/msi_checkpoints/baselines/msipl/cac/200TopL/msipl_weights.h5
==========================================
{
  "dataset": "200TopL",
  "method": "legacy msiPL VAE-BN plus LearnPeaks",
  "evaluation": "S3PL-compatible PCC-threshold peak classification",
  "thresholds": [
    0.3,
    0.4,
    0.5,
    0.6
  ],
  "spectral_bins": 1481,
  "class_values": [
    0,
    1,
    2
  ],
  "class_names": {
    "0": "class_0",
    "1": "class_1",
    "2": "class_2"
  },
  "reported_peaks": 24,
  "unique_nearest_bins": 24,
  "threshold_results": {
    "0.3": {
      "class_metrics": {
        "class_0": {
          "true_positive": 11,
          "false_positive": 13,
          "false_negative": 20,
          "true_negative": 1437,
          "recall": 0.3548387096774194,
          "precision": 0.4583333333333333,
          "F1": 0.4
        },
        "class_1": {
          "true_positive": 8,
          "false_positive": 16,
          "false_negative": 122,
          "true_negative": 1335,
          "recall": 0.06153846153846154,
          "precision": 0.3333333333333333,
          "F1": 0.1038961038961039
        },
        "class_2": {
          "true_positive": 8,
          "false_positive": 16,
          "false_negative": 45,
          "true_negative": 1412,
          "recall": 0.1509433962264151,
          "precision": 0.3333333333333333,
          "F1": 0.2077922077922078
        }
      },
      "mixed_classes": {
        "true_positive": 23,
        "false_positive": 1,
        "false_negative": 169,
        "true_negative": 1288,
        "recall": 0.11979166666666667,
        "precision": 0.9583333333333334,
        "F1": 0.21296296296296297
      },
      "true_bins_mixed": 192
    },
    "0.4": {
      "class_metrics": {
        "class_0": {
          "true_positive": 10,
          "false_positive": 14,
          "false_negative": 13,
          "true_negative": 1444,
          "recall": 0.43478260869565216,
          "precision": 0.4166666666666667,
          "F1": 0.425531914893617
        },
        "class_1": {
          "true_positive": 5,
          "false_positive": 19,
          "false_negative": 87,
          "true_negative": 1370,
          "recall": 0.05434782608695652,
          "precision": 0.20833333333333334,
          "F1": 0.08620689655172414
        },
        "class_2": {
          "true_positive": 6,
          "false_positive": 18,
          "false_negative": 22,
          "true_negative": 1435,
          "recall": 0.21428571428571427,
          "precision": 0.25,
          "F1": 0.23076923076923078
        }
      },
      "mixed_classes": {
        "true_positive": 21,
        "false_positive": 3,
        "false_negative": 122,
        "true_negative": 1335,
        "recall": 0.14685314685314685,
        "precision": 0.875,
        "F1": 0.25149700598802394
      },
      "true_bins_mixed": 143
    },
    "0.5": {
      "class_metrics": {
        "class_0": {
          "true_positive": 9,
          "false_positive": 15,
          "false_negative": 10,
          "true_negative": 1447,
          "recall": 0.47368421052631576,
          "precision": 0.375,
          "F1": 0.4186046511627907
        },
        "class_1": {
          "true_positive": 2,
          "false_positive": 22,
          "false_negative": 62,
          "true_negative": 1395,
          "recall": 0.03125,
          "precision": 0.08333333333333333,
          "F1": 0.045454545454545456
        },
        "class_2": {
          "true_positive": 3,
          "false_positive": 21,
          "false_negative": 8,
          "true_negative": 1449,
          "recall": 0.2727272727272727,
          "precision": 0.125,
          "F1": 0.17142857142857143
        }
      },
      "mixed_classes": {
        "true_positive": 14,
        "false_positive": 10,
        "false_negative": 80,
        "true_negative": 1377,
        "recall": 0.14893617021276595,
        "precision": 0.5833333333333334,
        "F1": 0.23728813559322035
      },
      "true_bins_mixed": 94
    },
    "0.6": {
      "class_metrics": {
        "class_0": {
          "true_positive": 8,
          "false_positive": 16,
          "false_negative": 9,
          "true_negative": 1448,
          "recall": 0.47058823529411764,
          "precision": 0.3333333333333333,
          "F1": 0.3902439024390244
        },
        "class_1": {
          "true_positive": 2,
          "false_positive": 22,
          "false_negative": 34,
          "true_negative": 1423,
          "recall": 0.05555555555555555,
          "precision": 0.08333333333333333,
          "F1": 0.06666666666666667
        },
        "class_2": {
          "true_positive": 3,
          "false_positive": 21,
          "false_negative": 2,
          "true_negative": 1455,
          "recall": 0.6,
          "precision": 0.125,
          "F1": 0.20689655172413793
        }
      },
      "mixed_classes": {
        "true_positive": 13,
        "false_positive": 11,
        "false_negative": 45,
        "true_negative": 1412,
        "recall": 0.22413793103448276,
        "precision": 0.5416666666666666,
        "F1": 0.3170731707317073
      },
      "true_bins_mixed": 58
    }
  },
  "mixed_f1": {
    "0.3": 0.21296296296296297,
    "0.4": 0.25149700598802394,
    "0.5": 0.23728813559322035,
    "0.6": 0.3170731707317073
  },
  "mSCF1": 0.2547053188189786,
  "status": "complete"
}
=== 200TopL: 3/3 PAPER-ALIGNED BETA AND EVALUATION ===
=== LOADING DATA ===
Input: /datasets/zsuliman/msi_data/cac_msipl/200TopL.h5
HDF5 keys: ['Class_Label', 'Data', 'mzArray', 'xLocation', 'yLocation']
Raw Data shape: (3953, 1481)
mzArray shape: (1481,)
xLocation shape: (3953,)
yLocation shape: (3953,)
Final spectra shape: (3953, 1481)
m/z range: 198.033661 - 1060.678589
==== Encoder Architecture...
__________________________________________________________________________________________________
Layer (type)                    Output Shape         Param #     Connected to                     
==================================================================================================
encoder_input (InputLayer)      (None, 1481)         0                                            
__________________________________________________________________________________________________
dense_1 (Dense)                 (None, 512)          758784      encoder_input[0][0]              
__________________________________________________________________________________________________
batch_normalization_1 (BatchNor (None, 512)          2048        dense_1[0][0]                    
__________________________________________________________________________________________________
activation_1 (Activation)       (None, 512)          0           batch_normalization_1[0][0]      
__________________________________________________________________________________________________
z_mean (Dense)                  (None, 5)            2565        activation_1[0][0]               
__________________________________________________________________________________________________
z_log_var (Dense)               (None, 5)            2565        activation_1[0][0]               
__________________________________________________________________________________________________
batch_normalization_2 (BatchNor (None, 5)            20          z_mean[0][0]                     
__________________________________________________________________________________________________
batch_normalization_3 (BatchNor (None, 5)            20          z_log_var[0][0]                  
__________________________________________________________________________________________________
z (Lambda)                      (None, 5)            0           batch_normalization_2[0][0]      
                                                                 batch_normalization_3[0][0]      
==================================================================================================
Total params: 766,002
Trainable params: 764,958
Non-trainable params: 1,044
__________________________________________________________________________________________________
==== Decoder Architecture...
_________________________________________________________________
Layer (type)                 Output Shape              Param #   
=================================================================
Latent_Space (InputLayer)    (None, 5)                 0         
_________________________________________________________________
dense_2 (Dense)              (None, 512)               3072      
_________________________________________________________________
batch_normalization_4 (Batch (None, 512)               2048      
_________________________________________________________________
activation_2 (Activation)    (None, 512)               0         
_________________________________________________________________
dense_3 (Dense)              (None, 1481)              759753    
=================================================================
Total params: 764,873
Trainable params: 763,849
Non-trainable params: 1,024
_________________________________________________________________
Beta 2.50: 24 peaks (target 214, difference -190)
Beta 2.45: 26 peaks (target 214, difference -188)
Beta 2.40: 26 peaks (target 214, difference -188)
Beta 2.35: 26 peaks (target 214, difference -188)
Beta 2.30: 26 peaks (target 214, difference -188)
Beta 2.25: 28 peaks (target 214, difference -186)
Beta 2.20: 29 peaks (target 214, difference -185)
Beta 2.15: 29 peaks (target 214, difference -185)
Beta 2.10: 30 peaks (target 214, difference -184)
Beta 2.05: 31 peaks (target 214, difference -183)
Beta 2.00: 32 peaks (target 214, difference -182)
Beta 1.95: 33 peaks (target 214, difference -181)
Beta 1.90: 34 peaks (target 214, difference -180)
Beta 1.85: 34 peaks (target 214, difference -180)
Beta 1.80: 35 peaks (target 214, difference -179)
Beta 1.75: 37 peaks (target 214, difference -177)
Beta 1.70: 38 peaks (target 214, difference -176)
Beta 1.65: 39 peaks (target 214, difference -175)
Beta 1.60: 39 peaks (target 214, difference -175)
Beta 1.55: 41 peaks (target 214, difference -173)
Beta 1.50: 46 peaks (target 214, difference -168)
Beta 1.45: 49 peaks (target 214, difference -165)
Beta 1.40: 54 peaks (target 214, difference -160)
Beta 1.35: 56 peaks (target 214, difference -158)
Beta 1.30: 57 peaks (target 214, difference -157)
Beta 1.25: 60 peaks (target 214, difference -154)
Beta 1.20: 60 peaks (target 214, difference -154)
Beta 1.15: 61 peaks (target 214, difference -153)
Beta 1.10: 65 peaks (target 214, difference -149)
Beta 1.05: 68 peaks (target 214, difference -146)
Beta 1.00: 75 peaks (target 214, difference -139)
Beta 0.95: 78 peaks (target 214, difference -136)
Beta 0.90: 79 peaks (target 214, difference -135)
Beta 0.85: 83 peaks (target 214, difference -131)
Beta 0.80: 88 peaks (target 214, difference -126)
Beta 0.75: 96 peaks (target 214, difference -118)
Beta 0.70: 103 peaks (target 214, difference -111)
Beta 0.65: 113 peaks (target 214, difference -101)
Beta 0.60: 122 peaks (target 214, difference -92)
Beta 0.55: 135 peaks (target 214, difference -79)
Beta 0.50: 153 peaks (target 214, difference -61)
Beta 0.45: 174 peaks (target 214, difference -40)
Beta 0.40: 194 peaks (target 214, difference -20)
Beta 0.35: 221 peaks (target 214, difference +7)
Beta 0.30: 255 peaks (target 214, difference +41)
Beta 0.25: 285 peaks (target 214, difference +71)
Beta 0.20: 351 peaks (target 214, difference +137)
Beta 0.15: 407 peaks (target 214, difference +193)
Beta 0.10: 459 peaks (target 214, difference +245)
Beta 0.05: 499 peaks (target 214, difference +285)
Beta 0.00: 512 peaks (target 214, difference +298)
{
  "dataset": "200TopL",
  "purpose": "paper-aligned post-training msiPL peak-count tuning",
  "training_reused": true,
  "weights": "/datasets/zsuliman/msi_checkpoints/baselines/msipl/cac/200TopL/msipl_weights.h5",
  "target_peaks": 214,
  "tolerance": 50,
  "tested_beta": {
    "minimum": 0.0,
    "maximum": 2.5,
    "step": 0.05
  },
  "chosen": {
    "beta": 0.35,
    "selected_peaks": 221,
    "target_peaks": 214,
    "difference": 7,
    "absolute_difference": 7,
    "within_tolerance": true
  },
  "status": "within_tolerance"
}
Selected peaks saved to /home-mscluster/zsuliman/msi/results/baselines/msipl/cac/200TopL/learned_peaks.csv
{
  "dataset": "200TopL",
  "method": "legacy msiPL VAE-BN plus LearnPeaks",
  "evaluation": "S3PL-compatible PCC-threshold peak classification",
  "thresholds": [
    0.3,
    0.4,
    0.5,
    0.6
  ],
  "spectral_bins": 1481,
  "class_values": [
    0,
    1,
    2
  ],
  "class_names": {
    "0": "class_0",
    "1": "class_1",
    "2": "class_2"
  },
  "reported_peaks": 221,
  "unique_nearest_bins": 221,
  "threshold_results": {
    "0.3": {
      "class_metrics": {
        "class_0": {
          "true_positive": 21,
          "false_positive": 200,
          "false_negative": 10,
          "true_negative": 1250,
          "recall": 0.6774193548387096,
          "precision": 0.09502262443438914,
          "F1": 0.16666666666666666
        },
        "class_1": {
          "true_positive": 68,
          "false_positive": 153,
          "false_negative": 62,
          "true_negative": 1198,
          "recall": 0.5230769230769231,
          "precision": 0.3076923076923077,
          "F1": 0.38746438746438744
        },
        "class_2": {
          "true_positive": 32,
          "false_positive": 189,
          "false_negative": 21,
          "true_negative": 1239,
          "recall": 0.6037735849056604,
          "precision": 0.14479638009049775,
          "F1": 0.23357664233576642
        }
      },
      "mixed_classes": {
        "true_positive": 108,
        "false_positive": 113,
        "false_negative": 84,
        "true_negative": 1176,
        "recall": 0.5625,
        "precision": 0.48868778280542985,
        "F1": 0.5230024213075061
      },
      "true_bins_mixed": 192
    },
    "0.4": {
      "class_metrics": {
        "class_0": {
          "true_positive": 16,
          "false_positive": 205,
          "false_negative": 7,
          "true_negative": 1253,
          "recall": 0.6956521739130435,
          "precision": 0.07239819004524888,
          "F1": 0.13114754098360656
        },
        "class_1": {
          "true_positive": 51,
          "false_positive": 170,
          "false_negative": 41,
          "true_negative": 1219,
          "recall": 0.5543478260869565,
          "precision": 0.23076923076923078,
          "F1": 0.3258785942492013
        },
        "class_2": {
          "true_positive": 19,
          "false_positive": 202,
          "false_negative": 9,
          "true_negative": 1251,
          "recall": 0.6785714285714286,
          "precision": 0.08597285067873303,
          "F1": 0.15261044176706828
        }
      },
      "mixed_classes": {
        "true_positive": 86,
        "false_positive": 135,
        "false_negative": 57,
        "true_negative": 1203,
        "recall": 0.6013986013986014,
        "precision": 0.3891402714932127,
        "F1": 0.4725274725274725
      },
      "true_bins_mixed": 143
    },
    "0.5": {
      "class_metrics": {
        "class_0": {
          "true_positive": 15,
          "false_positive": 206,
          "false_negative": 4,
          "true_negative": 1256,
          "recall": 0.7894736842105263,
          "precision": 0.06787330316742081,
          "F1": 0.125
        },
        "class_1": {
          "true_positive": 38,
          "false_positive": 183,
          "false_negative": 26,
          "true_negative": 1234,
          "recall": 0.59375,
          "precision": 0.17194570135746606,
          "F1": 0.26666666666666666
        },
        "class_2": {
          "true_positive": 8,
          "false_positive": 213,
          "false_negative": 3,
          "true_negative": 1257,
          "recall": 0.7272727272727273,
          "precision": 0.03619909502262444,
          "F1": 0.06896551724137931
        }
      },
      "mixed_classes": {
        "true_positive": 61,
        "false_positive": 160,
        "false_negative": 33,
        "true_negative": 1227,
        "recall": 0.648936170212766,
        "precision": 0.27601809954751133,
        "F1": 0.3873015873015873
      },
      "true_bins_mixed": 94
    },
    "0.6": {
      "class_metrics": {
        "class_0": {
          "true_positive": 14,
          "false_positive": 207,
          "false_negative": 3,
          "true_negative": 1257,
          "recall": 0.8235294117647058,
          "precision": 0.06334841628959276,
          "F1": 0.11764705882352941
        },
        "class_1": {
          "true_positive": 27,
          "false_positive": 194,
          "false_negative": 9,
          "true_negative": 1251,
          "recall": 0.75,
          "precision": 0.12217194570135746,
          "F1": 0.21011673151750973
        },
        "class_2": {
          "true_positive": 4,
          "false_positive": 217,
          "false_negative": 1,
          "true_negative": 1259,
          "recall": 0.8,
          "precision": 0.01809954751131222,
          "F1": 0.035398230088495575
        }
      },
      "mixed_classes": {
        "true_positive": 45,
        "false_positive": 176,
        "false_negative": 13,
        "true_negative": 1247,
        "recall": 0.7758620689655172,
        "precision": 0.20361990950226244,
        "F1": 0.3225806451612903
      },
      "true_bins_mixed": 58
    }
  },
  "mixed_f1": {
    "0.3": 0.5230024213075061,
    "0.4": 0.4725274725274725,
    "0.5": 0.3873015873015873,
    "0.6": 0.3225806451612903
  },
  "mSCF1": 0.426353031574464,
  "status": "complete"
}
=== 200TopL COMPLETE ===
Target peaks: 214
Fixed-Beta results: /home-mscluster/zsuliman/msi/results/baselines/msipl/cac_fixed_beta/200TopL
Paper-aligned results: /home-mscluster/zsuliman/msi/results/baselines/msipl/cac/200TopL
